location_id,nearest_shelter_id,path,total_cost,path_length_km,num_bridged_edges_used,num_shelter_connector_edges_used
N1,CS_107,"[""N1"", ""N19"", ""N14"", ""N6"", ""N8"", ""N9"", ""N11"", ""N2"", ""N12"", ""N10"", ""N3"", ""N1461"", ""N42"", ""N1473"", ""N1036"", ""N838"", ""N837"", ""N980"", ""N1114"", ""CS_107""]",25.457208163365348,18.125151466516765,2,1
N2,CS_107,"[""N2"", ""N12"", ""N10"", ""N3"", ""N1461"", ""N42"", ""N1473"", ""N1036"", ""N838"", ""N837"", ""N980"", ""N1114"", ""CS_107""]",8.8136931909941,6.320190380968231,2,1
N3,CS_107,"[""N3"", ""N1461"", ""N42"", ""N1473"", ""N1036"", ""N838"", ""N837"", ""N980"", ""N1114"", ""CS_107""]",7.3207153192456635,4.827212509219795,2,1
N4,CS_107,"[""N4"", ""N7"", ""N9"", ""N11"", ""N2"", ""N12"", ""N10"", ""N3"", ""N1461"", ""N42"", ""N1473"", ""N1036"", ""N838"", ""N837"", ""N980"", ""N1114"", ""CS_107""]",11.774725523755587,8.539111414562093,2,1
N5,CS_107,"[""N5"", ""N6"", ""N8"", ""N9"", ""N11"", ""N2"", ""N12"", ""N10"", ""N3"", ""N1461"", ""N42"", ""N1473"", ""N1036"", ""N838"", ""N837"", ""N980"", ""N1114"", ""CS_107""]",11.903932964325218,8.617689484350981,2,1
N6,CS_107,"[""N6"", ""N8"", ""N9"", ""N11"", ""N2"", ""N12"", ""N10"", ""N3"", ""N1461"", ""N42"", ""N1473"", ""N1036"", ""N838"", ""N837"", ""N980"", ""N1114"", ""CS_107""]",11.835427667936882,8.572019286758756,2,1
N7,CS_107,"[""N7"", ""N9"", ""N11"", ""N2"", ""N12"", ""N10"", ""N3"", ""N1461"", ""N42"", ""N1473"", ""N1036"", ""N838"", ""N837"", ""N980"", ""N1114"", ""CS_107""]",9.548391626252712,7.054888816226844,2,1
N8,CS_107,"[""N8"", ""N9"", ""N11"", ""N2"", ""N12"", ""N10"", ""N3"", ""N1461"", ""N42"", ""N1473"", ""N1036"", ""N838"", ""N837"", ""N980"", ""N1114"", ""CS_107""]",10.730199255949447,7.835200345433801,2,1
N9,CS_107,"[""N9"", ""N11"", ""N2"", ""N12"", ""N10"", ""N3"", ""N1461"", ""N42"", ""N1473"", ""N1036"", ""N838"", ""N837"", ""N980"", ""N1114"", ""CS_107""]",9.12427507539434,6.630772265368472,2,1
N10,CS_107,"[""N10"", ""N3"", ""N1461"", ""N42"", ""N1473"", ""N1036"", ""N838"", ""N837"", ""N980"", ""N1114"", ""CS_107""]",8.660652868353516,6.167150058327648,2,1
N11,CS_107,"[""N11"", ""N2"", ""N12"", ""N10"", ""N3"", ""N1461"", ""N42"", ""N1473"", ""N1036"", ""N838"", ""N837"", ""N980"", ""N1114"", ""CS_107""]",9.02835805888836,6.534855248862492,2,1
N12,CS_107,"[""N12"", ""N10"", ""N3"", ""N1461"", ""N42"", ""N1473"", ""N1036"", ""N838"", ""N837"", ""N980"", ""N1114"", ""CS_107""]",8.67177236101773,6.178269550991862,2,1
N13,CS_107,"[""N13"", ""N12"", ""N10"", ""N3"", ""N1461"", ""N42"", ""N1473"", ""N1036"", ""N838"", ""N837"", ""N980"", ""N1114"", ""CS_107""]",9.016632489662841,6.523129679636973,2,1
N14,CS_107,"[""N14"", ""N6"", ""N8"", ""N9"", ""N11"", ""N2"", ""N12"", ""N10"", ""N3"", ""N1461"", ""N42"", ""N1473"", ""N1036"", ""N838"", ""N837"", ""N980"", ""N1114"", ""CS_107""]",12.851194079086186,9.249196894191629,2,1
N15,CS_107,"[""N15"", ""N13"", ""N12"", ""N10"", ""N3"", ""N1461"", ""N42"", ""N1473"", ""N1036"", ""N838"", ""N837"", ""N980"", ""N1114"", ""CS_107""]",9.194544372294168,6.7010415622682995,2,1
N16,CS_107,"[""N16"", ""N15"", ""N13"", ""N12"", ""N10"", ""N3"", ""N1461"", ""N42"", ""N1473"", ""N1036"", ""N838"", ""N837"", ""N980"", ""N1114"", ""CS_107""]",10.053318833677025,7.559816023651159,2,1
N17,CS_107,"[""N17"", ""N11"", ""N2"", ""N12"", ""N10"", ""N3"", ""N1461"", ""N42"", ""N1473"", ""N1036"", ""N838"", ""N837"", ""N980"", ""N1114"", ""CS_107""]",10.787378378100245,8.293875568074377,2,1
N18,CS_107,"[""N18"", ""N15"", ""N13"", ""N12"", ""N10"", ""N3"", ""N1461"", ""N42"", ""N1473"", ""N1036"", ""N838"", ""N837"", ""N980"", ""N1114"", ""CS_107""]",13.787910991551632,11.294408181525764,2,1
N19,CS_107,"[""N19"", ""N14"", ""N6"", ""N8"", ""N9"", ""N11"", ""N2"", ""N12"", ""N10"", ""N3"", ""N1461"", ""N42"", ""N1473"", ""N1036"", ""N838"", ""N837"", ""N980"", ""N1114"", ""CS_107""]",24.04137261494828,16.709315918099687,2,1
N20,CS_107,"[""N20"", ""N1"", ""N19"", ""N14"", ""N6"", ""N8"", ""N9"", ""N11"", ""N2"", ""N12"", ""N10"", ""N3"", ""N1461"", ""N42"", ""N1473"", ""N1036"", ""N838"", ""N837"", ""N980"", ""N1114"", ""CS_107""]",27.159243296087833,19.827186599239248,2,1
N21,CS_107,"[""N21"", ""N1"", ""N19"", ""N14"", ""N6"", ""N8"", ""N9"", ""N11"", ""N2"", ""N12"", ""N10"", ""N3"", ""N1461"", ""N42"", ""N1473"", ""N1036"", ""N838"", ""N837"", ""N980"", ""N1114"", ""CS_107""]",27.169082486184223,19.409041160009753,2,1
N22,CS_107,"[""N22"", ""N21"", ""N1"", ""N19"", ""N14"", ""N6"", ""N8"", ""N9"", ""N11"", ""N2"", ""N12"", ""N10"", ""N3"", ""N1461"", ""N42"", ""N1473"", ""N1036"", ""N838"", ""N837"", ""N980"", ""N1114"", ""CS_107""]",28.446907369738216,20.367397843216708,2,1
N23,CS_107,"[""N23"", ""N22"", ""N21"", ""N1"", ""N19"", ""N14"", ""N6"", ""N8"", ""N9"", ""N11"", ""N2"", ""N12"", ""N10"", ""N3"", ""N1461"", ""N42"", ""N1473"", ""N1036"", ""N838"", ""N837"", ""N980"", ""N1114"", ""CS_107""]",29.417167614514696,21.337658087993187,2,1
N24,CS_107,"[""N24"", ""N23"", ""N22"", ""N21"", ""N1"", ""N19"", ""N14"", ""N6"", ""N8"", ""N9"", ""N11"", ""N2"", ""N12"", ""N10"", ""N3"", ""N1461"", ""N42"", ""N1473"", ""N1036"", ""N838"", ""N837"", ""N980"", ""N1114"", ""CS_107""]",29.857035108179677,21.777525581658168,2,1
N39,CS_107,"[""N39"", ""N41"", ""N42"", ""N1473"", ""N1036"", ""N838"", ""N837"", ""N980"", ""N1114"", ""CS_107""]",4.24528965820508,2.788649228546212,2,1
N40,CS_107,"[""N40"", ""N39"", ""N41"", ""N42"", ""N1473"", ""N1036"", ""N838"", ""N837"", ""N980"", ""N1114"", ""CS_107""]",4.537390390132725,2.9833830498313083,2,1
N41,CS_107,"[""N41"", ""N42"", ""N1473"", ""N1036"", ""N838"", ""N837"", ""N980"", ""N1114"", ""CS_107""]",3.9667099452321013,2.6271537427647753,1,1
N42,CS_107,"[""N42"", ""N1473"", ""N1036"", ""N838"", ""N837"", ""N980"", ""N1114"", ""CS_107""]",3.7675321175830376,2.494368524332066,1,1
N43,CS_77,"[""N43"", ""N58"", ""N48"", ""CS_77""]",1.5310582927436678,1.0207055284957784,0,1
N44,CS_77,"[""N44"", ""N43"", ""N58"", ""N48"", ""CS_77""]",2.091706988732888,1.394471325821925,0,1
N45,CS_78,"[""N45"", ""N63"", ""N62"", ""N649"", ""CS_78""]",6.439178387289851,4.249234285251531,1,1
N46,CS_77,"[""N46"", ""N47"", ""N48"", ""CS_77""]",2.654621045367798,1.7697473635785321,0,1
N47,CS_77,"[""N47"", ""N48"", ""CS_77""]",0.5468222025232975,0.3645481350155316,0,1
N48,CS_77,"[""N48"", ""CS_77""]",0.1374778232246851,0.09165188214979006,0,1
N49,CS_77,"[""N49"", ""N61"", ""N43"", ""N58"", ""N48"", ""CS_77""]",3.57206205776531,2.386826736431385,0,1
N50,CS_77,"[""N50"", ""N49"", ""N61"", ""N43"", ""N58"", ""N48"", ""CS_77""]",3.7379485625912117,2.5290172004316425,0,1
N51,CS_78,"[""N51"", ""N52"", ""N45"", ""N63"", ""N62"", ""N649"", ""CS_78""]",7.693466454980266,5.383807101834895,1,1
N52,CS_78,"[""N52"", ""N45"", ""N63"", ""N62"", ""N649"", ""CS_78""]",7.277256981373512,4.967597628228141,1,1
N53,CS_77,"[""N53"", ""N54"", ""N55"", ""N56"", ""N57"", ""N58"", ""N48"", ""CS_77""]",5.694194870850151,3.796129913900101,0,1
N54,CS_77,"[""N54"", ""N55"", ""N56"", ""N57"", ""N58"", ""N48"", ""CS_77""]",5.258940202104746,3.5059601347364975,0,1
N55,CS_77,"[""N55"", ""N56"", ""N57"", ""N58"", ""N48"", ""CS_77""]",4.235846781142476,2.8238978540949837,0,1
N56,CS_77,"[""N56"", ""N57"", ""N58"", ""N48"", ""CS_77""]",3.905939723221469,2.60395981548098,0,1
N57,CS_77,"[""N57"", ""N58"", ""N48"", ""CS_77""]",2.6732055065430598,1.78213700436204,0,1
N58,CS_77,"[""N58"", ""N48"", ""CS_77""]",0.7782350968621863,0.5188233979081242,0,1
N59,CS_77,"[""N59"", ""N49"", ""N61"", ""N43"", ""N58"", ""N48"", ""CS_77""]",5.683632075309998,4.196769750655605,0,1
N60,CS_77,"[""N60"", ""N48"", ""CS_77""]",0.5239223084309281,0.3492815389539521,0,1
N61,CS_77,"[""N61"", ""N43"", ""N58"", ""N48"", ""CS_77""]",3.5434407336476803,2.3622938224317873,0,1
N62,CS_78,"[""N62"", ""N649"", ""CS_78""]",0.5988197587580857,0.35566186623035434,1,1
N63,CS_78,"[""N63"", ""N62"", ""N649"", ""CS_78""]",1.052240338441542,0.6579422526859918,1,1
N64,CS_77,"[""N64"", ""N57"", ""N58"", ""N48"", ""CS_77""]",2.926191053238091,1.9287952923011884,1,1
N65,CS_77,"[""N65"", ""N64"", ""N57"", ""N58"", ""N48"", ""CS_77""]",4.791977945429576,3.1726532204288453,1,1
N66,CS_77,"[""N66"", ""N54"", ""N55"", ""N56"", ""N57"", ""N58"", ""N48"", ""CS_77""]",5.7437470846693355,3.8291647231128905,0,1
N67,CS_77,"[""N67"", ""N55"", ""N56"", ""N57"", ""N58"", ""N48"", ""CS_77""]",4.676409704086966,3.1176064693913106,0,1
N68,CS_77,"[""N68"", ""N56"", ""N57"", ""N58"", ""N48"", ""CS_77""]",4.566981340247762,3.0446542268318413,0,1
N69,CS_77,"[""N69"", ""N57"", ""N58"", ""N48"", ""CS_77""]",3.180701405856006,2.1204676039040047,0,1
N70,CS_77,"[""N70"", ""N61"", ""N43"", ""N58"", ""N48"", ""CS_77""]",4.285407563913681,2.918761989279202,0,1
N71,CS_78,"[""N71"", ""N51"", ""N52"", ""N45"", ""N63"", ""N62"", ""N649"", ""CS_78""]",8.29983750388906,5.990178150743689,1,1
N72,CS_77,"[""N72"", ""N59"", ""N49"", ""N61"", ""N43"", ""N58"", ""N48"", ""CS_77""]",6.3410982905009465,4.768479502995561,1,1
N73,CS_77,"[""N73"", ""N72"", ""N59"", ""N49"", ""N61"", ""N43"", ""N58"", ""N48"", ""CS_77""]",6.997015553951627,5.424396766446242,1,1
N74,CS_78,"[""N74"", ""N52"", ""N45"", ""N63"", ""N62"", ""N649"", ""CS_78""]",7.758192241766062,5.448532888620691,1,1
N75,CS_78,"[""N75"", ""N74"", ""N52"", ""N45"", ""N63"", ""N62"", ""N649"", ""CS_78""]",8.707094006433758,6.397434653288387,1,1
N76,CS_143,"[""N76"", ""N77"", ""N1486"", ""CS_143""]",4.2703148379455165,2.890130020312534,0,1
N77,CS_143,"[""N77"", ""N1486"", ""CS_143""]",3.7512148997461736,2.500809933164116,0,1
N78,CS_24,"[""N78"", ""N79"", ""N286"", ""N285"", ""N287"", ""N88"", ""N91"", ""CS_24""]",4.600520002510302,3.067013335006868,0,1
N79,CS_24,"[""N79"", ""N286"", ""N285"", ""N287"", ""N88"", ""N91"", ""CS_24""]",3.527346177477592,2.3515641183183944,0,1
N80,CS_32,"[""N80"", ""CS_32""]",0.9775007389206962,0.6516671592804641,0,1
N81,CS_32,"[""N81"", ""N80"", ""CS_32""]",1.9827865639179507,1.3218577092786337,0,1
N82,CS_24,"[""N82"", ""N286"", ""N285"", ""N287"", ""N88"", ""N91"", ""CS_24""]",2.4309212213798492,1.6206141475865659,0,1
N83,CS_24,"[""N83"", ""N85"", ""N86"", ""N87"", ""N88"", ""N91"", ""CS_24""]",2.8889101693198183,1.925940112879879,0,1
N84,CS_24,"[""N84"", ""N287"", ""N88"", ""N91"", ""CS_24""]",1.9938043593249433,1.3292029062166288,0,1
N85,CS_24,"[""N85"", ""N86"", ""N87"", ""N88"", ""N91"", ""CS_24""]",2.4887984204038256,1.6591989469358834,0,1
N86,CS_24,"[""N86"", ""N87"", ""N88"", ""N91"", ""CS_24""]",2.249823992445111,1.4998826616300742,0,1
N87,CS_24,"[""N87"", ""N88"", ""N91"", ""CS_24""]",1.7337975101147578,1.1558650067431722,0,1
N88,CS_24,"[""N88"", ""N91"", ""CS_24""]",0.7778878973469558,0.5185919315646372,0,1
N89,CS_24,"[""N89"", ""N88"", ""N91"", ""CS_24""]",1.7731446834321969,1.1820964556214646,0,1
N90,CS_24,"[""N90"", ""N92"", ""N98"", ""N91"", ""CS_24""]",2.52794665722275,1.6852977714818334,0,1
N91,CS_24,"[""N91"", ""CS_24""]",0.2919430220926767,0.1946286813951178,0,1
N92,CS_24,"[""N92"", ""N98"", ""N91"", ""CS_24""]",2.0875136323848493,1.391675754923233,0,1
N93,CS_24,"[""N93"", ""N92"", ""N98"", ""N91"", ""CS_24""]",2.238431062084138,1.4922873747227587,0,1
N94,CS_24,"[""N94"", ""N93"", ""N92"", ""N98"", ""N91"", ""CS_24""]",2.5124608060884714,1.6749738707256476,0,1
N95,CS_24,"[""N95"", ""N90"", ""N92"", ""N98"", ""N91"", ""CS_24""]",2.9125017182410424,1.941667812160695,0,1
N96,CS_6,"[""N96"", ""N97"", ""N1669"", ""N607"", ""N606"", ""N367"", ""N602"", ""N603"", ""N601"", ""N600"", ""CS_6""]",3.361561824737199,2.180703517615514,4,1
N97,CS_6,"[""N97"", ""N1669"", ""N607"", ""N606"", ""N367"", ""N602"", ""N603"", ""N601"", ""N600"", ""CS_6""]",2.3663999907699034,1.5172622949706498,4,1
N98,CS_24,"[""N98"", ""N91"", ""CS_24""]",1.5096268821822159,1.0064179214548106,0,1
N99,CS_12,"[""N99"", ""N288"", ""N101"", ""N1221"", ""N1219"", ""N630"", ""N1217"", ""N628"", ""N368"", ""N626"", ""N627"", ""N1679"", ""CS_12""]",4.044686282435465,2.6361304839018262,7,1
N100,CS_12,"[""N100"", ""N101"", ""N1221"", ""N1219"", ""N630"", ""N1217"", ""N628"", ""N368"", ""N626"", ""N627"", ""N1679"", ""CS_12""]",2.257212062157202,1.4444810037163185,7,1
N101,CS_12,"[""N101"", ""N1221"", ""N1219"", ""N630"", ""N1217"", ""N628"", ""N368"", ""N626"", ""N627"", ""N1679"", ""CS_12""]",1.6772127146147942,1.05781477202138,7,1
N102,CS_58,"[""N102"", ""N110"", ""N506"", ""N502"", ""N503"", ""CS_58""]",5.474598921339618,3.6259031353240863,2,1
N103,CS_30,"[""N103"", ""CS_30""]",0.4521014409560423,0.30140096063736155,0,1
N104,CS_28,"[""N104"", ""N106"", ""N105"", ""N1235"", ""N1236"", ""CS_28""]",2.4300917682590346,1.6016555773514294,1,1
N105,CS_28,"[""N105"", ""N1235"", ""N1236"", ""CS_28""]",0.8804248180167373,0.5685442771898976,1,1
N106,CS_28,"[""N106"", ""N105"", ""N1235"", ""N1236"", ""CS_28""]",1.0401224798764728,0.675009385096388,1,1
N107,CS_28,"[""N107"", ""N106"", ""N105"", ""N1235"", ""N1236"", ""CS_28""]",1.0629364601167985,0.6902187052566053,1,1
N108,CS_28,"[""N108"", ""N107"", ""N106"", ""N105"", ""N1235"", ""N1236"", ""CS_28""]",1.131445099797955,0.7358911317107095,1,1
N109,CS_28,"[""N109"", ""N108"", ""N107"", ""N106"", ""N105"", ""N1235"", ""N1236"", ""CS_28""]",2.064764887817891,1.358104323724,1,1
N110,CS_58,"[""N110"", ""N506"", ""N502"", ""N503"", ""CS_58""]",0.795027009134252,0.5061885271871758,2,1
N111,CS_44,"[""N111"", ""N291"", ""CS_44""]",1.001986644356308,0.6679910962375386,0,1
N112,CS_34,"[""N112"", ""N292"", ""N114"", ""N113"", ""N1497"", ""CS_34""]",2.118776744543049,1.4125178296953662,0,1
N113,CS_34,"[""N113"", ""N1497"", ""CS_34""]",1.007734318152187,0.6718228787681246,0,1
N114,CS_34,"[""N114"", ""N113"", ""N1497"", ""CS_34""]",1.0967527276016293,0.7311684850677528,0,1
N115,CS_47,"[""N115"", ""N118"", ""N293"", ""CS_47""]",1.512050968721011,1.0080339791473407,0,1
N116,CS_34,"[""N116"", ""N113"", ""N1497"", ""CS_34""]",1.6284539597495915,1.0856359731663945,0,1
N117,CS_44,"[""N117"", ""N111"", ""N291"", ""CS_44""]",2.6044038559472655,1.736269237298177,0,1
N118,CS_47,"[""N118"", ""N293"", ""CS_47""]",0.8682309687066571,0.578820645804438,0,1
N119,CS_44,"[""N119"", ""N117"", ""N111"", ""N291"", ""CS_44""]",2.6729129517418713,1.781941967827914,0,1
N120,CS_19,"[""N120"", ""CS_19""]",0.5148810137685942,0.3432540091790628,0,1
N121,CS_46,"[""N121"", ""N122"", ""N127"", ""N133"", ""N135"", ""N134"", ""CS_46""]",6.31703063607443,4.2113537573829545,0,1
N122,CS_46,"[""N122"", ""N127"", ""N133"", ""N135"", ""N134"", ""CS_46""]",5.02555861014124,3.350372406760827,0,1
N123,CS_42,"[""N123"", ""N294"", ""N1280"", ""N1281"", ""N1282"", ""N1283"", ""N1865"", ""CS_42""]",3.081281389651954,2.0074238827733644,2,1
N124,CS_14,"[""N124"", ""N1501"", ""CS_14""]",1.560886881588691,1.0405912543924605,0,1
N125,CS_42,"[""N125"", ""N126"", ""N294"", ""N1280"", ""N1281"", ""N1282"", ""N1283"", ""N1865"", ""CS_42""]",2.613353547537349,1.6954719880302944,2,1
N126,CS_42,"[""N126"", ""N294"", ""N1280"", ""N1281"", ""N1282"", ""N1283"", ""N1865"", ""CS_42""]",2.194737853806754,1.4163948588765642,2,1
N127,CS_46,"[""N127"", ""N133"", ""N135"", ""N134"", ""CS_46""]",4.9407218147386365,3.2938145431590913,0,1
N128,CS_26,"[""N128"", ""N452"", ""N453"", ""N1592"", ""CS_26""]",2.1682982444881924,1.3880584940309895,1,1
N129,CS_26,"[""N129"", ""N128"", ""N452"", ""N453"", ""N1592"", ""CS_26""]",2.558482124816349,1.6481810809164275,1,1
N130,CS_42,"[""N130"", ""N132"", ""N131"", ""N295"", ""N126"", ""N294"", ""N1280"", ""N1281"", ""N1282"", ""N1283"", ""N1865"", ""CS_42""]",3.871786965242703,2.534427599833863,2,1
N131,CS_42,"[""N131"", ""N295"", ""N126"", ""N294"", ""N1280"", ""N1281"", ""N1282"", ""N1283"", ""N1865"", ""CS_42""]",2.613244923566298,1.6953995720495936,2,1
N132,CS_42,"[""N132"", ""N131"", ""N295"", ""N126"", ""N294"", ""N1280"", ""N1281"", ""N1282"", ""N1283"", ""N1865"", ""CS_42""]",2.797375963071537,1.8181535983864192,2,1
N133,CS_46,"[""N133"", ""N135"", ""N134"", ""CS_46""]",2.735636315960283,1.8237575439735216,0,1
N134,CS_46,"[""N134"", ""CS_46""]",0.6550221038034051,0.4366814025356034,0,1
N135,CS_46,"[""N135"", ""N134"", ""CS_46""]",1.4812564721078134,0.9875043147385422,0,1
N136,CS_46,"[""N136"", ""N135"", ""N134"", ""CS_46""]",2.2014807601197117,1.4676538400798076,0,1
N137,CS_3,"[""N137"", ""N388"", ""N306"", ""N305"", ""N1867"", ""N1866"", ""N1285"", ""CS_3""]",2.8686430562003853,1.8958006800624583,2,1
N138,CS_3,"[""N138"", ""N296"", ""N137"", ""N388"", ""N306"", ""N305"", ""N1867"", ""N1866"", ""N1285"", ""CS_3""]",2.9438648273760126,1.9459485275128765,2,1
N139,CS_3,"[""N139"", ""N413"", ""N306"", ""N305"", ""N1867"", ""N1866"", ""N1285"", ""CS_3""]",2.906851111195969,1.9212727167261807,2,1
N140,CS_3,"[""N140"", ""N139"", ""N413"", ""N306"", ""N305"", ""N1867"", ""N1866"", ""N1285"", ""CS_3""]",2.998121760146003,1.9821198160262032,2,1
N141,CS_45,"[""N141"", ""N143"", ""N146"", ""N301"", ""N150"", ""CS_45""]",2.8231748995299175,1.8821165996866118,0,1
N142,CS_3,"[""N142"", ""N305"", ""N1867"", ""N1866"", ""N1285"", ""CS_3""]",2.8622228437239428,1.8915205384114964,2,1
N143,CS_45,"[""N143"", ""N146"", ""N301"", ""N150"", ""CS_45""]",2.357088660645026,1.5713924404300172,0,1
N144,CS_3,"[""N144"", ""N140"", ""N139"", ""N413"", ""N306"", ""N305"", ""N1867"", ""N1866"", ""N1285"", ""CS_3""]",3.721940075169625,2.4646653593752847,2,1
N145,CS_45,"[""N145"", ""N148"", ""N149"", ""N151"", ""N150"", ""CS_45""]",2.344296647615492,1.5628644317436615,0,1
N146,CS_45,"[""N146"", ""N301"", ""N150"", ""CS_45""]",1.9302743921770178,1.2868495947846785,0,1
N147,CS_45,"[""N147"", ""N304"", ""N303"", ""N301"", ""N150"", ""CS_45""]",2.5335547342609805,1.6890364895073207,0,1
N148,CS_45,"[""N148"", ""N149"", ""N151"", ""N150"", ""CS_45""]",1.979208469494349,1.3194723129962327,0,1
N149,CS_45,"[""N149"", ""N151"", ""N150"", ""CS_45""]",1.3412340593521965,0.8941560395681312,0,1
N150,CS_45,"[""N150"", ""CS_45""]",0.45563465031075234,0.3037564335405016,0,1
N151,CS_45,"[""N151"", ""N150"", ""CS_45""]",1.1721307569965358,0.7814205046643573,0,1
N152,CS_45,"[""N152"", ""N153"", ""N301"", ""N150"", ""CS_45""]",1.7725882140817495,1.1817254760544997,0,1
N153,CS_45,"[""N153"", ""N301"", ""N150"", ""CS_45""]",1.5827713200936002,1.0551808800624,0,1
N154,CS_54,"[""N154"", ""N161"", ""N1298"", ""N1299"", ""CS_54""]",2.000238039010084,1.3068052436120239,1,1
N155,CS_45,"[""N155"", ""N153"", ""N301"", ""N150"", ""CS_45""]",2.2752532530105305,1.5168355020070203,0,1
N156,CS_54,"[""N156"", ""N161"", ""N1298"", ""N1299"", ""CS_54""]",1.0325739803460705,0.6616958711693482,1,1
N157,CS_54,"[""N157"", ""N161"", ""N1298"", ""N1299"", ""CS_54""]",1.355522249934233,0.8769947175614566,1,1
N158,CS_54,"[""N158"", ""N157"", ""N161"", ""N1298"", ""N1299"", ""CS_54""]",1.5760723521814304,1.0240281190595881,1,1
N159,CS_54,"[""N159"", ""N158"", ""N157"", ""N161"", ""N1298"", ""N1299"", ""CS_54""]",1.8737043150177741,1.2224494276171505,1,1
N160,CS_45,"[""N160"", ""N155"", ""N153"", ""N301"", ""N150"", ""CS_45""]",2.5826565548198634,1.7217710365465755,0,1
N161,CS_54,"[""N161"", ""N1298"", ""N1299"", ""CS_54""]",0.9658570243586604,0.6172179005110748,1,1
N162,CS_54,"[""N162"", ""N161"", ""N1298"", ""N1299"", ""CS_54""]",1.7387703734488613,1.1324934665712088,1,1
N163,CS_73,"[""N163"", ""N164"", ""N374"", ""N1548"", ""N373"", ""N1274"", ""N1276"", ""N1277"", ""N1862"", ""CS_73""]",2.9227977211103844,1.8966599132514648,4,1
N164,CS_73,"[""N164"", ""N374"", ""N1548"", ""N373"", ""N1274"", ""N1276"", ""N1277"", ""N1862"", ""CS_73""]",2.4620210100080464,1.5894754391832393,4,1
N165,CS_74,"[""N165"", ""N312"", ""CS_74""]",2.664948757404021,1.776632504936014,0,1
N166,CS_21,"[""N166"", ""N1367"", ""N1393"", ""N1373"", ""N1375"", ""N1376"", ""CS_21""]",1.079004096840199,0.6613669328496548,4,1
N167,CS_38,"[""N167"", ""CS_38""]",0.20916556441984657,0.13944370961323105,0,1
N168,CS_49,"[""N168"", ""N318"", ""N176"", ""N187"", ""CS_49""]",2.892054855285582,1.928036570190388,0,1
N169,CS_36,"[""N169"", ""N1407"", ""CS_36""]",0.7122110651191265,0.4349212693010196,1,1
N170,CS_36,"[""N170"", ""N172"", ""N317"", ""N169"", ""N1407"", ""CS_36""]",2.494388232262816,1.6230393807301453,1,1
N171,CS_75,"[""N171"", ""N1417"", ""N1415"", ""N1416"", ""N1930"", ""CS_75""]",1.361201783833379,0.8657091760658016,2,1
N172,CS_36,"[""N172"", ""N317"", ""N169"", ""N1407"", ""CS_36""]",1.7920134475925396,1.1547895242832948,1,1
N173,CS_27,"[""N173"", ""N321"", ""CS_27""]",0.6417971600334049,0.4278647733556033,0,1
N174,CS_27,"[""N174"", ""N173"", ""N321"", ""CS_27""]",0.7985385822326279,0.5323590548217518,0,1
N175,CS_49,"[""N175"", ""N176"", ""N187"", ""CS_49""]",1.8924757426170693,1.2616504950780463,0,1
N176,CS_49,"[""N176"", ""N187"", ""CS_49""]",0.6911660949716096,0.46077739664773976,0,1
N177,CS_49,"[""N177"", ""N187"", ""CS_49""]",0.7950148603839229,0.5300099069226152,0,1
N178,CS_49,"[""N178"", ""N177"", ""N187"", ""CS_49""]",1.0531498549252887,0.7020999032835258,0,1
N179,CS_66,"[""N179"", ""N180"", ""N194"", ""N392"", ""CS_66""]",1.1190723222204095,0.7460482148136065,0,1
N180,CS_66,"[""N180"", ""N194"", ""N392"", ""CS_66""]",0.8708594980285984,0.5805729986857322,0,1
N181,CS_27,"[""N181"", ""N321"", ""CS_27""]",0.9995130999005659,0.6663420666003772,0,1
N182,CS_66,"[""N182"", ""N180"", ""N194"", ""N392"", ""CS_66""]",1.034550889420351,0.6897005929469008,0,1
N183,CS_66,"[""N183"", ""N194"", ""N392"", ""CS_66""]",0.8818512538420313,0.5879008358946876,0,1
N184,CS_27,"[""N184"", ""N185"", ""N321"", ""CS_27""]",0.9034202135136863,0.6022801423424575,0,1
N185,CS_27,"[""N185"", ""N321"", ""CS_27""]",0.5761218127088096,0.3840812084725397,0,1
N186,CS_27,"[""N186"", ""N181"", ""N321"", ""CS_27""]",1.0451686870758123,0.6967791247172082,0,1
N187,CS_49,"[""N187"", ""CS_49""]",0.24751021521054106,0.1650068101403607,0,1
N188,CS_66,"[""N188"", ""N179"", ""N180"", ""N194"", ""N392"", ""CS_66""]",1.63582276508955,1.0905485100597,0,1
N189,CS_27,"[""N189"", ""N320"", ""N319"", ""N186"", ""N181"", ""N321"", ""CS_27""]",1.8863023196639377,1.2575348797759582,0,1
N190,CS_27,"[""N190"", ""N185"", ""N321"", ""CS_27""]",0.8429896366557975,0.5619930911038651,0,1
N191,CS_1,"[""N191"", ""N192"", ""N379"", ""N1553"", ""CS_1""]",1.9200006648859056,1.2615904999659333,1,1
N192,CS_1,"[""N192"", ""N379"", ""N1553"", ""CS_1""]",1.6123860763408735,1.0565141076025786,1,1
N193,CS_49,"[""N193"", ""N187"", ""CS_49""]",0.9084200912013751,0.6056133941342501,0,1
N194,CS_66,"[""N194"", ""N392"", ""CS_66""]",0.5394808347459875,0.3596538898306584,0,1
N195,CS_64,"[""N195"", ""N196"", ""N199"", ""CS_64""]",0.9952883793719638,0.6635255862479759,0,1
N196,CS_64,"[""N196"", ""N199"", ""CS_64""]",0.6380909119823432,0.42539394132156216,0,1
N197,CS_64,"[""N197"", ""N198"", ""N410"", ""N199"", ""CS_64""]",1.0356639661248046,0.690442644083203,0,1
N198,CS_64,"[""N198"", ""N410"", ""N199"", ""CS_64""]",0.888383665075742,0.5922557767171612,0,1
N199,CS_64,"[""N199"", ""CS_64""]",0.3303274331247382,0.22021828874982546,0,1
N200,CS_64,"[""N200"", ""N198"", ""N410"", ""N199"", ""CS_64""]",1.5265674743851694,1.0177116495901128,0,1
N201,CS_64,"[""N201"", ""N324"", ""N325"", ""N200"", ""N198"", ""N410"", ""N199"", ""CS_64""]",2.0790034360885112,1.386002290725674,0,1
N202,CS_29,"[""N202"", ""N204"", ""N344"", ""CS_29""]",1.7153396815242106,1.143559787682807,0,1
N203,CS_64,"[""N203"", ""N199"", ""CS_64""]",1.4391497517747158,0.9594331678498105,0,1
N204,CS_29,"[""N204"", ""N344"", ""CS_29""]",1.5862604083747582,1.0575069389165055,0,1
N205,CS_49,"[""N205"", ""N193"", ""N187"", ""CS_49""]",1.5566946814703018,1.0377964543135347,0,1
N206,CS_64,"[""N206"", ""N324"", ""N325"", ""N200"", ""N198"", ""N410"", ""N199"", ""CS_64""]",2.4222013838221215,1.614800922548081,0,1
N207,CS_64,"[""N207"", ""N206"", ""N324"", ""N325"", ""N200"", ""N198"", ""N410"", ""N199"", ""CS_64""]",2.8050227743643803,1.8700151829095866,0,1
N208,CS_64,"[""N208"", ""N325"", ""N200"", ""N198"", ""N410"", ""N199"", ""CS_64""]",3.1040704508589387,2.069380300572626,0,1
N209,CS_64,"[""N209"", ""N200"", ""N198"", ""N410"", ""N199"", ""CS_64""]",1.8723015757901704,1.2482010505267802,0,1
N210,CS_64,"[""N210"", ""N208"", ""N325"", ""N200"", ""N198"", ""N410"", ""N199"", ""CS_64""]",3.120749689855261,2.0804997932368408,0,1
N211,CS_57,"[""N211"", ""N331"", ""N345"", ""N346"", ""N347"", ""CS_57""]",2.9125758503038988,1.9417172335359325,0,1
N212,CS_64,"[""N212"", ""N210"", ""N208"", ""N325"", ""N200"", ""N198"", ""N410"", ""N199"", ""CS_64""]",3.3033824539614622,2.2022549693076416,0,1
N213,CS_64,"[""N213"", ""N323"", ""N322"", ""N197"", ""N198"", ""N410"", ""N199"", ""CS_64""]",3.9168529351589623,2.6112352901059745,0,1
N214,CS_64,"[""N214"", ""N213"", ""N323"", ""N322"", ""N197"", ""N198"", ""N410"", ""N199"", ""CS_64""]",4.045939574247725,2.697293049498483,0,1
N215,CS_57,"[""N215"", ""N216"", ""N218"", ""N330"", ""N331"", ""N345"", ""N346"", ""N347"", ""CS_57""]",2.4924828115885327,1.6616552077256888,0,1
N216,CS_57,"[""N216"", ""N218"", ""N330"", ""N331"", ""N345"", ""N346"", ""N347"", ""CS_57""]",2.2343072921414495,1.4895381947609665,0,1
N217,CS_15,"[""N217"", ""N332"", ""N334"", ""N335"", ""N333"", ""N230"", ""N229"", ""N239"", ""N240"", ""CS_15""]",4.445241429603121,2.963494286402081,0,1
N218,CS_57,"[""N218"", ""N330"", ""N331"", ""N345"", ""N346"", ""N347"", ""CS_57""]",2.113461979368663,1.408974652912442,0,1
N219,CS_55,"[""N219"", ""N220"", ""N336"", ""N337"", ""N226"", ""N228"", ""N231"", ""N235"", ""N237"", ""N243"", ""N348"", ""N247"", ""N248"", ""CS_55""]",4.492083236238028,2.9947221574920198,0,1
N220,CS_55,"[""N220"", ""N336"", ""N337"", ""N226"", ""N228"", ""N231"", ""N235"", ""N237"", ""N243"", ""N348"", ""N247"", ""N248"", ""CS_55""]",3.041161397677361,2.0274409317849074,0,1
N221,CS_55,"[""N221"", ""N337"", ""N226"", ""N228"", ""N231"", ""N235"", ""N237"", ""N243"", ""N348"", ""N247"", ""N248"", ""CS_55""]",3.47651025784475,2.317673505229834,0,1
N222,CS_55,"[""N222"", ""N220"", ""N336"", ""N337"", ""N226"", ""N228"", ""N231"", ""N235"", ""N237"", ""N243"", ""N348"", ""N247"", ""N248"", ""CS_55""]",3.3547222274847623,2.236481484989842,0,1
N223,CS_55,"[""N223"", ""N336"", ""N337"", ""N226"", ""N228"", ""N231"", ""N235"", ""N237"", ""N243"", ""N348"", ""N247"", ""N248"", ""CS_55""]",2.8559935541497428,1.903995702766495,0,1
N224,CS_41,"[""N224"", ""N397"", ""CS_41""]",0.7216964831731055,0.4308218249332313,1,1
N225,CS_35,"[""N225"", ""N343"", ""CS_35""]",0.791156569093823,0.5274377127292154,0,1
N226,CS_55,"[""N226"", ""N228"", ""N231"", ""N235"", ""N237"", ""N243"", ""N348"", ""N247"", ""N248"", ""CS_55""]",2.4704811943187677,1.6469874628791785,0,1
N227,CS_41,"[""N227"", ""N224"", ""N397"", ""CS_41""]",1.0374707380294752,0.6413379948374777,1,1
N228,CS_55,"[""N228"", ""N231"", ""N235"", ""N237"", ""N243"", ""N348"", ""N247"", ""N248"", ""CS_55""]",2.447650787291294,1.631767191527529,0,1
N229,CS_15,"[""N229"", ""N239"", ""N240"", ""CS_15""]",1.792415887034457,1.1949439246896383,0,1
N230,CS_15,"[""N230"", ""N229"", ""N239"", ""N240"", ""CS_15""]",1.8090951260313095,1.2060634173542066,0,1
N231,CS_55,"[""N231"", ""N235"", ""N237"", ""N243"", ""N348"", ""N247"", ""N248"", ""CS_55""]",2.2059585430711675,1.4706390287141116,0,1
N232,CS_55,"[""N232"", ""N221"", ""N337"", ""N226"", ""N228"", ""N231"", ""N235"", ""N237"", ""N243"", ""N348"", ""N247"", ""N248"", ""CS_55""]",4.491143575041884,2.99409571669459,0,1
N233,CS_55,"[""N233"", ""N238"", ""N242"", ""N244"", ""N348"", ""N247"", ""N248"", ""CS_55""]",1.8280006693842756,1.2186671129228503,0,1
N234,CS_55,"[""N234"", ""N231"", ""N235"", ""N237"", ""N243"", ""N348"", ""N247"", ""N248"", ""CS_55""]",2.22263778206802,1.48175852137868,0,1
N235,CS_55,"[""N235"", ""N237"", ""N243"", ""N348"", ""N247"", ""N248"", ""CS_55""]",1.638771566178196,1.0925143774521306,0,1
N236,CS_55,"[""N236"", ""N233"", ""N238"", ""N242"", ""N244"", ""N348"", ""N247"", ""N248"", ""CS_55""]",1.9874274046876825,1.3249516031251216,0,1
N237,CS_55,"[""N237"", ""N243"", ""N348"", ""N247"", ""N248"", ""CS_55""]",1.543156017397631,1.0287706782650874,0,1
N238,CS_55,"[""N238"", ""N242"", ""N244"", ""N348"", ""N247"", ""N248"", ""CS_55""]",1.4597350977124426,0.973156731808295,0,1
N239,CS_15,"[""N239"", ""N240"", ""CS_15""]",0.8702157234708457,0.5801438156472305,0,1
N240,CS_15,"[""N240"", ""CS_15""]",0.28908972802408217,0.19272648534938813,0,1
N241,CS_55,"[""N241"", ""N234"", ""N231"", ""N235"", ""N237"", ""N243"", ""N348"", ""N247"", ""N248"", ""CS_55""]",2.6256623891197144,1.750441592746476,0,1
N242,CS_55,"[""N242"", ""N244"", ""N348"", ""N247"", ""N248"", ""CS_55""]",1.4430558587155902,0.9620372391437266,0,1
N243,CS_55,"[""N243"", ""N348"", ""N247"", ""N248"", ""CS_55""]",1.1304544464275046,0.7536362976183364,0,1
N244,CS_55,"[""N244"", ""N348"", ""N247"", ""N248"", ""CS_55""]",1.1847878627059885,0.7898585751373257,0,1
N245,CS_55,"[""N245"", ""N249"", ""N258"", ""N248"", ""CS_55""]",1.0517624751588899,0.70117498343926,0,1
N246,CS_55,"[""N246"", ""N249"", ""N258"", ""N248"", ""CS_55""]",1.088131355724785,0.7254209038165232,0,1
N247,CS_55,"[""N247"", ""N248"", ""CS_55""]",0.6317217335213028,0.4211478223475352,0,1
N248,CS_55,"[""N248"", ""CS_55""]",0.194872089669601,0.12991472644640067,0,1
N249,CS_55,"[""N249"", ""N258"", ""N248"", ""CS_55""]",0.8085787087442771,0.5390524724961847,0,1
N250,CS_15,"[""N250"", ""N240"", ""CS_15""]",0.897374103110888,0.5982494020739253,0,1
N251,CS_55,"[""N251"", ""N246"", ""N249"", ""N258"", ""N248"", ""CS_55""]",1.8605530469236753,1.2403686979491169,0,1
N252,CS_55,"[""N252"", ""N349"", ""N247"", ""N248"", ""CS_55""]",1.2111852064673745,0.8074568043115831,0,1
N253,CS_55,"[""N253"", ""N255"", ""N350"", ""N349"", ""N247"", ""N248"", ""CS_55""]",1.7795910758387905,1.1863940505591937,0,1
N254,CS_157,"[""N254"", ""N353"", ""N354"", ""N355"", ""N269"", ""CS_157""]",1.639257906233948,1.0928386041559655,0,1
N255,CS_55,"[""N255"", ""N350"", ""N349"", ""N247"", ""N248"", ""CS_55""]",1.436192487317698,0.9574616582117987,0,1
N256,CS_55,"[""N256"", ""N255"", ""N350"", ""N349"", ""N247"", ""N248"", ""CS_55""]",1.4730144212924972,0.9820096141949981,0,1
N257,CS_157,"[""N257"", ""N353"", ""N354"", ""N355"", ""N269"", ""CS_157""]",1.6541571406393065,1.102771427092871,0,1
N258,CS_55,"[""N258"", ""N248"", ""CS_55""]",0.4619999853496213,0.3079999902330809,0,1
N259,CS_157,"[""N259"", ""N260"", ""N261"", ""N262"", ""N354"", ""N355"", ""N269"", ""CS_157""]",2.2768662875079073,1.517910858338605,0,1
N260,CS_157,"[""N260"", ""N261"", ""N262"", ""N354"", ""N355"", ""N269"", ""CS_157""]",1.7110665221692174,1.1407110147794783,0,1
N261,CS_157,"[""N261"", ""N262"", ""N354"", ""N355"", ""N269"", ""CS_157""]",1.4610534205161745,0.9740356136774497,0,1
N262,CS_157,"[""N262"", ""N354"", ""N355"", ""N269"", ""CS_157""]",0.9674794399837459,0.6449862933224974,0,1
N263,CS_157,"[""N263"", ""N355"", ""N269"", ""CS_157""]",1.0787211343206944,0.719147422880463,0,1
N264,CS_43,"[""N264"", ""CS_43""]",0.10032042326398916,0.06688028217599278,0,1
N265,CS_23,"[""N265"", ""N267"", ""N268"", ""CS_23""]",1.3570010131593133,0.9046673421062088,0,1
N266,CS_23,"[""N266"", ""N357"", ""N356"", ""N268"", ""CS_23""]",1.3904893621121936,0.9269929080747958,0,1
N267,CS_23,"[""N267"", ""N268"", ""CS_23""]",0.6503822719419516,0.43358818129463444,0,1
N268,CS_23,"[""N268"", ""CS_23""]",0.6150183002537623,0.41001220016917483,0,1
N269,CS_157,"[""N269"", ""CS_157""]",0.3361274048000625,0.224084936533375,0,1
N270,CS_23,"[""N270"", ""N356"", ""N268"", ""CS_23""]",0.9318382616428462,0.6212255077618974,0,1
N271,CS_60,"[""N271"", ""N272"", ""CS_60""]",1.3577259031488942,0.9051506020992629,0,1
N272,CS_60,"[""N272"", ""CS_60""]",0.45941127763145906,0.3062741850876394,0,1
N273,CS_23,"[""N273"", ""N357"", ""N356"", ""N268"", ""CS_23""]",1.7437565519920701,1.1625043679947134,0,1
N274,CS_62,"[""N274"", ""CS_62""]",0.49194626592201246,0.32796417728134164,0,1
N275,CS_62,"[""N275"", ""N278"", ""N277"", ""N276"", ""N274"", ""CS_62""]",1.6697551354863989,1.113170090324266,0,1
N276,CS_62,"[""N276"", ""N274"", ""CS_62""]",1.1848880641525497,0.7899253761016998,0,1
N277,CS_62,"[""N277"", ""N276"", ""N274"", ""CS_62""]",1.2202602512057343,0.8135068341371562,0,1
N278,CS_62,"[""N278"", ""N277"", ""N276"", ""N274"", ""CS_62""]",1.3494141617447146,0.8996094411631431,0,1
N279,CS_10,"[""N279"", ""CS_10""]",0.45444833092501585,0.30296555395001057,0,1
N280,CS_62,"[""N280"", ""N276"", ""N274"", ""CS_62""]",1.2663766794236313,0.8442511196157542,0,1
N281,CS_60,"[""N281"", ""N358"", ""N272"", ""CS_60""]",2.051717981569578,1.367811987713052,0,1
N282,CS_62,"[""N282"", ""N280"", ""N276"", ""N274"", ""CS_62""]",1.5065687652246407,1.0043791768164272,0,1
N283,CS_60,"[""N283"", ""N281"", ""N358"", ""N272"", ""CS_60""]",3.199250899064774,2.1328339327098496,0,1
N284,CS_62,"[""N284"", ""N360"", ""N359"", ""N280"", ""N276"", ""N274"", ""CS_62""]",3.0204265056624138,2.0136176704416093,0,1
N285,CS_24,"[""N285"", ""N287"", ""N88"", ""N91"", ""CS_24""]",1.6417704271394598,1.0945136180929733,0,1
N286,CS_24,"[""N286"", ""N285"", ""N287"", ""N88"", ""N91"", ""CS_24""]",2.030808882903195,1.3538725886021301,0,1
N287,CS_24,"[""N287"", ""N88"", ""N91"", ""CS_24""]",1.3224407853785802,0.8816271902523869,0,1
N288,CS_12,"[""N288"", ""N101"", ""N1221"", ""N1219"", ""N630"", ""N1217"", ""N628"", ""N368"", ""N626"", ""N627"", ""N1679"", ""CS_12""]",3.5015679076570776,2.274051567382902,7,1
N289,CS_12,"[""N289"", ""N101"", ""N1221"", ""N1219"", ""N630"", ""N1217"", ""N628"", ""N368"", ""N626"", ""N627"", ""N1679"", ""CS_12""]",2.4783482370756,1.5919051203285841,7,1
N290,CS_30,"[""N290"", ""N103"", ""CS_30""]",1.5226430193518623,1.0150953462345749,0,1
N291,CS_44,"[""N291"", ""CS_44""]",0.2916413279277319,0.19442755195182126,0,1
N292,CS_34,"[""N292"", ""N114"", ""N113"", ""N1497"", ""CS_34""]",1.3428929043942606,0.8952619362628405,0,1
N293,CS_47,"[""N293"", ""CS_47""]",0.5953402378771429,0.39689349191809525,0,1
N294,CS_42,"[""N294"", ""N1280"", ""N1281"", ""N1282"", ""N1283"", ""N1865"", ""CS_42""]",1.8082825434558747,1.1587579853093113,2,1
N295,CS_42,"[""N295"", ""N126"", ""N294"", ""N1280"", ""N1281"", ""N1282"", ""N1283"", ""N1865"", ""CS_42""]",2.2948132877873384,1.4831118148636209,2,1
N296,CS_3,"[""N296"", ""N137"", ""N388"", ""N306"", ""N305"", ""N1867"", ""N1866"", ""N1285"", ""CS_3""]",2.9210473681016236,1.9307368879966171,2,1
N297,CS_46,"[""N297"", ""N298"", ""N299"", ""N300"", ""N135"", ""N134"", ""CS_46""]",2.8018312746648015,1.867887516443201,0,1
N298,CS_46,"[""N298"", ""N299"", ""N300"", ""N135"", ""N134"", ""CS_46""]",2.717133260531605,1.8114221736877363,0,1
N299,CS_46,"[""N299"", ""N300"", ""N135"", ""N134"", ""CS_46""]",2.15733018341773,1.4382201222784865,0,1
N300,CS_46,"[""N300"", ""N135"", ""N134"", ""CS_46""]",1.7003112205407533,1.1335408136938354,0,1
N301,CS_45,"[""N301"", ""N150"", ""CS_45""]",1.3446349071277002,0.8964232714184668,0,1
N302,CS_45,"[""N302"", ""N303"", ""N301"", ""N150"", ""CS_45""]",2.4885230332010173,1.659015355467345,0,1
N303,CS_45,"[""N303"", ""N301"", ""N150"", ""CS_45""]",1.913784358619004,1.275856239079336,0,1
N304,CS_45,"[""N304"", ""N303"", ""N301"", ""N150"", ""CS_45""]",2.1617983967269754,1.441198931151317,0,1
N305,CS_3,"[""N305"", ""N1867"", ""N1866"", ""N1285"", ""CS_3""]",1.4170503320519392,0.9280721972968277,2,1
N306,CS_3,"[""N306"", ""N305"", ""N1867"", ""N1866"", ""N1285"", ""CS_3""]",1.7927374469141086,1.1785302738716072,2,1
N307,CS_46,"[""N307"", ""N299"", ""N300"", ""N135"", ""N134"", ""CS_46""]",3.42667369274892,2.28444912849928,0,1
N308,CS_46,"[""N308"", ""N134"", ""CS_46""]",2.5500710731070537,1.700047382071369,0,1
N309,CS_73,"[""N309"", ""N164"", ""N374"", ""N1548"", ""N373"", ""N1274"", ""N1276"", ""N1277"", ""N1862"", ""CS_73""]",3.6010642549297316,2.348837602464363,4,1
N310,CS_73,"[""N310"", ""N309"", ""N164"", ""N374"", ""N1548"", ""N373"", ""N1274"", ""N1276"", ""N1277"", ""N1862"", ""CS_73""]",4.040972426217364,2.6421097166561176,4,1
N311,CS_72,"[""N311"", ""N1319"", ""N1318"", ""N1317"", ""N1316"", ""N1313"", ""N1312"", ""N1310"", ""N1309"", ""N1308"", ""N1314"", ""N1307"", ""N1876"", ""CS_72""]",4.543272276515144,2.865958022778646,7,1
N312,CS_74,"[""N312"", ""CS_74""]",1.6696158989523218,1.1130772659682144,0,1
N313,CS_51,"[""N313"", ""N432"", ""N433"", ""N1582"", ""N1583"", ""N435"", ""N434"", ""CS_51""]",2.193435411376089,1.4087454528419985,2,1
N314,,"[""N314"", ""N1537"", ""N316"", ""N1391"", """"]",0.8431993660268589,0.5507197167208208,1,1
N315,,"[""N315"", ""N316"", ""N1391"", """"]",0.4775328267412805,0.3069420238637686,1,1
N316,,"[""N316"", ""N1391"", """"]",0.23313315945084861,0.144008912336814,1,1
N317,CS_36,"[""N317"", ""N169"", ""N1407"", ""CS_36""]",1.6878927808895101,1.0853757464812752,1,1
N318,CS_49,"[""N318"", ""N176"", ""N187"", ""CS_49""]",1.0404714097648806,0.6936476065099203,0,1
N319,CS_27,"[""N319"", ""N186"", ""N181"", ""N321"", ""CS_27""]",1.15562820200745,0.7704188013383,0,1
N320,CS_27,"[""N320"", ""N319"", ""N186"", ""N181"", ""N321"", ""CS_27""]",1.3563849834441275,0.9042566556294183,0,1
N321,CS_27,"[""N321"", ""CS_27""]",0.20785697759372265,0.1385713183958151,0,1
N322,CS_64,"[""N322"", ""N197"", ""N198"", ""N410"", ""N199"", ""CS_64""]",1.2831430159460566,0.8554286772973709,0,1
N323,CS_64,"[""N323"", ""N322"", ""N197"", ""N198"", ""N410"", ""N199"", ""CS_64""]",2.0196730055554113,1.3464486703702738,0,1
N324,CS_64,"[""N324"", ""N325"", ""N200"", ""N198"", ""N410"", ""N199"", ""CS_64""]",2.0293575910093242,1.3529050606728825,0,1
N325,CS_64,"[""N325"", ""N200"", ""N198"", ""N410"", ""N199"", ""CS_64""]",1.7663959540088423,1.1775973026725612,0,1
N326,CS_64,"[""N326"", ""N209"", ""N200"", ""N198"", ""N410"", ""N199"", ""CS_64""]",3.371411437369276,2.2476076249128507,0,1
N327,CS_64,"[""N327"", ""N326"", ""N209"", ""N200"", ""N198"", ""N410"", ""N199"", ""CS_64""]",4.001016275996681,2.667344183997787,0,1
N328,CS_64,"[""N328"", ""N207"", ""N206"", ""N324"", ""N325"", ""N200"", ""N198"", ""N410"", ""N199"", ""CS_64""]",3.055696447478394,2.037130964985596,0,1
N329,CS_57,"[""N329"", ""N216"", ""N218"", ""N330"", ""N331"", ""N345"", ""N346"", ""N347"", ""CS_57""]",2.6524520622084475,1.768301374805632,0,1
N330,CS_57,"[""N330"", ""N331"", ""N345"", ""N346"", ""N347"", ""CS_57""]",1.4480147897484574,0.9653431931656382,0,1
N331,CS_57,"[""N331"", ""N345"", ""N346"", ""N347"", ""CS_57""]",1.3145808777746981,0.8763872518497988,0,1
N332,CS_15,"[""N332"", ""N334"", ""N335"", ""N333"", ""N230"", ""N229"", ""N239"", ""N240"", ""CS_15""]",3.7735438423806937,2.515695894920463,0,1
N333,CS_15,"[""N333"", ""N230"", ""N229"", ""N239"", ""N240"", ""CS_15""]",2.018735034090429,1.3458233560602864,0,1
N334,CS_15,"[""N334"", ""N335"", ""N333"", ""N230"", ""N229"", ""N239"", ""N240"", ""CS_15""]",3.156215150185574,2.1041434334570503,0,1
N335,CS_15,"[""N335"", ""N333"", ""N230"", ""N229"", ""N239"", ""N240"", ""CS_15""]",2.438330521237432,1.6255536808249547,0,1
N336,CS_55,"[""N336"", ""N337"", ""N226"", ""N228"", ""N231"", ""N235"", ""N237"", ""N243"", ""N348"", ""N247"", ""N248"", ""CS_55""]",2.8404043524236338,1.8936029016157558,0,1
N337,CS_55,"[""N337"", ""N226"", ""N228"", ""N231"", ""N235"", ""N237"", ""N243"", ""N348"", ""N247"", ""N248"", ""CS_55""]",2.7060628719867,1.8040419146578,0,1
N338,CS_16,"[""N338"", ""CS_16""]",0.1382009192063776,0.09213394613758506,0,1
N339,CS_2,"[""N339"", ""CS_2""]",3.698991627083933,2.4659944180559554,0,1
N340,CS_46,"[""N340"", ""N308"", ""N134"", ""CS_46""]",3.4965832862784327,2.3310555241856212,0,1
N341,CS_19,"[""N341"", ""N120"", ""CS_19""]",1.4278364903251914,0.9518909935501276,0,1
N342,CS_35,"[""N342"", ""N343"", ""CS_35""]",1.070707384807088,0.7138049232047254,0,1
N343,CS_35,"[""N343"", ""CS_35""]",0.14818532876143556,0.09879021917429037,0,1
N344,CS_29,"[""N344"", ""CS_29""]",0.11703966539005739,0.07802644359337159,0,1
N345,CS_57,"[""N345"", ""N346"", ""N347"", ""CS_57""]",1.2132986298336226,0.808865753222415,0,1
N346,CS_57,"[""N346"", ""N347"", ""CS_57""]",0.5804199875550669,0.38694665837004455,0,1
N347,CS_57,"[""N347"", ""CS_57""]",0.3302833515859628,0.22018890105730854,0,1
N348,CS_55,"[""N348"", ""N247"", ""N248"", ""CS_55""]",0.8496838459195296,0.5664558972796864,0,1
N349,CS_55,"[""N349"", ""N247"", ""N248"", ""CS_55""]",0.8987827168809627,0.5991884779206418,0,1
N350,CS_55,"[""N350"", ""N349"", ""N247"", ""N248"", ""CS_55""]",1.0460704177402,0.6973802784934666,0,1
N351,CS_157,"[""N351"", ""N352"", ""N254"", ""N353"", ""N354"", ""N355"", ""N269"", ""CS_157""]",2.510331368631123,1.6735542457540817,0,1
N352,CS_157,"[""N352"", ""N254"", ""N353"", ""N354"", ""N355"", ""N269"", ""CS_157""]",2.3630443861577226,1.5753629241051483,0,1
N353,CS_157,"[""N353"", ""N354"", ""N355"", ""N269"", ""CS_157""]",1.3891145008921166,0.9260763339280779,0,1
N354,CS_157,"[""N354"", ""N355"", ""N269"", ""CS_157""]",0.7978936361226303,0.5319290907484202,0,1
N355,CS_157,"[""N355"", ""N269"", ""CS_157""]",0.5882517461065738,0.3921678307377159,0,1
N356,CS_23,"[""N356"", ""N268"", ""CS_23""]",0.7291448829731543,0.48609658864876953,0,1
N357,CS_23,"[""N357"", ""N356"", ""N268"", ""CS_23""]",0.8890630547319032,0.5927087031546021,0,1
N358,CS_60,"[""N358"", ""N272"", ""CS_60""]",0.6952649501870243,0.4635099667913496,0,1
N359,CS_62,"[""N359"", ""N280"", ""N276"", ""N274"", ""CS_62""]",1.8956851101536456,1.2637900734357639,0,1
N360,CS_62,"[""N360"", ""N359"", ""N280"", ""N276"", ""N274"", ""CS_62""]",2.3514981859078445,1.5676654572718962,0,1
N366,CS_24,"[""N366"", ""N89"", ""N88"", ""N91"", ""CS_24""]",2.2107210512118405,1.4738140341412271,0,1
N367,CS_6,"[""N367"", ""N602"", ""N603"", ""N601"", ""N600"", ""CS_6""]",1.0392260073192214,0.661200502841903,2,1
N368,CS_12,"[""N368"", ""N626"", ""N627"", ""N1679"", ""CS_12""]",1.0810128439233786,0.712191658577081,1,1
N369,CS_24,"[""N369"", ""N1544"", ""N366"", ""N89"", ""N88"", ""N91"", ""CS_24""]",2.941321804303793,1.948108775868401,1,1
N372,,"[""N372"", ""N315"", ""N316"", ""N1391"", """"]",0.5037832950600878,0.3221596866572802,2,1
N373,CS_73,"[""N373"", ""N1274"", ""N1276"", ""N1277"", ""N1862"", ""CS_73""]",1.2467987980805733,0.8020435648530619,2,1
N374,CS_73,"[""N374"", ""N1548"", ""N373"", ""N1274"", ""N1276"", ""N1277"", ""N1862"", ""CS_73""]",2.29267267779669,1.4913024929737575,3,1
N375,CS_73,"[""N375"", ""N1548"", ""N373"", ""N1274"", ""N1276"", ""N1277"", ""N1862"", ""CS_73""]",2.4125350990803187,1.5607879545874552,3,1
N377,CS_136,"[""N377"", ""N1337"", ""N1336"", ""N1890"", ""N1335"", ""N1424"", ""N1423"", ""N1421"", ""N1422"", ""N1933"", ""N1347"", ""N1346"", ""N1901"", ""N1355"", ""N1356"", ""N1900"", ""CS_136""]",4.460239798246665,2.863567523029529,7,1
N378,CS_1,"[""N378"", ""N379"", ""N1553"", ""CS_1""]",1.9727271910907314,1.3151514607271544,0,1
N379,CS_1,"[""N379"", ""N1553"", ""CS_1""]",1.400671728490497,0.9337811523269981,0,1
N380,CS_3,"[""N380"", ""N138"", ""N296"", ""N137"", ""N388"", ""N306"", ""N305"", ""N1867"", ""N1866"", ""N1285"", ""CS_3""]",3.3363291141783975,2.2075913853811335,2,1
N381,CS_3,"[""N381"", ""N382"", ""N1555"", ""N1554"", ""N380"", ""N138"", ""N296"", ""N137"", ""N388"", ""N306"", ""N305"", ""N1867"", ""N1866"", ""N1285"", ""CS_3""]",5.33484578392946,3.525210433411238,3,1
N382,CS_3,"[""N382"", ""N1555"", ""N1554"", ""N380"", ""N138"", ""N296"", ""N137"", ""N388"", ""N306"", ""N305"", ""N1867"", ""N1866"", ""N1285"", ""CS_3""]",4.507435692961156,2.9736037060990355,3,1
N383,CS_71,"[""N383"", ""N460"", ""N462"", ""N450"", ""N451"", ""N1591"", ""CS_71""]",2.1744386610232134,1.419695308735406,3,1
N384,CS_71,"[""N384"", ""N383"", ""N460"", ""N462"", ""N450"", ""N451"", ""N1591"", ""CS_71""]",3.115442747892505,2.0470313666482673,3,1
N387,CS_57,"[""N387"", ""N346"", ""N347"", ""CS_57""]",1.3777773420466812,0.918518228031121,0,1
N388,CS_3,"[""N388"", ""N306"", ""N305"", ""N1867"", ""N1866"", ""N1285"", ""CS_3""]",2.5425001688504802,1.6783720884958548,2,1
N389,CS_24,"[""N389"", ""N95"", ""N90"", ""N92"", ""N98"", ""N91"", ""CS_24""]",3.85075904263945,2.5671726950929665,0,1
N390,CS_24,"[""N390"", ""N389"", ""N95"", ""N90"", ""N92"", ""N98"", ""N91"", ""CS_24""]",5.8784368893518035,3.918957926234535,0,1
N391,CS_62,"[""N391"", ""N360"", ""N359"", ""N280"", ""N276"", ""N274"", ""CS_62""]",3.630234348867944,2.4201562325786297,0,1
N392,CS_66,"[""N392"", ""CS_66""]",0.33430683582642595,0.222871223884284,0,1
N393,CS_157,"[""N393"", ""N394"", ""N1560"", ""N351"", ""N352"", ""N254"", ""N353"", ""N354"", ""N355"", ""N269"", ""CS_157""]",2.980549202674553,1.9836969539836649,1,1
N394,CS_157,"[""N394"", ""N1560"", ""N351"", ""N352"", ""N254"", ""N353"", ""N354"", ""N355"", ""N269"", ""CS_157""]",2.8315822627612346,1.884385660708119,1,1
N395,CS_62,"[""N395"", ""N396"", ""N1561"", ""N282"", ""N280"", ""N276"", ""N274"", ""CS_62""]",2.766664309638993,1.837592300743058,1,1
N396,CS_62,"[""N396"", ""N1561"", ""N282"", ""N280"", ""N276"", ""N274"", ""CS_62""]",2.0163870242906086,1.337407443844135,1,1
N397,CS_41,"[""N397"", ""CS_41""]",0.1431410989114552,0.09542739927430346,0,1
N398,CS_17,"[""N398"", ""N1562"", ""CS_17""]",0.7246768728678512,0.4831179152452342,0,1
N399,CS_24,"[""N399"", ""N400"", ""N1487"", ""N78"", ""N79"", ""N286"", ""N285"", ""N287"", ""N88"", ""N91"", ""CS_24""]",7.723587296646341,5.121260983977042,1,1
N400,CS_24,"[""N400"", ""N1487"", ""N78"", ""N79"", ""N286"", ""N285"", ""N287"", ""N88"", ""N91"", ""CS_24""]",5.821646325820223,3.85330033675963,1,1
N401,CS_60,"[""N401"", ""N402"", ""N1564"", ""N1444"", ""N419"", ""N281"", ""N358"", ""N272"", ""CS_60""]",21.546663953200454,14.346634875685455,1,1
N402,CS_60,"[""N402"", ""N1564"", ""N1444"", ""N419"", ""N281"", ""N358"", ""N272"", ""CS_60""]",19.669705764085855,13.095329416275723,1,1
N403,CS_12,"[""N403"", ""N404"", ""N289"", ""N101"", ""N1221"", ""N1219"", ""N630"", ""N1217"", ""N628"", ""N368"", ""N626"", ""N627"", ""N1679"", ""CS_12""]",4.827657456351138,3.1581112665122757,7,1
N404,CS_12,"[""N404"", ""N289"", ""N101"", ""N1221"", ""N1219"", ""N630"", ""N1217"", ""N628"", ""N368"", ""N626"", ""N627"", ""N1679"", ""CS_12""]",3.9674650544337857,2.5846496652340414,7,1
N405,CS_28,"[""N405"", ""N406"", ""N104"", ""N106"", ""N105"", ""N1235"", ""N1236"", ""CS_28""]",6.074116802207942,4.108520457325493,1,1
N406,CS_28,"[""N406"", ""N104"", ""N106"", ""N105"", ""N1235"", ""N1236"", ""CS_28""]",5.1438338585874765,3.4108169709037246,1,1
N407,CS_70,"[""N407"", ""N1565"", ""N1849"", ""CS_70""]",1.6320086135492566,1.08333424706972,1,1
N408,CS_73,"[""N408"", ""N310"", ""N309"", ""N164"", ""N374"", ""N1548"", ""N373"", ""N1274"", ""N1276"", ""N1277"", ""N1862"", ""CS_73""]",4.447444862014045,2.9130913405205723,4,1
N409,CS_49,"[""N409"", ""N178"", ""N177"", ""N187"", ""CS_49""]",1.4616114937662286,0.974407662510819,0,1
N410,CS_64,"[""N410"", ""N199"", ""CS_64""]",0.7469668824007203,0.49797792160048016,0,1
N411,,"[""N411"", ""N316"", ""N1391"", """"]",0.6104717001855393,0.39556793949327457,1,1
N412,CS_157,"[""N412"", ""N352"", ""N254"", ""N353"", ""N354"", ""N355"", ""N269"", ""CS_157""]",3.0408500325918233,2.0272333550612154,0,1
N413,CS_3,"[""N413"", ""N306"", ""N305"", ""N1867"", ""N1866"", ""N1285"", ""CS_3""]",2.4718828816992073,1.631293897061673,2,1
N414,CS_27,"[""N414"", ""N186"", ""N181"", ""N321"", ""CS_27""]",1.3999544455567146,0.9333029637044763,0,1
N415,CS_60,"[""N415"", ""N1633"", ""N535"", ""N534"", ""N281"", ""N358"", ""N272"", ""CS_60""]",3.677188121615414,2.430704296224045,2,1
N416,CS_60,"[""N416"", ""N415"", ""N1633"", ""N535"", ""N534"", ""N281"", ""N358"", ""N272"", ""CS_60""]",4.949503666051413,3.2789146591813765,2,1
N417,CS_15,"[""N417"", ""N333"", ""N230"", ""N229"", ""N239"", ""N240"", ""CS_15""]",2.446623599579534,1.6310823997196895,0,1
N418,CS_12,"[""N418"", ""N403"", ""N404"", ""N289"", ""N101"", ""N1221"", ""N1219"", ""N630"", ""N1217"", ""N628"", ""N368"", ""N626"", ""N627"", ""N1679"", ""CS_12""]",5.77509597230576,3.7897369438153574,7,1
N419,CS_60,"[""N419"", ""N281"", ""N358"", ""N272"", ""CS_60""]",2.316690987109172,1.5444606580727813,0,1
N420,CS_46,"[""N420"", ""N297"", ""N298"", ""N299"", ""N300"", ""N135"", ""N134"", ""CS_46""]",3.331727963192534,2.221151975461689,0,1
N421,CS_28,"[""N421"", ""N107"", ""N106"", ""N105"", ""N1235"", ""N1236"", ""CS_28""]",1.4085473420084924,0.9206259598510678,1,1
N422,CS_51,"[""N422"", ""N313"", ""N432"", ""N433"", ""N1582"", ""N1583"", ""N435"", ""N434"", ""CS_51""]",2.4272318228242167,1.5646097271407504,2,1
N424,CS_33,"[""N424"", ""N562"", ""CS_33""]",0.8500819651511637,0.5425554657922405,1,1
N425,CS_102,"[""N425"", ""N582"", ""N583"", ""N1657"", ""CS_102""]",1.1612279252879103,0.7468461757217961,1,1
N426,CS_51,"[""N426"", ""N427"", ""N1579"", ""N435"", ""N434"", ""CS_51""]",1.941132933579593,1.2373792097976273,1,1
N427,CS_51,"[""N427"", ""N1579"", ""N435"", ""N434"", ""CS_51""]",1.6890095822480224,1.0692969755765802,1,1
N428,CS_48,"[""N428"", ""N429"", ""N1580"", ""CS_48""]",1.8826023067986442,1.2550682045324297,0,1
N429,CS_48,"[""N429"", ""N1580"", ""CS_48""]",1.626895011843814,1.0845966745625426,0,1
N430,CS_48,"[""N430"", ""N431"", ""N429"", ""N1580"", ""CS_48""]",2.306675789251207,1.501531337978654,1,1
N431,CS_48,"[""N431"", ""N429"", ""N1580"", ""CS_48""]",2.0437990093485485,1.3262801513768818,1,1
N432,CS_51,"[""N432"", ""N433"", ""N1582"", ""N1583"", ""N435"", ""N434"", ""CS_51""]",1.9166232633241378,1.2482746423770992,1,1
N433,CS_51,"[""N433"", ""N1582"", ""N1583"", ""N435"", ""N434"", ""CS_51""]",1.6070856761644288,1.0419162509372932,1,1
N434,CS_51,"[""N434"", ""CS_51""]",0.16068835373570112,0.10712556915713407,0,1
N435,CS_51,"[""N435"", ""N434"", ""CS_51""]",0.4516985994161791,0.3011323996107861,0,1
N442,CS_26,"[""N442"", ""N129"", ""N128"", ""N452"", ""N453"", ""N1592"", ""CS_26""]",3.0527629677602417,1.9347207000143363,2,1
N443,CS_26,"[""N443"", ""N442"", ""N129"", ""N128"", ""N452"", ""N453"", ""N1592"", ""CS_26""]",3.364136908521386,2.1423033271884324,2,1
N450,CS_71,"[""N450"", ""N451"", ""N1591"", ""CS_71""]",1.8302383103024136,1.2201588735349425,0,1
N451,CS_71,"[""N451"", ""N1591"", ""CS_71""]",1.5500188755624065,1.0333459170416044,0,1
N452,CS_26,"[""N452"", ""N453"", ""N1592"", ""CS_26""]",1.507351051435097,1.0049007009567315,0,1
N453,CS_26,"[""N453"", ""N1592"", ""CS_26""]",1.1530116607393879,0.7686744404929252,0,1
N454,CS_26,"[""N454"", ""N1449"", ""N1450"", ""N453"", ""N1592"", ""CS_26""]",1.7694775863672807,1.1479586697445456,2,1
N455,CS_26,"[""N455"", ""N454"", ""N1449"", ""N1450"", ""N453"", ""N1592"", ""CS_26""]",2.0091481104478044,1.3077390191315614,2,1
N460,CS_71,"[""N460"", ""N462"", ""N450"", ""N451"", ""N1591"", ""CS_71""]",1.9501312779813147,1.2896620432038706,2,1
N461,CS_71,"[""N461"", ""N460"", ""N462"", ""N450"", ""N451"", ""N1591"", ""CS_71""]",2.374268104556828,1.5724199275875461,2,1
N462,CS_71,"[""N462"", ""N450"", ""N451"", ""N1591"", ""CS_71""]",1.8564762496640792,1.2353692731648935,1,1
N463,CS_71,"[""N463"", ""N462"", ""N450"", ""N451"", ""N1591"", ""CS_71""]",2.1828013317335895,1.4529193278779,1,1
N464,CS_26,"[""N464"", ""N442"", ""N129"", ""N128"", ""N452"", ""N453"", ""N1592"", ""CS_26""]",3.2895278601390805,2.0719757100890255,3,1
N465,CS_26,"[""N465"", ""N464"", ""N442"", ""N129"", ""N128"", ""N452"", ""N453"", ""N1592"", ""CS_26""]",3.545087991752669,2.2423491311647514,3,1
N466,CS_19,"[""N466"", ""N341"", ""N120"", ""CS_19""]",1.8213973394574203,1.1800422104383763,1,1
N467,CS_19,"[""N467"", ""N466"", ""N341"", ""N120"", ""CS_19""]",2.106037851908912,1.369802552072704,1,1
N468,CS_13,"[""N468"", ""N469"", ""N1600"", ""N1608"", ""N485"", ""N484"", ""N492"", ""N480"", ""N486"", ""N482"", ""N476"", ""CS_13""]",3.0769650672096533,1.9375949130107566,6,1
N469,CS_13,"[""N469"", ""N1600"", ""N1608"", ""N485"", ""N484"", ""N492"", ""N480"", ""N486"", ""N482"", ""N476"", ""CS_13""]",2.8598856652577207,1.7928753117094682,6,1
N470,CS_4,"[""N470"", ""N471"", ""N472"", ""CS_4""]",1.3533664143009978,0.8637559410387942,1,1
N471,CS_4,"[""N471"", ""N472"", ""CS_4""]",1.0570350301137936,0.6662016849139913,1,1
N472,CS_4,"[""N472"", ""CS_4""]",0.6144191757522767,0.4096127838348511,0,1
N473,CS_4,"[""N473"", ""N472"", ""CS_4""]",1.0093487690259213,0.6728991793506143,0,1
N474,CS_13,"[""N474"", ""N468"", ""N469"", ""N1600"", ""N1608"", ""N485"", ""N484"", ""N492"", ""N480"", ""N486"", ""N482"", ""N476"", ""CS_13""]",3.225222974605098,2.023541525993623,7,1
N475,CS_13,"[""N475"", ""N474"", ""N468"", ""N469"", ""N1600"", ""N1608"", ""N485"", ""N484"", ""N492"", ""N480"", ""N486"", ""N482"", ""N476"", ""CS_13""]",3.5058604073934094,2.210633147852497,7,1
N476,CS_13,"[""N476"", ""CS_13""]",0.13076649241263824,0.0871776616084255,0,1
N477,CS_13,"[""N477"", ""N476"", ""CS_13""]",0.4230982811373417,0.2820655207582278,0,1
N478,CS_16,"[""N478"", ""N338"", ""CS_16""]",0.4456205041135437,0.27034819825768136,1,1
N479,CS_16,"[""N479"", ""N478"", ""N338"", ""CS_16""]",0.6575248226136108,0.41161774392439276,1,1
N480,CS_13,"[""N480"", ""N486"", ""N482"", ""N476"", ""CS_13""]",0.9024974179320052,0.5345579082863194,3,1
N481,CS_13,"[""N481"", ""N480"", ""N486"", ""N482"", ""N476"", ""CS_13""]",1.1448884818677953,0.6961519509101797,3,1
N482,CS_13,"[""N482"", ""N476"", ""CS_13""]",0.5060376702733111,0.3047261705131634,1,1
N483,CS_13,"[""N483"", ""N482"", ""N476"", ""CS_13""]",0.7556513096112921,0.4711352634051507,1,1
N484,CS_13,"[""N484"", ""N492"", ""N480"", ""N486"", ""N482"", ""N476"", ""CS_13""]",1.1878816003682353,0.699998014046453,5,1
N485,CS_13,"[""N485"", ""N484"", ""N492"", ""N480"", ""N486"", ""N482"", ""N476"", ""CS_13""]",1.393211660990649,0.8368847211280621,5,1
N486,CS_13,"[""N486"", ""N482"", ""N476"", ""CS_13""]",0.6278866289542744,0.375363248009374,2,1
N487,CS_13,"[""N487"", ""N486"", ""N482"", ""N476"", ""CS_13""]",0.8332167537872184,0.5122499978980033,2,1
N488,CS_58,"[""N488"", ""N489"", ""N1610"", ""N1618"", ""N1617"", ""N503"", ""CS_58""]",2.041671185464042,1.3149231967923878,2,1
N489,CS_58,"[""N489"", ""N1610"", ""N1618"", ""N1617"", ""N503"", ""CS_58""]",1.8566341224925484,1.191565154811392,2,1
N490,CS_13,"[""N490"", ""N491"", ""N1611"", ""N1600"", ""N1608"", ""N485"", ""N484"", ""N492"", ""N480"", ""N486"", ""N482"", ""N476"", ""CS_13""]",3.460822241270749,2.163747651915445,7,1
N491,CS_13,"[""N491"", ""N1611"", ""N1600"", ""N1608"", ""N485"", ""N484"", ""N492"", ""N480"", ""N486"", ""N482"", ""N476"", ""CS_13""]",3.2312640971108446,2.010708889142175,7,1
N492,CS_13,"[""N492"", ""N480"", ""N486"", ""N482"", ""N476"", ""CS_13""]",1.0568338138473865,0.6240282827300188,4,1
N493,CS_13,"[""N493"", ""N492"", ""N480"", ""N486"", ""N482"", ""N476"", ""CS_13""]",1.3068794529106198,0.790725375438841,4,1
N494,CS_92,"[""N494"", ""N510"", ""N500"", ""N501"", ""N1616"", ""N1620"", ""N509"", ""N508"", ""N1623"", ""N515"", ""N514"", ""N512"", ""N513"", ""N876"", ""N875"", ""CS_92""]",9.751377098602623,6.399081446742608,6,1
N495,CS_92,"[""N495"", ""N494"", ""N510"", ""N500"", ""N501"", ""N1616"", ""N1620"", ""N509"", ""N508"", ""N1623"", ""N515"", ""N514"", ""N512"", ""N513"", ""N876"", ""N875"", ""CS_92""]",10.195040927835773,6.694857332898042,6,1
N496,CS_92,"[""N496"", ""N494"", ""N510"", ""N500"", ""N501"", ""N1616"", ""N1620"", ""N509"", ""N508"", ""N1623"", ""N515"", ""N514"", ""N512"", ""N513"", ""N876"", ""N875"", ""CS_92""]",10.003030802089786,6.544967651662702,7,1
N497,CS_92,"[""N497"", ""N496"", ""N494"", ""N510"", ""N500"", ""N501"", ""N1616"", ""N1620"", ""N509"", ""N508"", ""N1623"", ""N515"", ""N514"", ""N512"", ""N513"", ""N876"", ""N875"", ""CS_92""]",10.348634848466975,6.775370349247495,7,1
N498,CS_92,"[""N498"", ""N509"", ""N508"", ""N1623"", ""N515"", ""N514"", ""N512"", ""N513"", ""N876"", ""N875"", ""CS_92""]",7.966318920774059,5.246972243088017,4,1
N499,CS_92,"[""N499"", ""N498"", ""N509"", ""N508"", ""N1623"", ""N515"", ""N514"", ""N512"", ""N513"", ""N876"", ""N875"", ""CS_92""]",8.317963065154517,5.4814016726749895,4,1
N500,CS_92,"[""N500"", ""N501"", ""N1616"", ""N1620"", ""N509"", ""N508"", ""N1623"", ""N515"", ""N514"", ""N512"", ""N513"", ""N876"", ""N875"", ""CS_92""]",9.606167891602404,6.314902196307697,4,1
N501,CS_92,"[""N501"", ""N1616"", ""N1620"", ""N509"", ""N508"", ""N1623"", ""N515"", ""N514"", ""N512"", ""N513"", ""N876"", ""N875"", ""CS_92""]",9.187675027472336,6.03590695355432,4,1
N502,CS_58,"[""N502"", ""N503"", ""CS_58""]",0.5209880017575075,0.3473253345050049,0,1
N503,CS_58,"[""N503"", ""CS_58""]",0.18922976029437394,0.12615317352958264,0,1
N504,CS_58,"[""N504"", ""N505"", ""N1618"", ""N1617"", ""N503"", ""CS_58""]",1.7663461595270824,1.154161360739443,1,1
N505,CS_58,"[""N505"", ""N1618"", ""N1617"", ""N503"", ""CS_58""]",1.5728897732867966,1.0251904365792526,1,1
N506,CS_58,"[""N506"", ""N502"", ""N503"", ""CS_58""]",0.637458165829984,0.41484427019919434,1,1
N507,CS_58,"[""N507"", ""N506"", ""N502"", ""N503"", ""CS_58""]",1.203202130072549,0.7920069130275711,1,1
N508,CS_92,"[""N508"", ""N1623"", ""N515"", ""N514"", ""N512"", ""N513"", ""N876"", ""N875"", ""CS_92""]",7.298654140107006,4.814423419032831,3,1
N509,CS_92,"[""N509"", ""N508"", ""N1623"", ""N515"", ""N514"", ""N512"", ""N513"", ""N876"", ""N875"", ""CS_92""]",7.821867078961288,5.163232044935686,3,1
N510,CS_92,"[""N510"", ""N500"", ""N501"", ""N1616"", ""N1620"", ""N509"", ""N508"", ""N1623"", ""N515"", ""N514"", ""N512"", ""N513"", ""N876"", ""N875"", ""CS_92""]",9.659859113548123,6.346027542363187,5,1
N511,CS_92,"[""N511"", ""N510"", ""N500"", ""N501"", ""N1616"", ""N1620"", ""N509"", ""N508"", ""N1623"", ""N515"", ""N514"", ""N512"", ""N513"", ""N876"", ""N875"", ""CS_92""]",10.027132237727319,6.5908762918159844,5,1
N512,CS_92,"[""N512"", ""N513"", ""N876"", ""N875"", ""CS_92""]",5.2768347162002325,3.509406222611524,1,1
N513,CS_92,"[""N513"", ""N876"", ""N875"", ""CS_92""]",4.741167020780605,3.1522944256651058,1,1
N514,CS_92,"[""N514"", ""N512"", ""N513"", ""N876"", ""N875"", ""CS_92""]",5.691051847563028,3.7495320958653173,2,1
N515,CS_92,"[""N515"", ""N514"", ""N512"", ""N513"", ""N876"", ""N875"", ""CS_92""]",6.685863560133836,4.412739904245856,2,1
N518,CS_55,"[""N518"", ""N258"", ""N248"", ""CS_55""]",0.6195342549779675,0.3993242045103831,1,1
N519,CS_55,"[""N519"", ""N518"", ""N258"", ""N248"", ""CS_55""]",0.8531892409387842,0.5550941951509276,1,1
N520,CS_55,"[""N520"", ""N246"", ""N249"", ""N258"", ""N248"", ""CS_55""]",1.3593350186715116,0.882640418568249,1,1
N521,CS_55,"[""N521"", ""N520"", ""N246"", ""N249"", ""N258"", ""N248"", ""CS_55""]",1.6820945211577738,1.0978134202257572,1,1
N522,CS_157,"[""N522"", ""N1560"", ""N351"", ""N352"", ""N254"", ""N353"", ""N354"", ""N355"", ""N269"", ""CS_157""]",2.7360920975580094,1.8044300306392334,2,1
N523,CS_157,"[""N523"", ""N522"", ""N1560"", ""N351"", ""N352"", ""N254"", ""N353"", ""N354"", ""N355"", ""N269"", ""CS_157""]",3.032771392124661,2.002216227017001,2,1
N524,CS_55,"[""N524"", ""N241"", ""N234"", ""N231"", ""N235"", ""N237"", ""N243"", ""N348"", ""N247"", ""N248"", ""CS_55""]",2.8207963049879154,1.8635627033947089,1,1
N525,CS_55,"[""N525"", ""N524"", ""N241"", ""N234"", ""N231"", ""N235"", ""N237"", ""N243"", ""N348"", ""N247"", ""N248"", ""CS_55""]",3.1174704957011885,2.061345497203557,1,1
N526,CS_23,"[""N526"", ""N527"", ""N1629"", ""N266"", ""N357"", ""N356"", ""N268"", ""CS_23""]",3.0513404439904686,1.9947404990624962,1,1
N527,CS_23,"[""N527"", ""N1629"", ""N266"", ""N357"", ""N356"", ""N268"", ""CS_23""]",2.6837766498267235,1.7496979696199992,1,1
N528,CS_62,"[""N528"", ""N529"", ""N1630"", ""N395"", ""N396"", ""N1561"", ""N282"", ""N280"", ""N276"", ""N274"", ""CS_62""]",4.163169576159269,2.7531405651709933,2,1
N529,CS_62,"[""N529"", ""N1630"", ""N395"", ""N396"", ""N1561"", ""N282"", ""N280"", ""N276"", ""N274"", ""CS_62""]",3.2091563333253097,2.11713173661502,2,1
N530,CS_11,"[""N530"", ""CS_11""]",0.8807208741353563,0.5871472494235709,0,1
N531,CS_11,"[""N531"", ""N530"", ""CS_11""]",1.573912631607239,1.0492750877381594,0,1
N532,CS_62,"[""N532"", ""N533"", ""N1632"", ""N529"", ""N1630"", ""N395"", ""N396"", ""N1561"", ""N282"", ""N280"", ""N276"", ""N274"", ""CS_62""]",5.8182193605094135,3.8356224869519564,3,1
N533,CS_62,"[""N533"", ""N1632"", ""N529"", ""N1630"", ""N395"", ""N396"", ""N1561"", ""N282"", ""N280"", ""N276"", ""N274"", ""CS_62""]",5.20277867269227,3.4253286950738606,3,1
N534,CS_60,"[""N534"", ""N281"", ""N358"", ""N272"", ""CS_60""]",2.117800886604373,1.4061209181680057,1,1
N535,CS_60,"[""N535"", ""N534"", ""N281"", ""N358"", ""N272"", ""CS_60""]",2.6596781364896347,1.7673724180915138,1,1
N536,CS_55,"[""N536"", ""N350"", ""N349"", ""N247"", ""N248"", ""CS_55""]",1.124861943972694,0.7430565255847674,1,1
N537,CS_55,"[""N537"", ""N536"", ""N350"", ""N349"", ""N247"", ""N248"", ""CS_55""]",1.3453908824976568,0.8900758179347428,1,1
N538,CS_55,"[""N538"", ""N244"", ""N348"", ""N247"", ""N248"", ""CS_55""]",1.2450595468978924,0.8247986819152411,1,1
N539,CS_55,"[""N539"", ""N538"", ""N244"", ""N348"", ""N247"", ""N248"", ""CS_55""]",1.4387166878091973,0.9539034425227775,1,1
N540,CS_55,"[""N540"", ""N544"", ""N244"", ""N348"", ""N247"", ""N248"", ""CS_55""]",1.3576111898836256,0.8900460111823326,2,1
N541,CS_55,"[""N541"", ""N540"", ""N544"", ""N244"", ""N348"", ""N247"", ""N248"", ""CS_55""]",1.5135132454895583,0.9939807149196211,2,1
N542,CS_157,"[""N542"", ""N1569"", ""N412"", ""N352"", ""N254"", ""N353"", ""N354"", ""N355"", ""N269"", ""CS_157""]",4.76363879180936,3.142619607712694,1,1
N543,CS_157,"[""N543"", ""N542"", ""N1569"", ""N412"", ""N352"", ""N254"", ""N353"", ""N354"", ""N355"", ""N269"", ""CS_157""]",5.613573742934948,3.7092429084630862,1,1
N544,CS_55,"[""N544"", ""N244"", ""N348"", ""N247"", ""N248"", ""CS_55""]",1.2525889609411553,0.8291635596214804,1,1
N545,CS_55,"[""N545"", ""N544"", ""N244"", ""N348"", ""N247"", ""N248"", ""CS_55""]",1.4272949668845543,0.9456342302504128,1,1
N546,CS_157,"[""N546"", ""N547"", ""N1639"", ""N352"", ""N254"", ""N353"", ""N354"", ""N355"", ""N269"", ""CS_157""]",3.3928000633902338,2.2595836159333675,1,1
N547,CS_157,"[""N547"", ""N1639"", ""N352"", ""N254"", ""N353"", ""N354"", ""N355"", ""N269"", ""CS_157""]",3.158350678422293,2.1032840259547405,1,1
N548,CS_55,"[""N548"", ""N247"", ""N248"", ""CS_55""]",0.7254217107762824,0.47546664974172625,1,1
N549,CS_55,"[""N549"", ""N548"", ""N247"", ""N248"", ""CS_55""]",0.9443243528901981,0.6214017444843367,1,1
N550,CS_31,"[""N550"", ""N551"", ""N1641"", ""CS_31""]",1.913346780506501,1.2755645203376675,0,1
N551,CS_31,"[""N551"", ""N1641"", ""CS_31""]",1.5859224890615975,1.0572816593743983,0,1
N552,CS_15,"[""N552"", ""N553"", ""N240"", ""CS_15""]",0.9393656363060227,0.5934627674718352,1,1
N553,CS_15,"[""N553"", ""N240"", ""CS_15""]",0.666071113777485,0.4112664191194767,1,1
N554,CS_103,"[""N554"", ""N556"", ""N558"", ""N564"", ""N566"", ""N567"", ""N568"", ""N572"", ""N570"", ""N560"", ""N574"", ""N575"", ""N1653"", ""CS_103""]",2.0765712715506304,1.2762364584357706,9,1
N555,CS_103,"[""N555"", ""N554"", ""N556"", ""N558"", ""N564"", ""N566"", ""N567"", ""N568"", ""N572"", ""N570"", ""N560"", ""N574"", ""N575"", ""N1653"", ""CS_103""]",2.1964061792312704,1.3561263968895305,9,1
N556,CS_103,"[""N556"", ""N558"", ""N564"", ""N566"", ""N567"", ""N568"", ""N572"", ""N570"", ""N560"", ""N574"", ""N575"", ""N1653"", ""CS_103""]",1.9919150137797192,1.2271603669743727,8,1
N557,CS_103,"[""N557"", ""N556"", ""N558"", ""N564"", ""N566"", ""N567"", ""N568"", ""N572"", ""N570"", ""N560"", ""N574"", ""N575"", ""N1653"", ""CS_103""]",2.1057984807612327,1.303082678295382,8,1
N558,CS_103,"[""N558"", ""N564"", ""N566"", ""N567"", ""N568"", ""N572"", ""N570"", ""N560"", ""N574"", ""N575"", ""N1653"", ""CS_103""]",1.8820151461543742,1.163450298785767,7,1
N559,CS_103,"[""N559"", ""N558"", ""N564"", ""N566"", ""N567"", ""N568"", ""N572"", ""N570"", ""N560"", ""N574"", ""N575"", ""N1653"", ""CS_103""]",2.0541055555512693,1.2781772383836971,7,1
N560,CS_103,"[""N560"", ""N574"", ""N575"", ""N1653"", ""CS_103""]",0.816383159914067,0.5361135316216504,1,1
N561,CS_103,"[""N561"", ""N560"", ""N574"", ""N575"", ""N1653"", ""CS_103""]",0.9886102702491956,0.6509316051784028,1,1
N562,CS_33,"[""N562"", ""CS_33""]",0.5721747556030067,0.38144983706867114,0,1
N563,CS_33,"[""N563"", ""N562"", ""CS_33""]",0.712185967033677,0.474790644689118,0,1
N564,CS_103,"[""N564"", ""N566"", ""N567"", ""N568"", ""N572"", ""N570"", ""N560"", ""N574"", ""N575"", ""N1653"", ""CS_103""]",1.6772915014208645,1.0447699250272107,6,1
N565,CS_103,"[""N565"", ""N564"", ""N566"", ""N567"", ""N568"", ""N572"", ""N570"", ""N560"", ""N574"", ""N575"", ""N1653"", ""CS_103""]",1.8595878209575945,1.1663008047183638,6,1
N566,CS_103,"[""N566"", ""N567"", ""N568"", ""N572"", ""N570"", ""N560"", ""N574"", ""N575"", ""N1653"", ""CS_103""]",1.634963280641436,1.0202318260246435,5,1
N567,CS_103,"[""N567"", ""N568"", ""N572"", ""N570"", ""N560"", ""N574"", ""N575"", ""N1653"", ""CS_103""]",1.5248036998561436,0.9467921055011153,5,1
N568,CS_103,"[""N568"", ""N572"", ""N570"", ""N560"", ""N574"", ""N575"", ""N1653"", ""CS_103""]",1.2939360799559791,0.8129558041097155,4,1
N569,CS_103,"[""N569"", ""N568"", ""N572"", ""N570"", ""N560"", ""N574"", ""N575"", ""N1653"", ""CS_103""]",1.566987555906522,0.9949901214100775,4,1
N570,CS_103,"[""N570"", ""N560"", ""N574"", ""N575"", ""N1653"", ""CS_103""]",1.0574232060674527,0.6758468917105697,2,1
N571,CS_103,"[""N571"", ""N570"", ""N560"", ""N574"", ""N575"", ""N1653"", ""CS_103""]",1.2645755517973005,0.8139484555304682,2,1
N572,CS_103,"[""N572"", ""N570"", ""N560"", ""N574"", ""N575"", ""N1653"", ""CS_103""]",1.1963762977796875,0.7563994086451986,3,1
N573,CS_103,"[""N573"", ""N572"", ""N570"", ""N560"", ""N574"", ""N575"", ""N1653"", ""CS_103""]",1.3022779881905158,0.8270005355857507,3,1
N574,CS_103,"[""N574"", ""N575"", ""N1653"", ""CS_103""]",0.7227512142218664,0.48183414281457754,0,1
N575,CS_103,"[""N575"", ""N1653"", ""CS_103""]",0.5788274546343877,0.38588496975625847,0,1
N576,CS_103,"[""N576"", ""N1653"", ""CS_103""]",0.37387665341558723,0.2320283075837707,1,1
N577,CS_103,"[""N577"", ""N576"", ""N1653"", ""CS_103""]",0.5459720611723868,0.34675857942163707,1,1
N578,CS_103,"[""N578"", ""N1653"", ""CS_103""]",0.3805393918591684,0.2358907646525134,1,1
N579,CS_103,"[""N579"", ""N578"", ""N1653"", ""CS_103""]",0.557047669950376,0.3535629500466518,1,1
N580,CS_103,"[""N580"", ""N578"", ""N1653"", ""CS_103""]",0.6096113739044584,0.3686861165628265,2,1
N581,CS_103,"[""N581"", ""N580"", ""N578"", ""N1653"", ""CS_103""]",0.8297943129868115,0.5154747426177285,2,1
N582,CS_102,"[""N582"", ""N583"", ""N1657"", ""CS_102""]",0.8472115188812527,0.5648076792541685,0,1
N583,CS_102,"[""N583"", ""N1657"", ""CS_102""]",0.5627599783410488,0.3751733188940326,0,1
N584,CS_24,"[""N584"", ""N1664"", ""N587"", ""N1659"", ""N1490"", ""N94"", ""N93"", ""N92"", ""N98"", ""N91"", ""CS_24""]",5.517621965757796,3.6001993063418043,3,1
N585,CS_24,"[""N585"", ""N584"", ""N1664"", ""N587"", ""N1659"", ""N1490"", ""N94"", ""N93"", ""N92"", ""N98"", ""N91"", ""CS_24""]",6.1837709158604675,4.044298606410252,3,1
N586,CS_24,"[""N586"", ""N587"", ""N1659"", ""N1490"", ""N94"", ""N93"", ""N92"", ""N98"", ""N91"", ""CS_24""]",5.001414597023108,3.328538857581779,1,1
N587,CS_24,"[""N587"", ""N1659"", ""N1490"", ""N94"", ""N93"", ""N92"", ""N98"", ""N91"", ""CS_24""]",4.684127299532146,3.117013992587805,1,1
N588,CS_24,"[""N588"", ""N93"", ""N92"", ""N98"", ""N91"", ""CS_24""]",2.372698936008191,1.5701238233743835,1,1
N589,CS_24,"[""N589"", ""N588"", ""N93"", ""N92"", ""N98"", ""N91"", ""CS_24""]",2.7617647390983953,1.8295010254345194,1,1
N590,CS_24,"[""N590"", ""N88"", ""N91"", ""CS_24""]",0.835431271885487,0.5519504095579887,1,1
N591,CS_24,"[""N591"", ""N590"", ""N88"", ""N91"", ""CS_24""]",1.1809246016299733,0.7822792960543129,1,1
N592,CS_24,"[""N592"", ""N1439"", ""N1660"", ""N589"", ""N588"", ""N93"", ""N92"", ""N98"", ""N91"", ""CS_24""]",3.149680002385052,2.073317326679181,3,1
N593,CS_24,"[""N593"", ""N592"", ""N1439"", ""N1660"", ""N589"", ""N588"", ""N93"", ""N92"", ""N98"", ""N91"", ""CS_24""]",3.487832672782715,2.2987524402776227,3,1
N594,CS_24,"[""N594"", ""N586"", ""N587"", ""N1659"", ""N1490"", ""N94"", ""N93"", ""N92"", ""N98"", ""N91"", ""CS_24""]",5.163828545784804,3.422691871356675,2,1
N595,CS_24,"[""N595"", ""N594"", ""N586"", ""N587"", ""N1659"", ""N1490"", ""N94"", ""N93"", ""N92"", ""N98"", ""N91"", ""CS_24""]",5.5431137823513,3.6755486957343395,2,1
N596,CS_24,"[""N596"", ""N597"", ""N1664"", ""N587"", ""N1659"", ""N1490"", ""N94"", ""N93"", ""N92"", ""N98"", ""N91"", ""CS_24""]",5.939552412344586,3.9265917194407303,2,1
N597,CS_24,"[""N597"", ""N1664"", ""N587"", ""N1659"", ""N1490"", ""N94"", ""N93"", ""N92"", ""N98"", ""N91"", ""CS_24""]",5.681890480455348,3.7548170981812374,2,1
N598,CS_6,"[""N598"", ""N600"", ""CS_6""]",0.38408613382820667,0.23837969765079295,1,1
N599,CS_6,"[""N599"", ""N598"", ""N600"", ""CS_6""]",0.7097908322623296,0.45551616327354155,1,1
N600,CS_6,"[""N600"", ""CS_6""]",0.18079229746274122,0.12052819830849415,0,1
N601,CS_6,"[""N601"", ""N600"", ""CS_6""]",0.46750849845758635,0.31167233230505753,0,1
N602,CS_6,"[""N602"", ""N603"", ""N601"", ""N600"", ""CS_6""]",0.8556014145958937,0.5547514635820029,1,1
N603,CS_6,"[""N603"", ""N601"", ""N600"", ""CS_6""]",0.6474775124997385,0.41600219551789935,1,1
N604,CS_6,"[""N604"", ""N96"", ""N97"", ""N1669"", ""N607"", ""N606"", ""N367"", ""N602"", ""N603"", ""N601"", ""N600"", ""CS_6""]",3.4664913310936467,2.241532216952585,5,1
N605,CS_6,"[""N605"", ""N604"", ""N96"", ""N97"", ""N1669"", ""N607"", ""N606"", ""N367"", ""N602"", ""N603"", ""N601"", ""N600"", ""CS_6""]",3.6159853277729304,2.3411948814054413,5,1
N606,CS_6,"[""N606"", ""N367"", ""N602"", ""N603"", ""N601"", ""N600"", ""CS_6""]",1.3289097622787402,0.8291331144126385,3,1
N607,CS_6,"[""N607"", ""N606"", ""N367"", ""N602"", ""N603"", ""N601"", ""N600"", ""CS_6""]",1.5715609331802733,0.9909005616803273,3,1
N608,CS_12,"[""N608"", ""N1431"", ""N288"", ""N101"", ""N1221"", ""N1219"", ""N630"", ""N1217"", ""N628"", ""N368"", ""N626"", ""N627"", ""N1679"", ""CS_12""]",3.75361774786468,2.420167416778614,9,1
N609,CS_12,"[""N609"", ""N608"", ""N1431"", ""N288"", ""N101"", ""N1221"", ""N1219"", ""N630"", ""N1217"", ""N628"", ""N368"", ""N626"", ""N627"", ""N1679"", ""CS_12""]",3.938630234371255,2.543509074449664,9,1
N610,CS_12,"[""N610"", ""N288"", ""N101"", ""N1221"", ""N1219"", ""N630"", ""N1217"", ""N628"", ""N368"", ""N626"", ""N627"", ""N1679"", ""CS_12""]",3.6933791561190508,2.3852464940275246,8,1
N611,CS_12,"[""N611"", ""N610"", ""N288"", ""N101"", ""N1221"", ""N1219"", ""N630"", ""N1217"", ""N628"", ""N368"", ""N626"", ""N627"", ""N1679"", ""CS_12""]",3.784623835097609,2.4460762800132296,8,1
N612,CS_12,"[""N612"", ""N614"", ""N615"", ""N1207"", ""N616"", ""N617"", ""N1674"", ""N1678"", ""N625"", ""N624"", ""N622"", ""N623"", ""N1677"", ""N1679"", ""CS_12""]",3.232133551289777,2.1026828464235163,6,1
N613,CS_12,"[""N613"", ""N612"", ""N614"", ""N615"", ""N1207"", ""N616"", ""N617"", ""N1674"", ""N1678"", ""N625"", ""N624"", ""N622"", ""N623"", ""N1677"", ""N1679"", ""CS_12""]",3.334627673239057,2.171012261056369,6,1
N614,CS_12,"[""N614"", ""N615"", ""N1207"", ""N616"", ""N617"", ""N1674"", ""N1678"", ""N625"", ""N624"", ""N622"", ""N623"", ""N1677"", ""N1679"", ""CS_12""]",3.070782532104316,2.0091460237073067,5,1
N615,CS_12,"[""N615"", ""N1207"", ""N616"", ""N617"", ""N1674"", ""N1678"", ""N625"", ""N624"", ""N622"", ""N623"", ""N1677"", ""N1679"", ""CS_12""]",2.9440187733873775,1.9246368512293477,5,1
N616,CS_12,"[""N616"", ""N617"", ""N1674"", ""N1678"", ""N625"", ""N624"", ""N622"", ""N623"", ""N1677"", ""N1679"", ""CS_12""]",2.712467191545926,1.7904040501618392,3,1
N617,CS_12,"[""N617"", ""N1674"", ""N1678"", ""N625"", ""N624"", ""N622"", ""N623"", ""N1677"", ""N1679"", ""CS_12""]",2.562969778537197,1.6907391081560201,3,1
N618,CS_24,"[""N618"", ""N619"", ""N1675"", ""N1662"", ""N593"", ""N592"", ""N1439"", ""N1660"", ""N589"", ""N588"", ""N93"", ""N92"", ""N98"", ""N91"", ""CS_24""]",6.540614282327036,4.3202386484921425,4,1
N619,CS_24,"[""N619"", ""N1675"", ""N1662"", ""N593"", ""N592"", ""N1439"", ""N1660"", ""N589"", ""N588"", ""N93"", ""N92"", ""N98"", ""N91"", ""CS_24""]",6.273981471505246,4.142483441277616,4,1
N620,CS_12,"[""N620"", ""N616"", ""N617"", ""N1674"", ""N1678"", ""N625"", ""N624"", ""N622"", ""N623"", ""N1677"", ""N1679"", ""CS_12""]",2.839460451396341,1.8640233312345438,4,1
N621,CS_12,"[""N621"", ""N620"", ""N616"", ""N617"", ""N1674"", ""N1678"", ""N625"", ""N624"", ""N622"", ""N623"", ""N1677"", ""N1679"", ""CS_12""]",3.052478090910172,2.006035090910431,4,1
N622,CS_12,"[""N622"", ""N623"", ""N1677"", ""N1679"", ""CS_12""]",1.0501762700917865,0.6942247546733409,1,1
N623,CS_12,"[""N623"", ""N1677"", ""N1679"", ""CS_12""]",0.8567337360424041,0.5652630653070859,1,1
N624,CS_12,"[""N624"", ""N622"", ""N623"", ""N1677"", ""N1679"", ""CS_12""]",1.090783719939283,0.7177653053095707,2,1
N625,CS_12,"[""N625"", ""N624"", ""N622"", ""N623"", ""N1677"", ""N1679"", ""CS_12""]",1.240628661792807,0.8176619332119202,2,1
N626,CS_12,"[""N626"", ""N627"", ""N1679"", ""CS_12""]",0.9834517808139078,0.6556345205426053,0,1
N627,CS_12,"[""N627"", ""N1679"", ""CS_12""]",0.7630467549172879,0.5086978366115253,0,1
N628,CS_12,"[""N628"", ""N368"", ""N626"", ""N627"", ""N1679"", ""CS_12""]",1.1334795699690716,0.7426071519369031,2,1
N629,CS_12,"[""N629"", ""N628"", ""N368"", ""N626"", ""N627"", ""N1679"", ""CS_12""]",1.3238948942942808,0.8695507014870425,2,1
N630,CS_12,"[""N630"", ""N1217"", ""N628"", ""N368"", ""N626"", ""N627"", ""N1679"", ""CS_12""]",1.3333789630921198,0.858490858095192,4,1
N631,CS_12,"[""N631"", ""N630"", ""N1217"", ""N628"", ""N368"", ""N626"", ""N627"", ""N1679"", ""CS_12""]",1.5099367862489357,0.976196073533069,4,1
N632,CS_155,"[""N632"", ""CS_155""]",0.5370934018887932,0.35806226792586215,0,1
N633,CS_155,"[""N633"", ""N632"", ""CS_155""]",0.6993211148852077,0.4521073189382764,1,1
N634,CS_155,"[""N634"", ""N1120"", ""N633"", ""N632"", ""CS_155""]",2.929663687679918,1.9390023674680834,1,1
N635,CS_111,"[""N635"", ""N1683"", ""N698"", ""N901"", ""N1126"", ""CS_111""]",4.754204510547226,3.1624143713611614,1,1
N636,CS_78,"[""N636"", ""N637"", ""N1684"", ""N638"", ""N649"", ""CS_78""]",2.6780823368195508,1.7669753745140413,1,1
N637,CS_78,"[""N637"", ""N1684"", ""N638"", ""N649"", ""CS_78""]",1.9163290382871903,1.2591398421591344,1,1
N638,CS_78,"[""N638"", ""N649"", ""CS_78""]",0.8580791183614639,0.5720527455743093,0,1
N639,CS_144,"[""N639"", ""N643"", ""N883"", ""N882"", ""N641"", ""N640"", ""N1099"", ""CS_144""]",3.311392351916136,2.207594901277424,0,1
N640,CS_144,"[""N640"", ""N1099"", ""CS_144""]",1.2705277038332305,0.8470184692221537,0,1
N641,CS_144,"[""N641"", ""N640"", ""N1099"", ""CS_144""]",1.286067731380241,0.8573784875868274,0,1
N642,CS_80,"[""N642"", ""N888"", ""CS_80""]",1.4209463866394536,0.9472975910929691,0,1
N643,CS_144,"[""N643"", ""N883"", ""N882"", ""N641"", ""N640"", ""N1099"", ""CS_144""]",2.3200120084929736,1.5466746723286493,0,1
N644,CS_144,"[""N644"", ""N641"", ""N640"", ""N1099"", ""CS_144""]",1.30886443364126,0.8725762890941735,0,1
N645,CS_150,"[""N645"", ""N651"", ""N1191"", ""N1192"", ""N1819"", ""CS_150""]",2.67554383440104,1.764258263308788,1,1
N646,CS_144,"[""N646"", ""N644"", ""N641"", ""N640"", ""N1099"", ""CS_144""]",1.857145132846971,1.238096755231314,0,1
N647,CS_144,"[""N647"", ""N883"", ""N882"", ""N641"", ""N640"", ""N1099"", ""CS_144""]",2.5877767142850017,1.7251844761900013,0,1
N648,CS_118,"[""N648"", ""N655"", ""N668"", ""CS_118""]",1.204814926560561,0.8032099510403741,0,1
N649,CS_78,"[""N649"", ""CS_78""]",0.09797973659516959,0.06531982439677973,0,1
N650,CS_118,"[""N650"", ""N887"", ""N886"", ""N661"", ""N668"", ""CS_118""]",2.42324387940128,1.6154959196008531,0,1
N651,CS_150,"[""N651"", ""N1191"", ""N1192"", ""N1819"", ""CS_150""]",2.42385390309576,1.5964649757719345,1,1
N652,CS_83,"[""N652"", ""N670"", ""N672"", ""N673"", ""N680"", ""CS_83""]",1.440519160258241,0.9603461068388274,0,1
N653,CS_83,"[""N653"", ""N652"", ""N670"", ""N672"", ""N673"", ""N680"", ""CS_83""]",1.4560602555330224,0.970706837022015,0,1
N654,CS_113,"[""N654"", ""N885"", ""N1013"", ""N1014"", ""N1739"", ""CS_113""]",4.042991505685017,2.759800374059904,0,1
N655,CS_118,"[""N655"", ""N668"", ""CS_118""]",0.6025549879321713,0.40170332528811425,0,1
N656,CS_152,"[""N656"", ""N657"", ""CS_152""]",0.7919195673538455,0.5279463782358971,0,1
N657,CS_152,"[""N657"", ""CS_152""]",0.5271932755652327,0.35146218371015514,0,1
N658,CS_150,"[""N658"", ""N651"", ""N1191"", ""N1192"", ""N1819"", ""CS_150""]",3.259058118166119,2.1532677858188403,1,1
N659,CS_152,"[""N659"", ""N656"", ""N657"", ""CS_152""]",1.0763120633335594,0.7175413755557063,0,1
N660,CS_80,"[""N660"", ""N1716"", ""N1006"", ""N892"", ""N890"", ""N888"", ""CS_80""]",5.226353906457634,3.4651270848423366,1,1
N661,CS_118,"[""N661"", ""N668"", ""CS_118""]",1.5437129386265815,1.0291419590843878,0,1
N662,CS_89,"[""N662"", ""N1092"", ""CS_89""]",0.7200222191679855,0.480014812778657,0,1
N663,CS_152,"[""N663"", ""N1717"", ""N657"", ""CS_152""]",1.0372983934555953,0.6915322623037302,0,1
N664,CS_78,"[""N664"", ""N649"", ""CS_78""]",2.462158201831275,1.6414388012208496,0,1
N665,CS_83,"[""N665"", ""N669"", ""N681"", ""N680"", ""CS_83""]",3.5634830520502003,2.375655368033467,0,1
N666,CS_80,"[""N666"", ""N660"", ""N1716"", ""N1006"", ""N892"", ""N890"", ""N888"", ""CS_80""]",6.687618536229057,4.439303504689952,1,1
N667,CS_76,"[""N667"", ""N686"", ""CS_76""]",2.4827381946510787,1.6551587964340522,0,1
N668,CS_118,"[""N668"", ""CS_118""]",0.0845651571987308,0.056376771465820534,0,1
N669,CS_83,"[""N669"", ""N681"", ""N680"", ""CS_83""]",0.8579469971440793,0.5719646647627196,0,1
N670,CS_83,"[""N670"", ""N672"", ""N673"", ""N680"", ""CS_83""]",0.6385592355378394,0.4257061570252263,0,1
N671,CS_152,"[""N671"", ""N663"", ""N1717"", ""N657"", ""CS_152""]",1.3836713502494806,0.9224475668329871,0,1
N672,CS_83,"[""N672"", ""N673"", ""N680"", ""CS_83""]",0.38490888548062363,0.25660592365374907,0,1
N673,CS_83,"[""N673"", ""N680"", ""CS_83""]",0.25088456707222107,0.16725637804814739,0,1
N674,CS_113,"[""N674"", ""N1013"", ""N1014"", ""N1739"", ""CS_113""]",2.4812149754290287,1.6541433169526858,0,1
N675,CS_118,"[""N675"", ""N661"", ""N668"", ""CS_118""]",2.0776748117308723,1.3851165411539148,0,1
N676,CS_118,"[""N676"", ""N675"", ""N661"", ""N668"", ""CS_118""]",2.0932165410727017,1.3954776940484679,0,1
N677,CS_113,"[""N677"", ""N674"", ""N1013"", ""N1014"", ""N1739"", ""CS_113""]",2.8856447088248864,1.923763139216591,0,1
N678,CS_113,"[""N678"", ""N884"", ""N1014"", ""N1739"", ""CS_113""]",2.338336865902015,1.558891243934677,0,1
N679,CS_113,"[""N679"", ""N674"", ""N1013"", ""N1014"", ""N1739"", ""CS_113""]",2.6088352668491788,1.7392235112327858,0,1
N680,CS_83,"[""N680"", ""CS_83""]",0.03320395662150945,0.022135971081006296,0,1
N681,CS_83,"[""N681"", ""N680"", ""CS_83""]",0.2756890158693336,0.1837926772462224,0,1
N682,CS_118,"[""N682"", ""N676"", ""N675"", ""N661"", ""N668"", ""CS_118""]",2.2504039437277186,1.500269295818479,0,1
N683,CS_113,"[""N683"", ""N674"", ""N1013"", ""N1014"", ""N1739"", ""CS_113""]",2.6684603913308282,1.7789735942205522,0,1
N684,CS_76,"[""N684"", ""N686"", ""CS_76""]",0.6076002528057779,0.405066835203852,0,1
N685,CS_113,"[""N685"", ""N683"", ""N674"", ""N1013"", ""N1014"", ""N1739"", ""CS_113""]",3.4632494495790285,2.308832966386019,0,1
N686,CS_76,"[""N686"", ""CS_76""]",0.10744520339438592,0.07163013559625728,0,1
N687,CS_95,"[""N687"", ""CS_95""]",0.5107743262667742,0.34051621751118283,0,1
N688,CS_83,"[""N688"", ""N1691"", ""N689"", ""N669"", ""N681"", ""N680"", ""CS_83""]",2.109922920754548,1.400724670257954,1,1
N689,CS_83,"[""N689"", ""N669"", ""N681"", ""N680"", ""CS_83""]",1.2705416707873136,0.8470277805248758,0,1
N690,CS_110,"[""N690"", ""N878"", ""N879"", ""CS_110""]",0.60744209454527,0.40496139636351325,0,1
N691,CS_118,"[""N691"", ""N668"", ""CS_118""]",0.8875786475924882,0.5917190983949921,0,1
N692,CS_120,"[""N692"", ""N928"", ""N927"", ""N732"", ""CS_120""]",2.353901576326327,1.5692677175508847,0,1
N693,CS_114,"[""N693"", ""N1775"", ""N1091"", ""N1774"", ""N1090"", ""N1733"", ""N715"", ""N719"", ""N724"", ""CS_114""]",1.777068978872831,1.1765220074990417,3,1
N694,CS_150,"[""N694"", ""N1688"", ""N658"", ""N651"", ""N1191"", ""N1192"", ""N1819"", ""CS_150""]",4.7342171177275665,3.1271526452766265,2,1
N695,CS_89,"[""N695"", ""N1093"", ""N1092"", ""CS_89""]",1.4245444987526676,0.9496963325017784,0,1
N696,CS_111,"[""N696"", ""N901"", ""N1126"", ""CS_111""]",1.0115908142313663,0.6743938761542443,0,1
N697,CS_145,"[""N697"", ""N700"", ""N707"", ""N1001"", ""CS_145""]",2.076910204156041,1.384606802770694,0,1
N698,CS_111,"[""N698"", ""N901"", ""N1126"", ""CS_111""]",1.18935404022004,0.7929026934800265,0,1
N699,CS_95,"[""N699"", ""N687"", ""CS_95""]",1.2114361252268937,0.8076240834845959,0,1
N700,CS_145,"[""N700"", ""N707"", ""N1001"", ""CS_145""]",0.9560165432572606,0.637344362171507,0,1
N701,CS_83,"[""N701"", ""N680"", ""CS_83""]",0.9014342305470353,0.6009561536980236,0,1
N702,CS_83,"[""N702"", ""N701"", ""N680"", ""CS_83""]",1.2687064870515703,0.8458043247010469,0,1
N703,CS_83,"[""N703"", ""N1694"", ""N688"", ""N1691"", ""N689"", ""N669"", ""N681"", ""N680"", ""CS_83""]",3.069692644757031,2.0356192122187746,2,1
N704,CS_76,"[""N704"", ""N686"", ""CS_76""]",0.22419987637076202,0.14946658424717468,0,1
N705,CS_83,"[""N705"", ""N701"", ""N680"", ""CS_83""]",1.2988384438828557,0.8658922959219039,0,1
N706,CS_114,"[""N706"", ""N1165"", ""N1166"", ""N714"", ""N715"", ""N719"", ""N724"", ""CS_114""]",2.839433313572077,1.8929555423813849,0,1
N707,CS_145,"[""N707"", ""N1001"", ""CS_145""]",0.6239710722804186,0.4159807148536124,0,1
N708,CS_114,"[""N708"", ""N905"", ""N724"", ""CS_114""]",1.6392724524688695,1.092848301645913,0,1
N709,CS_115,"[""N709"", ""N710"", ""N711"", ""CS_115""]",0.427254602543061,0.28483640169537405,0,1
N710,CS_115,"[""N710"", ""N711"", ""CS_115""]",0.3777335542583945,0.25182236950559633,0,1
N711,CS_115,"[""N711"", ""CS_115""]",0.09747074376956591,0.06498049584637727,0,1
N712,CS_115,"[""N712"", ""N907"", ""N908"", ""N711"", ""CS_115""]",0.8685066959133131,0.5790044639422087,0,1
N713,CS_112,"[""N713"", ""N717"", ""CS_112""]",0.7039068285021925,0.46927121900146174,0,1
N714,CS_114,"[""N714"", ""N715"", ""N719"", ""N724"", ""CS_114""]",1.4162836014980333,0.9441890676653555,0,1
N715,CS_114,"[""N715"", ""N719"", ""N724"", ""CS_114""]",0.6995663858744554,0.46637759058297024,0,1
N716,CS_145,"[""N716"", ""N707"", ""N1001"", ""CS_145""]",1.0962467718205626,0.7308311812137085,0,1
N717,CS_112,"[""N717"", ""CS_112""]",0.2577975696812682,0.1718650464541788,0,1
N718,CS_119,"[""N718"", ""CS_119""]",0.34204360750934243,0.22802907167289496,0,1
N719,CS_114,"[""N719"", ""N724"", ""CS_114""]",0.6500445917178619,0.43336306114524126,0,1
N720,CS_111,"[""N720"", ""N721"", ""N722"", ""N1126"", ""CS_111""]",1.5189731639650708,1.0126487759767138,0,1
N721,CS_111,"[""N721"", ""N722"", ""N1126"", ""CS_111""]",1.3780959504844872,0.9187306336563248,0,1
N722,CS_111,"[""N722"", ""N1126"", ""CS_111""]",1.051268576055036,0.700845717370024,0,1
N723,CS_156,"[""N723"", ""N726"", ""N755"", ""N906"", ""CS_156""]",1.2355271172851756,0.8236847448567838,0,1
N724,CS_114,"[""N724"", ""CS_114""]",0.2034867157595423,0.13565781050636153,0,1
N725,CS_114,"[""N725"", ""N724"", ""CS_114""]",0.4537018678708928,0.3024679119139285,0,1
N726,CS_156,"[""N726"", ""N755"", ""N906"", ""CS_156""]",1.0023829549653454,0.6682553033102301,0,1
N727,CS_114,"[""N727"", ""N743"", ""N725"", ""N724"", ""CS_114""]",0.9327448891113954,0.6218299260742636,0,1
N728,CS_141,"[""N728"", ""N729"", ""N730"", ""N913"", ""CS_141""]",0.7317501595134531,0.4878334396756354,0,1
N729,CS_141,"[""N729"", ""N730"", ""N913"", ""CS_141""]",0.5269544630016136,0.35130297533440913,0,1
N730,CS_141,"[""N730"", ""N913"", ""CS_141""]",0.4647819260310938,0.30985461735406256,0,1
N731,CS_156,"[""N731"", ""N723"", ""N726"", ""N755"", ""N906"", ""CS_156""]",1.5723550896476306,1.048236726431754,0,1
N732,CS_120,"[""N732"", ""CS_120""]",0.3064007222015039,0.2042671481343359,0,1
N733,CS_120,"[""N733"", ""N732"", ""CS_120""]",0.4627249998142235,0.3084833332094823,0,1
N734,CS_114,"[""N734"", ""N725"", ""N724"", ""CS_114""]",0.4692448542689045,0.3128299028459363,0,1
N735,CS_156,"[""N735"", ""N906"", ""CS_156""]",0.3973331295426156,0.2648887530284104,0,1
N736,CS_156,"[""N736"", ""N737"", ""N738"", ""N735"", ""N906"", ""CS_156""]",1.1849106402072036,0.7899404268048025,0,1
N737,CS_156,"[""N737"", ""N738"", ""N735"", ""N906"", ""CS_156""]",0.9983918888314226,0.6655945925542817,0,1
N738,CS_156,"[""N738"", ""N735"", ""N906"", ""CS_156""]",0.6548178126911233,0.43654520846074885,0,1
N739,CS_120,"[""N739"", ""N732"", ""CS_120""]",0.6248273181451054,0.41655154543007034,0,1
N740,CS_154,"[""N740"", ""N741"", ""N946"", ""CS_154""]",0.739198650275438,0.4927991001836254,0,1
N741,CS_154,"[""N741"", ""N946"", ""CS_154""]",0.7225194112785855,0.4816796075190571,0,1
N742,CS_114,"[""N742"", ""N734"", ""N725"", ""N724"", ""CS_114""]",0.8450871309652581,0.5633914206435053,0,1
N743,CS_114,"[""N743"", ""N725"", ""N724"", ""CS_114""]",0.658013396886058,0.43867559792403865,0,1
N744,CS_142,"[""N744"", ""CS_142""]",0.3014562986177378,0.20097086574515854,0,1
N745,CS_114,"[""N745"", ""N727"", ""N743"", ""N725"", ""N724"", ""CS_114""]",1.5573809782899577,1.0382539855266386,0,1
N746,CS_142,"[""N746"", ""N918"", ""N919"", ""N744"", ""CS_142""]",1.824644050266204,1.2164293668441362,0,1
N747,CS_142,"[""N747"", ""N746"", ""N918"", ""N919"", ""N744"", ""CS_142""]",1.9384487894273896,1.2922991929515932,0,1
N748,CS_114,"[""N748"", ""N734"", ""N725"", ""N724"", ""CS_114""]",0.5897560431171107,0.38269146159851963,1,1
N749,CS_114,"[""N749"", ""N743"", ""N725"", ""N724"", ""CS_114""]",1.2866225753934863,0.8577483835956575,0,1
N750,CS_127,"[""N750"", ""CS_127""]",0.12508978521396025,0.08339319014264016,0,1
N751,CS_114,"[""N751"", ""N742"", ""N734"", ""N725"", ""N724"", ""CS_114""]",1.1277809474531446,0.751853964968763,0,1
N752,CS_114,"[""N752"", ""N749"", ""N743"", ""N725"", ""N724"", ""CS_114""]",2.0991188361757276,1.399412557450485,0,1
N753,CS_114,"[""N753"", ""N751"", ""N742"", ""N734"", ""N725"", ""N724"", ""CS_114""]",2.0188416652484955,1.345894443498997,0,1
N754,CS_138,"[""N754"", ""N772"", ""N774"", ""N778"", ""N775"", ""CS_138""]",1.8690628641518454,1.2460419094345636,0,1
N755,CS_156,"[""N755"", ""N906"", ""CS_156""]",0.41850493423130447,0.2790032894875363,0,1
N756,CS_156,"[""N756"", ""N735"", ""N906"", ""CS_156""]",0.881031060446034,0.5873540402973559,0,1
N757,CS_156,"[""N757"", ""N759"", ""N756"", ""N735"", ""N906"", ""CS_156""]",2.0704523148485454,1.3803015432323638,0,1
N758,CS_127,"[""N758"", ""N750"", ""CS_127""]",0.7982758281960256,0.5321838854640171,0,1
N759,CS_156,"[""N759"", ""N756"", ""N735"", ""N906"", ""CS_156""]",1.7264426386496923,1.150961759099795,0,1
N760,CS_154,"[""N760"", ""N946"", ""CS_154""]",0.955595020783311,0.637063347188874,0,1
N761,CS_154,"[""N761"", ""N760"", ""N946"", ""CS_154""]",2.0982599089304896,1.3988399392869932,0,1
N762,CS_149,"[""N762"", ""N763"", ""N1701"", ""CS_149""]",2.5178344607851284,1.6785563071900858,0,1
N763,CS_149,"[""N763"", ""N1701"", ""CS_149""]",0.7827463786672909,0.5218309191115273,0,1
N764,CS_127,"[""N764"", ""N758"", ""N750"", ""CS_127""]",1.2516406385446905,0.834427092363127,0,1
N765,CS_114,"[""N765"", ""N1697"", ""N748"", ""N734"", ""N725"", ""N724"", ""CS_114""]",1.992536155465227,1.3076355323054483,2,1
N766,CS_151,"[""N766"", ""N767"", ""N768"", ""N779"", ""N787"", ""CS_151""]",1.5555007851923697,1.0370005234615798,0,1
N767,CS_151,"[""N767"", ""N768"", ""N779"", ""N787"", ""CS_151""]",1.3858357732240094,0.9238905154826729,0,1
N768,CS_151,"[""N768"", ""N779"", ""N787"", ""CS_151""]",1.2650128459565353,0.8433418973043567,0,1
N769,CS_138,"[""N769"", ""N775"", ""CS_138""]",1.0889749264011643,0.7259832842674429,0,1
N770,CS_138,"[""N770"", ""N773"", ""N777"", ""N781"", ""N780"", ""N778"", ""N775"", ""CS_138""]",3.8467245469213953,2.5644830312809295,0,1
N771,CS_149,"[""N771"", ""N1701"", ""CS_149""]",0.4454918441554076,0.2969945627702717,0,1
N772,CS_138,"[""N772"", ""N774"", ""N778"", ""N775"", ""CS_138""]",0.8983646998084618,0.5989097998723079,0,1
N773,CS_138,"[""N773"", ""N777"", ""N781"", ""N780"", ""N778"", ""N775"", ""CS_138""]",2.747716925427252,1.8318112836181681,0,1
N774,CS_138,"[""N774"", ""N778"", ""N775"", ""CS_138""]",0.7935714471818458,0.5290476314545638,0,1
N775,CS_138,"[""N775"", ""CS_138""]",0.2474286432822596,0.16495242885483974,0,1
N776,CS_154,"[""N776"", ""N948"", ""N760"", ""N946"", ""CS_154""]",2.1298788747758,1.4199192498505333,0,1
N777,CS_138,"[""N777"", ""N781"", ""N780"", ""N778"", ""N775"", ""CS_138""]",2.355828506138636,1.5705523374257573,0,1
N778,CS_138,"[""N778"", ""N775"", ""CS_138""]",0.3725436090329495,0.24836240602196635,0,1
N779,CS_151,"[""N779"", ""N787"", ""CS_151""]",0.8104011254135554,0.5402674169423702,0,1
N780,CS_138,"[""N780"", ""N778"", ""N775"", ""CS_138""]",0.7709022038617344,0.5139348025744895,0,1
N781,CS_138,"[""N781"", ""N780"", ""N778"", ""N775"", ""CS_138""]",1.00644834496721,0.6709655633114733,0,1
N782,CS_138,"[""N782"", ""N780"", ""N778"", ""N775"", ""CS_138""]",0.8855766799744893,0.5903844533163263,0,1
N783,CS_138,"[""N783"", ""N782"", ""N780"", ""N778"", ""N775"", ""CS_138""]",1.0226730568572744,0.6817820379048495,0,1
N784,CS_131,"[""N784"", ""N785"", ""N801"", ""CS_131""]",0.7643127053915753,0.5095418035943835,0,1
N785,CS_131,"[""N785"", ""N801"", ""CS_131""]",0.5922989057350543,0.39486593715670293,0,1
N786,CS_133,"[""N786"", ""N792"", ""N1728"", ""N987"", ""CS_133""]",1.479040689561859,0.982918051993311,1,1
N787,CS_151,"[""N787"", ""CS_151""]",0.22642082709977093,0.15094721806651396,0,1
N788,CS_122,"[""N788"", ""N1706"", ""CS_122""]",0.6088522303456031,0.39080989490755147,1,1
N789,CS_131,"[""N789"", ""N784"", ""N785"", ""N801"", ""CS_131""]",0.9239398404077952,0.6159598936051968,0,1
N790,CS_133,"[""N790"", ""N793"", ""N792"", ""N1728"", ""N987"", ""CS_133""]",1.0976698583978952,0.7286708312173352,1,1
N791,CS_93,"[""N791"", ""N958"", ""N1199"", ""N1200"", ""N1823"", ""CS_93""]",4.0397003517497225,2.649657296394322,1,1
N792,CS_133,"[""N792"", ""N1728"", ""N987"", ""CS_133""]",0.8578745811525107,0.5688073130537454,1,1
N793,CS_133,"[""N793"", ""N792"", ""N1728"", ""N987"", ""CS_133""]",0.9725516832994101,0.6452587144850117,1,1
N794,CS_87,"[""N794"", ""N954"", ""N953"", ""CS_87""]",2.8459190352607378,1.8972793568404918,0,1
N795,CS_137,"[""N795"", ""N934"", ""N935"", ""CS_137""]",2.149118313540526,1.4327455423603508,0,1
N796,CS_131,"[""N796"", ""N799"", ""N805"", ""N806"", ""N804"", ""N801"", ""CS_131""]",3.6980037312817085,2.465335820854472,0,1
N797,CS_133,"[""N797"", ""N792"", ""N1728"", ""N987"", ""CS_133""]",1.0512112324662848,0.6976984139295948,1,1
N798,CS_122,"[""N798"", ""N1706"", ""CS_122""]",1.0524307653438632,0.7016205102292421,0,1
N799,CS_131,"[""N799"", ""N805"", ""N806"", ""N804"", ""N801"", ""CS_131""]",1.9783621305496721,1.3189080870331147,0,1
N800,CS_122,"[""N800"", ""N798"", ""N1706"", ""CS_122""]",2.022606678763889,1.3484044525092593,0,1
N801,CS_131,"[""N801"", ""CS_131""]",0.14399064213151214,0.0959937614210081,0,1
N802,CS_135,"[""N802"", ""N810"", ""CS_135""]",1.1068542841750966,0.737902856116731,0,1
N803,CS_135,"[""N803"", ""N802"", ""N810"", ""CS_135""]",1.5059314091551945,1.0039542727701296,0,1
N804,CS_131,"[""N804"", ""N801"", ""CS_131""]",1.2812551038652926,0.8541700692435285,0,1
N805,CS_131,"[""N805"", ""N806"", ""N804"", ""N801"", ""CS_131""]",1.613554009581895,1.0757026730545967,0,1
N806,CS_131,"[""N806"", ""N804"", ""N801"", ""CS_131""]",1.3268563635179502,0.8845709090119669,0,1
N807,CS_123,"[""N807"", ""CS_123""]",0.6642971840356892,0.4428647893571261,0,1
N808,CS_129,"[""N808"", ""N945"", ""N1020"", ""N1021"", ""N1743"", ""CS_129""]",3.827098063845795,2.5478704524771167,1,1
N809,CS_123,"[""N809"", ""N807"", ""CS_123""]",0.6995803278718248,0.4663868852478832,0,1
N810,CS_135,"[""N810"", ""CS_135""]",0.4438157945671236,0.2958771963780824,0,1
N811,CS_122,"[""N811"", ""N1708"", ""N800"", ""N798"", ""N1706"", ""CS_122""]",4.2052104710326885,2.7935675384448793,1,1
N812,CS_135,"[""N812"", ""N810"", ""CS_135""]",0.7964814365419115,0.5309876243612743,0,1
N813,CS_134,"[""N813"", ""N942"", ""N1108"", ""CS_134""]",1.3404428116343723,0.8936285410895815,0,1
N814,CS_123,"[""N814"", ""N809"", ""N807"", ""CS_123""]",1.2190753547756303,0.8127169031837536,0,1
N815,CS_135,"[""N815"", ""N812"", ""N810"", ""CS_135""]",0.819282371994214,0.5461882479961426,0,1
N816,CS_135,"[""N816"", ""N938"", ""N819"", ""N817"", ""N818"", ""N815"", ""N812"", ""N810"", ""CS_135""]",2.666913072879976,1.7748327295094068,1,1
N817,CS_135,"[""N817"", ""N818"", ""N815"", ""N812"", ""N810"", ""CS_135""]",1.2637201415907708,0.8424800943938472,0,1
N818,CS_135,"[""N818"", ""N815"", ""N812"", ""N810"", ""CS_135""]",1.2063789910748577,0.8042526607165719,0,1
N819,CS_135,"[""N819"", ""N817"", ""N818"", ""N815"", ""N812"", ""N810"", ""CS_135""]",1.6724168422947012,1.1149445615298008,0,1
N820,CS_135,"[""N820"", ""N817"", ""N818"", ""N815"", ""N812"", ""N810"", ""CS_135""]",1.7129527991181606,1.1419685327454405,0,1
N821,CS_134,"[""N821"", ""N941"", ""N942"", ""N1108"", ""CS_134""]",1.6013186986575054,1.0675457991050035,0,1
N822,CS_88,"[""N822"", ""CS_88""]",1.505405910285802,1.0036039401905346,0,1
N823,CS_88,"[""N823"", ""N1711"", ""N822"", ""CS_88""]",2.8654936846542522,1.9103291231028348,0,1
N824,CS_91,"[""N824"", ""N964"", ""N963"", ""N826"", ""N829"", ""N1194"", ""N1820"", ""CS_91""]",3.4217411463886784,2.256015104879977,1,1
N825,CS_137,"[""N825"", ""N935"", ""CS_137""]",3.8412159686221155,2.5608106457480773,0,1
N826,CS_91,"[""N826"", ""N829"", ""N1194"", ""N1820"", ""CS_91""]",2.8492234234117912,1.8743366228953853,1,1
N827,CS_137,"[""N827"", ""N825"", ""N935"", ""CS_137""]",5.180034464208525,3.4533563094723494,0,1
N828,CS_135,"[""N828"", ""N937"", ""N936"", ""N820"", ""N817"", ""N818"", ""N815"", ""N812"", ""N810"", ""CS_135""]",3.2061036990836045,2.137402466055736,0,1
N829,CS_91,"[""N829"", ""N1194"", ""N1820"", ""CS_91""]",1.7474058045827694,1.1397915436760373,1,1
N830,CS_91,"[""N830"", ""N829"", ""N1194"", ""N1820"", ""CS_91""]",2.8426504845276215,1.869954663639272,1,1
N831,CS_91,"[""N831"", ""N830"", ""N829"", ""N1194"", ""N1820"", ""CS_91""]",2.8926882015176485,1.9033131416326237,1,1
N832,CS_91,"[""N832"", ""N831"", ""N830"", ""N829"", ""N1194"", ""N1820"", ""CS_91""]",4.043975834597183,2.670838230352313,1,1
N833,CS_134,"[""N833"", ""N821"", ""N941"", ""N942"", ""N1108"", ""CS_134""]",7.900485289281034,5.266990192854022,0,1
N834,CS_94,"[""N834"", ""N835"", ""N969"", ""N968"", ""CS_94""]",4.2631082701944925,2.842072180129662,0,1
N835,CS_94,"[""N835"", ""N969"", ""N968"", ""CS_94""]",3.177954381465587,2.118636254310391,0,1
N836,CS_94,"[""N836"", ""N966"", ""N967"", ""N968"", ""CS_94""]",6.603527194035185,4.402351462690124,0,1
N837,CS_107,"[""N837"", ""N980"", ""N1114"", ""CS_107""]",1.7690000299599682,1.1793333533066455,0,1
N838,CS_107,"[""N838"", ""N837"", ""N980"", ""N1114"", ""CS_107""]",2.409020908604453,1.6060139390696353,0,1
N839,CS_148,"[""N839"", ""N843"", ""N847"", ""CS_148""]",1.2998333004469074,0.8665555336312716,0,1
N840,CS_107,"[""N840"", ""N838"", ""N837"", ""N980"", ""N1114"", ""CS_107""]",3.3859870258220424,2.2573246838813614,0,1
N841,CS_148,"[""N841"", ""N1111"", ""N839"", ""N843"", ""N847"", ""CS_148""]",3.035311965127451,2.0235413100849673,0,1
N842,CS_148,"[""N842"", ""N841"", ""N1111"", ""N839"", ""N843"", ""N847"", ""CS_148""]",3.1457306527905207,2.097153768527014,0,1
N843,CS_148,"[""N843"", ""N847"", ""CS_148""]",1.2542217429495959,0.8361478286330639,0,1
N844,CS_106,"[""N844"", ""N1097"", ""N849"", ""CS_106""]",2.049928609471201,1.3666190729808005,0,1
N845,CS_99,"[""N845"", ""N854"", ""N856"", ""N857"", ""N858"", ""N1112"", ""N863"", ""CS_99""]",3.8158613858871684,2.543907590591446,0,1
N846,CS_106,"[""N846"", ""N848"", ""N849"", ""CS_106""]",2.085359769876471,1.390239846584314,0,1
N847,CS_148,"[""N847"", ""CS_148""]",0.504420898350763,0.33628059890050865,0,1
N848,CS_106,"[""N848"", ""N849"", ""CS_106""]",1.0051096052124961,0.6700730701416641,0,1
N849,CS_106,"[""N849"", ""CS_106""]",0.5253544226702287,0.3502362817801525,0,1
N850,CS_106,"[""N850"", ""N851"", ""N848"", ""N849"", ""CS_106""]",2.7592905112387744,1.8395270074925163,0,1
N851,CS_106,"[""N851"", ""N848"", ""N849"", ""CS_106""]",1.3221193507606614,0.8814129005071076,0,1
N852,CS_106,"[""N852"", ""N851"", ""N848"", ""N849"", ""CS_106""]",1.6000896371396411,1.0667264247597608,0,1
N853,CS_106,"[""N853"", ""N852"", ""N851"", ""N848"", ""N849"", ""CS_106""]",2.502445991926645,1.6682973279510966,0,1
N854,CS_99,"[""N854"", ""N856"", ""N857"", ""N858"", ""N1112"", ""N863"", ""CS_99""]",2.109366391157586,1.4062442607717238,0,1
N855,CS_99,"[""N855"", ""N976"", ""N975"", ""N854"", ""N856"", ""N857"", ""N858"", ""N1112"", ""N863"", ""CS_99""]",3.3757779849856737,2.2505186566571163,0,1
N856,CS_99,"[""N856"", ""N857"", ""N858"", ""N1112"", ""N863"", ""CS_99""]",1.8273887825639248,1.21825918837595,0,1
N857,CS_99,"[""N857"", ""N858"", ""N1112"", ""N863"", ""CS_99""]",1.6709428181884922,1.113961878792328,0,1
N858,CS_99,"[""N858"", ""N1112"", ""N863"", ""CS_99""]",1.4522009928986235,0.9681339952657491,0,1
N859,CS_69,"[""N859"", ""N860"", ""N862"", ""N865"", ""CS_69""]",2.744875540289113,1.8299170268594083,0,1
N860,CS_69,"[""N860"", ""N862"", ""N865"", ""CS_69""]",2.0040101277423124,1.336006751828208,0,1
N861,CS_69,"[""N861"", ""N860"", ""N862"", ""N865"", ""CS_69""]",3.003682328193153,2.002454885462102,0,1
N862,CS_69,"[""N862"", ""N865"", ""CS_69""]",1.461043484447618,0.9740289896317452,0,1
N863,CS_99,"[""N863"", ""CS_99""]",0.1720358423328332,0.11469056155522213,0,1
N864,CS_102,"[""N864"", ""N1657"", ""CS_102""]",0.483948215097743,0.2900395348387288,1,1
N865,CS_69,"[""N865"", ""CS_69""]",0.17548631278415466,0.11699087518943645,0,1
N866,CS_102,"[""N866"", ""N864"", ""N1657"", ""CS_102""]",1.2667290505706201,0.8118934251539802,1,1
N867,CS_102,"[""N867"", ""N866"", ""N864"", ""N1657"", ""CS_102""]",1.4154116951173652,0.9110151881851436,1,1
N868,CS_99,"[""N868"", ""N863"", ""CS_99""]",1.0821631359669108,0.7214420906446073,0,1
N869,CS_69,"[""N869"", ""N977"", ""N865"", ""CS_69""]",0.8716226783215089,0.5810817855476725,0,1
N870,CS_158,"[""N870"", ""N1712"", ""CS_158""]",6.827125404929746,5.1202800501966825,0,1
N871,CS_69,"[""N871"", ""N869"", ""N977"", ""N865"", ""CS_69""]",0.938339634308919,0.625559756205946,0,1
N872,CS_86,"[""N872"", ""CS_86""]",1.1973644774395231,0.798242984959682,0,1
N873,CS_147,"[""N873"", ""N1796"", ""CS_147""]",0.7059138136828205,0.4325814420828484,1,1
N874,CS_92,"[""N874"", ""N875"", ""CS_92""]",1.113185049046229,0.7421233660308194,0,1
N875,CS_92,"[""N875"", ""CS_92""]",1.0542581590674982,0.7028387727116655,0,1
N876,CS_92,"[""N876"", ""N875"", ""CS_92""]",4.643605756611343,3.0957371710742287,0,1
N877,CS_92,"[""N877"", ""N876"", ""N875"", ""CS_92""]",4.806467476397427,3.204311650931618,0,1
N878,CS_110,"[""N878"", ""N879"", ""CS_110""]",0.38417504679800857,0.256116697865339,0,1
N879,CS_110,"[""N879"", ""CS_110""]",0.052913964580119835,0.03527597638674656,0,1
N880,CS_110,"[""N880"", ""N690"", ""N878"", ""N879"", ""CS_110""]",0.8275723979154495,0.5517149319436329,0,1
N881,CS_144,"[""N881"", ""N647"", ""N883"", ""N882"", ""N641"", ""N640"", ""N1099"", ""CS_144""]",2.6801969913186916,1.7867979942124612,0,1
N882,CS_144,"[""N882"", ""N641"", ""N640"", ""N1099"", ""CS_144""]",1.302746970376563,0.868497980251042,0,1
N883,CS_144,"[""N883"", ""N882"", ""N641"", ""N640"", ""N1099"", ""CS_144""]",2.0306193403003894,1.3537462268669262,0,1
N884,CS_113,"[""N884"", ""N1014"", ""N1739"", ""CS_113""]",0.8606417446128756,0.5737611630752504,0,1
N885,CS_113,"[""N885"", ""N1013"", ""N1014"", ""N1739"", ""CS_113""]",3.2692320155917542,2.1794880103945027,0,1
N886,CS_118,"[""N886"", ""N661"", ""N668"", ""CS_118""]",1.7105053285929848,1.1403368857286567,0,1
N887,CS_118,"[""N887"", ""N886"", ""N661"", ""N668"", ""CS_118""]",2.036798651758129,1.3578657678387527,0,1
N888,CS_80,"[""N888"", ""CS_80""]",1.0267586936425868,0.6845057957617245,0,1
N889,CS_80,"[""N889"", ""N888"", ""CS_80""]",1.4778872004783576,0.9852581336522385,0,1
N890,CS_80,"[""N890"", ""N888"", ""CS_80""]",1.9991774974255998,1.3327849982837332,0,1
N891,CS_78,"[""N891"", ""N893"", ""N638"", ""N649"", ""CS_78""]",3.2439439599319786,2.1626293066213194,0,1
N892,CS_80,"[""N892"", ""N890"", ""N888"", ""CS_80""]",2.7029788692880166,1.8019859128586777,0,1
N893,CS_78,"[""N893"", ""N638"", ""N649"", ""CS_78""]",2.475809501308036,1.6505396675386903,0,1
N894,CS_81,"[""N894"", ""N895"", ""N1124"", ""N1125"", ""N1188"", ""N1817"", ""CS_81""]",3.061734448981639,1.9609493413153685,2,1
N895,CS_81,"[""N895"", ""N1124"", ""N1125"", ""N1188"", ""N1817"", ""CS_81""]",2.1976021844664184,1.3848611649718883,2,1
N896,CS_81,"[""N896"", ""N894"", ""N895"", ""N1124"", ""N1125"", ""N1188"", ""N1817"", ""CS_81""]",3.104053967199903,1.9854823953549416,3,1
N897,CS_78,"[""N897"", ""N636"", ""N637"", ""N1684"", ""N638"", ""N649"", ""CS_78""]",3.2611631808192767,2.1556959371805253,1,1
N898,CS_116,"[""N898"", ""CS_116""]",0.41104840585855373,0.2740322705723692,0,1
N899,CS_80,"[""N899"", ""N889"", ""N888"", ""CS_80""]",2.0525957884316544,1.36839719228777,0,1
N900,CS_80,"[""N900"", ""N1716"", ""N1006"", ""N892"", ""N890"", ""N888"", ""CS_80""]",5.147464017666099,3.4316426784440663,0,1
N901,CS_111,"[""N901"", ""N1126"", ""CS_111""]",0.8374035411962486,0.5582690274641657,0,1
N902,CS_115,"[""N902"", ""N709"", ""N710"", ""N711"", ""CS_115""]",0.7304050069185454,0.48693667127903023,0,1
N903,CS_111,"[""N903"", ""N698"", ""N901"", ""N1126"", ""CS_111""]",1.3795741262217187,0.9197160841478125,0,1
N904,CS_76,"[""N904"", ""N704"", ""N686"", ""CS_76""]",0.7687873254744757,0.5125248836496505,0,1
N905,CS_114,"[""N905"", ""N724"", ""CS_114""]",1.0356451070663966,0.6904300713775976,0,1
N906,CS_156,"[""N906"", ""CS_156""]",0.19302021229436284,0.12868014152957521,0,1
N907,CS_115,"[""N907"", ""N908"", ""N711"", ""CS_115""]",0.5558693764959504,0.3705795843306336,0,1
N908,CS_115,"[""N908"", ""N711"", ""CS_115""]",0.271663034947267,0.1811086899648447,0,1
N909,CS_83,"[""N909"", ""N670"", ""N672"", ""N673"", ""N680"", ""CS_83""]",0.9919128639054013,0.6612752426036009,0,1
N910,CS_115,"[""N910"", ""N902"", ""N709"", ""N710"", ""N711"", ""CS_115""]",0.9197088299838877,0.6131392199892585,0,1
N911,CS_141,"[""N911"", ""N728"", ""N729"", ""N730"", ""N913"", ""CS_141""]",1.1748749280627424,0.7832499520418283,0,1
N912,CS_141,"[""N912"", ""N911"", ""N728"", ""N729"", ""N730"", ""N913"", ""CS_141""]",1.3679867881093504,0.9119911920729004,0,1
N913,CS_141,"[""N913"", ""CS_141""]",0.3058111013794483,0.20387406758629886,0,1
N914,CS_141,"[""N914"", ""N915"", ""N913"", ""CS_141""]",0.605704172263763,0.40380278150917537,0,1
N915,CS_141,"[""N915"", ""N913"", ""CS_141""]",0.37018217017536725,0.24678811345024487,0,1
N916,CS_151,"[""N916"", ""N766"", ""N767"", ""N768"", ""N779"", ""N787"", ""CS_151""]",1.6078973473184872,1.0719315648789915,0,1
N917,CS_120,"[""N917"", ""N739"", ""N732"", ""CS_120""]",0.8754982725880158,0.5836655150586771,0,1
N918,CS_142,"[""N918"", ""N919"", ""N744"", ""CS_142""]",1.4485578347484713,0.9657052231656476,0,1
N919,CS_142,"[""N919"", ""N744"", ""CS_142""]",1.2209497695831102,0.8139665130554068,0,1
N920,CS_131,"[""N920"", ""N921"", ""N785"", ""N801"", ""CS_131""]",1.0175651600706028,0.6783767733804018,0,1
N921,CS_131,"[""N921"", ""N785"", ""N801"", ""CS_131""]",0.8123647029891432,0.5415764686594288,0,1
N922,CS_138,"[""N922"", ""N769"", ""N775"", ""CS_138""]",1.4983934576940177,0.9989289717960118,0,1
N923,CS_95,"[""N923"", ""N687"", ""CS_95""]",1.319637361318076,0.8797582408787175,0,1
N924,CS_89,"[""N924"", ""N695"", ""N1093"", ""N1092"", ""CS_89""]",1.875570054227276,1.2503800361515174,0,1
N925,CS_145,"[""N925"", ""N926"", ""N700"", ""N707"", ""N1001"", ""CS_145""]",1.448399595504349,0.9655997303362328,0,1
N926,CS_145,"[""N926"", ""N700"", ""N707"", ""N1001"", ""CS_145""]",1.2436183953525817,0.8290789302350544,0,1
N927,CS_120,"[""N927"", ""N732"", ""CS_120""]",1.487210787256867,0.9914738581712446,0,1
N928,CS_120,"[""N928"", ""N927"", ""N732"", ""CS_120""]",1.8786253066535723,1.2524168711023815,0,1
N929,CS_127,"[""N929"", ""N1130"", ""N932"", ""N931"", ""N750"", ""CS_127""]",1.6285203810753488,1.0856802540502326,0,1
N930,CS_127,"[""N930"", ""N764"", ""N758"", ""N750"", ""CS_127""]",1.658876066263222,1.1059173775088147,0,1
N931,CS_127,"[""N931"", ""N750"", ""CS_127""]",0.1406336057592787,0.09375573717285246,0,1
N932,CS_127,"[""N932"", ""N931"", ""N750"", ""CS_127""]",0.6420652026872249,0.4280434684581499,0,1
N933,CS_122,"[""N933"", ""N798"", ""N1706"", ""CS_122""]",1.8099965551624149,1.2066643701082764,0,1
N934,CS_137,"[""N934"", ""N935"", ""CS_137""]",1.8981631819193914,1.2654421212795943,0,1
N935,CS_137,"[""N935"", ""CS_137""]",0.5879272386011128,0.3919514924007419,0,1
N936,CS_135,"[""N936"", ""N820"", ""N817"", ""N818"", ""N815"", ""N812"", ""N810"", ""CS_135""]",2.1572289463792806,1.4381526309195203,0,1
N937,CS_135,"[""N937"", ""N936"", ""N820"", ""N817"", ""N818"", ""N815"", ""N812"", ""N810"", ""CS_135""]",2.857628651029307,1.9050857673528714,0,1
N938,CS_135,"[""N938"", ""N819"", ""N817"", ""N818"", ""N815"", ""N812"", ""N810"", ""CS_135""]",2.6311559034916727,1.754103935661115,0,1
N939,CS_134,"[""N939"", ""N940"", ""N1108"", ""CS_134""]",1.4319096132257714,0.9529384849174957,1,1
N940,CS_134,"[""N940"", ""N1108"", ""CS_134""]",1.4127284883793911,0.9418189922529273,0,1
N941,CS_134,"[""N941"", ""N942"", ""N1108"", ""CS_134""]",1.4541047243201122,0.9694031495467412,0,1
N942,CS_134,"[""N942"", ""N1108"", ""CS_134""]",0.748557665287964,0.49903844352530935,0,1
N943,CS_154,"[""N943"", ""N776"", ""N948"", ""N760"", ""N946"", ""CS_154""]",2.2633127867495593,1.5088751911663727,0,1
N944,CS_154,"[""N944"", ""N943"", ""N776"", ""N948"", ""N760"", ""N946"", ""CS_154""]",3.281814579035209,2.1878763860234725,0,1
N945,CS_129,"[""N945"", ""N1020"", ""N1021"", ""N1743"", ""CS_129""]",2.562500748459516,1.7048055755529308,1,1
N946,CS_154,"[""N946"", ""CS_154""]",0.23838774392607914,0.1589251626173861,0,1
N947,CS_154,"[""N947"", ""N948"", ""N760"", ""N946"", ""CS_154""]",2.9278355129442324,1.9518903419628217,0,1
N948,CS_154,"[""N948"", ""N760"", ""N946"", ""CS_154""]",1.2949248435801,0.8632832290533999,0,1
N949,CS_87,"[""N949"", ""N954"", ""N953"", ""CS_87""]",1.7620399862884453,1.174693324192297,0,1
N950,CS_95,"[""N950"", ""N699"", ""N687"", ""CS_95""]",1.6450141571205283,1.096676104747019,0,1
N951,CS_98,"[""N951"", ""N1726"", ""CS_98""]",1.2762865775829186,0.8508577183886126,0,1
N952,CS_98,"[""N952"", ""N951"", ""N1726"", ""CS_98""]",1.7254277142757408,1.150285142850494,0,1
N953,CS_87,"[""N953"", ""CS_87""]",1.246439531735635,0.8309596878237566,0,1
N954,CS_87,"[""N954"", ""N953"", ""CS_87""]",1.4445445955089586,0.9630297303393057,0,1
N955,CS_87,"[""N955"", ""N956"", ""N949"", ""N954"", ""N953"", ""CS_87""]",3.4586851924945794,2.30579012832972,0,1
N956,CS_87,"[""N956"", ""N949"", ""N954"", ""N953"", ""CS_87""]",3.289020497741703,2.192680331827802,0,1
N957,CS_87,"[""N957"", ""N955"", ""N956"", ""N949"", ""N954"", ""N953"", ""CS_87""]",4.918024667765456,3.278683111843638,0,1
N958,CS_93,"[""N958"", ""N1199"", ""N1200"", ""N1823"", ""CS_93""]",2.9470592027476656,1.921229863726284,1,1
N959,CS_88,"[""N959"", ""N822"", ""CS_88""]",2.9962590801565483,1.997506053437699,0,1
N960,CS_88,"[""N960"", ""N959"", ""N822"", ""CS_88""]",4.332684980117555,2.888456653411703,0,1
N961,CS_88,"[""N961"", ""N1096"", ""N959"", ""N822"", ""CS_88""]",5.248202518391076,3.6964462054511467,0,1
N962,CS_88,"[""N962"", ""N1711"", ""N822"", ""CS_88""]",5.881392288035082,3.9209281920233883,0,1
N963,CS_91,"[""N963"", ""N826"", ""N829"", ""N1194"", ""N1820"", ""CS_91""]",2.9340566569968285,1.9308921119520768,1,1
N964,CS_91,"[""N964"", ""N963"", ""N826"", ""N829"", ""N1194"", ""N1820"", ""CS_91""]",3.1861703687702363,2.098967919801015,1,1
N965,CS_86,"[""N965"", ""N872"", ""CS_86""]",5.694853757335739,3.7965691715571595,0,1
N966,CS_94,"[""N966"", ""N967"", ""N968"", ""CS_94""]",2.4111228805106384,1.607415253673759,0,1
N967,CS_94,"[""N967"", ""N968"", ""CS_94""]",2.1803489678387855,1.4535659785591903,0,1
N968,CS_94,"[""N968"", ""CS_94""]",1.1143888412486003,0.7429258941657335,0,1
N969,CS_94,"[""N969"", ""N968"", ""CS_94""]",2.474669739374458,1.6497798262496386,0,1
N970,CS_99,"[""N970"", ""N971"", ""N972"", ""N973"", ""N863"", ""CS_99""]",6.2997865849586665,4.199857723305779,0,1
N971,CS_99,"[""N971"", ""N972"", ""N973"", ""N863"", ""CS_99""]",3.6713768344841675,2.4475845563227785,0,1
N972,CS_99,"[""N972"", ""N973"", ""N863"", ""CS_99""]",1.833291852605838,1.222194568403892,0,1
N973,CS_99,"[""N973"", ""N863"", ""CS_99""]",0.47180448460430885,0.3145363230695392,0,1
N974,CS_99,"[""N974"", ""N973"", ""N863"", ""CS_99""]",0.952774442084124,0.635182961389416,0,1
N975,CS_99,"[""N975"", ""N854"", ""N856"", ""N857"", ""N858"", ""N1112"", ""N863"", ""CS_99""]",2.156032604791517,1.4373550698610114,0,1
N976,CS_99,"[""N976"", ""N975"", ""N854"", ""N856"", ""N857"", ""N858"", ""N1112"", ""N863"", ""CS_99""]",2.284869431992795,1.5232462879951967,0,1
N977,CS_69,"[""N977"", ""N865"", ""CS_69""]",0.43090491329071057,0.287269942193807,0,1
N978,CS_69,"[""N978"", ""N871"", ""N869"", ""N977"", ""N865"", ""CS_69""]",1.855920703446388,1.2372804689642587,0,1
N979,CS_99,"[""N979"", ""N845"", ""N854"", ""N856"", ""N857"", ""N858"", ""N1112"", ""N863"", ""CS_99""]",4.376941923556649,2.9179612823711,0,1
N980,CS_107,"[""N980"", ""N1114"", ""CS_107""]",1.5300719417420405,1.0200479611613604,0,1
N981,CS_107,"[""N981"", ""N837"", ""N980"", ""N1114"", ""CS_107""]",2.1907670112793864,1.4605113408529244,0,1
N982,CS_148,"[""N982"", ""N839"", ""N843"", ""N847"", ""CS_148""]",2.320808196668364,1.547205464445576,0,1
N983,CS_148,"[""N983"", ""N982"", ""N839"", ""N843"", ""N847"", ""CS_148""]",3.512688200253683,2.341792133502455,0,1
N984,CS_127,"[""N984"", ""N932"", ""N931"", ""N750"", ""CS_127""]",1.242174752290482,0.8281165015269879,0,1
N985,CS_127,"[""N985"", ""N984"", ""N932"", ""N931"", ""N750"", ""CS_127""]",3.045053083724573,2.0300353891497154,0,1
N986,CS_98,"[""N986"", ""N1726"", ""CS_98""]",0.2779957277404773,0.1795975497626453,1,1
N987,CS_133,"[""N987"", ""CS_133""]",0.37318788000931746,0.24879192000621164,0,1
N988,CS_138,"[""N988"", ""N778"", ""N775"", ""CS_138""]",0.4774228663357275,0.3091619754728521,1,1
N989,CS_138,"[""N989"", ""N988"", ""N778"", ""N775"", ""CS_138""]",2.236913915808574,1.4821560084547496,1,1
N990,CS_145,"[""N990"", ""N1003"", ""N1002"", ""N716"", ""N707"", ""N1001"", ""CS_145""]",2.473909285632683,1.6272691554363288,1,1
N991,CS_151,"[""N991"", ""N766"", ""N767"", ""N768"", ""N779"", ""N787"", ""CS_151""]",1.5817203885108022,1.0522002935012509,1,1
N992,CS_129,"[""N992"", ""N1159"", ""N1160"", ""N1804"", ""N945"", ""N1020"", ""N1021"", ""N1743"", ""CS_129""]",4.115197390221565,2.695073073809233,3,1
N993,CS_129,"[""N993"", ""N992"", ""N1159"", ""N1160"", ""N1804"", ""N945"", ""N1020"", ""N1021"", ""N1743"", ""CS_129""]",4.365160088294178,2.8617148725243093,3,1
N994,CS_135,"[""N994"", ""N995"", ""N818"", ""N815"", ""N812"", ""N810"", ""CS_135""]",2.022036980490621,1.3480246536604141,0,1
N995,CS_135,"[""N995"", ""N818"", ""N815"", ""N812"", ""N810"", ""CS_135""]",1.6190273183337456,1.0793515455558302,0,1
N996,CS_115,"[""N996"", ""N907"", ""N908"", ""N711"", ""CS_115""]",1.1163198226746416,0.7442132151164276,0,1
N997,CS_114,"[""N997"", ""N719"", ""N724"", ""CS_114""]",0.9168280732472625,0.611218715498175,0,1
N998,CS_144,"[""N998"", ""N1161"", ""N1162"", ""N1805"", ""N1069"", ""N1765"", ""N1685"", ""N639"", ""N643"", ""N883"", ""N882"", ""N641"", ""N640"", ""N1099"", ""CS_144""]",9.611088626434064,6.4247880630141285,2,1
N999,CS_144,"[""N999"", ""N881"", ""N647"", ""N883"", ""N882"", ""N641"", ""N640"", ""N1099"", ""CS_144""]",3.846490469990443,2.5643269799936292,0,1
N1000,CS_145,"[""N1000"", ""N707"", ""N1001"", ""CS_145""]",1.0447258050013177,0.6964838700008785,0,1
N1001,CS_145,"[""N1001"", ""CS_145""]",0.12108798355990288,0.08072532237326858,0,1
N1002,CS_145,"[""N1002"", ""N716"", ""N707"", ""N1001"", ""CS_145""]",1.349289340820023,0.8775225255612218,1,1
N1003,CS_145,"[""N1003"", ""N1002"", ""N716"", ""N707"", ""N1001"", ""CS_145""]",2.0106645493431516,1.3184393312433076,1,1
N1004,CS_80,"[""N1004"", ""N890"", ""N888"", ""CS_80""]",2.6708564193025337,1.7805709462016894,0,1
N1005,CS_127,"[""N1005"", ""N931"", ""N750"", ""CS_127""]",0.7972837655696257,0.5315225103797504,0,1
N1006,CS_80,"[""N1006"", ""N892"", ""N890"", ""N888"", ""CS_80""]",3.8381248727541335,2.558749915169422,0,1
N1007,CS_133,"[""N1007"", ""N1008"", ""N1010"", ""N1009"", ""N790"", ""N793"", ""N792"", ""N1728"", ""N987"", ""CS_133""]",3.0493948178549353,2.0082110167083673,2,1
N1008,CS_133,"[""N1008"", ""N1010"", ""N1009"", ""N790"", ""N793"", ""N792"", ""N1728"", ""N987"", ""CS_133""]",2.291870636555324,1.5031948958419599,2,1
N1009,CS_133,"[""N1009"", ""N790"", ""N793"", ""N792"", ""N1728"", ""N987"", ""CS_133""]",1.6555890208146895,1.100616939495198,1,1
N1010,CS_133,"[""N1010"", ""N1009"", ""N790"", ""N793"", ""N792"", ""N1728"", ""N987"", ""CS_133""]",2.043358080531557,1.3591296459731095,1,1
N1011,CS_110,"[""N1011"", ""N879"", ""CS_110""]",0.7761582652804245,0.5174388435202829,0,1
N1012,CS_149,"[""N1012"", ""N763"", ""N1701"", ""CS_149""]",1.3182154234061771,0.8788102822707847,0,1
N1013,CS_113,"[""N1013"", ""N1014"", ""N1739"", ""CS_113""]",1.1211101533066339,0.7474067688710893,0,1
N1014,CS_113,"[""N1014"", ""N1739"", ""CS_113""]",0.522393935294948,0.3482626235299654,0,1
N1015,CS_113,"[""N1015"", ""N1014"", ""N1739"", ""CS_113""]",0.807639444824245,0.5384262965494966,0,1
N1016,CS_154,"[""N1016"", ""N946"", ""CS_154""]",0.8165976999087361,0.5443984666058241,0,1
N1017,CS_153,"[""N1017"", ""CS_153""]",0.5607952617681897,0.37386350784545985,0,1
N1018,CS_131,"[""N1018"", ""N921"", ""N785"", ""N801"", ""CS_131""]",0.9186694669519765,0.6032024187828104,1,1
N1019,CS_131,"[""N1019"", ""N1018"", ""N921"", ""N785"", ""N801"", ""CS_131""]",2.420122876622948,1.6041713585634585,1,1
N1020,CS_129,"[""N1020"", ""N1021"", ""N1743"", ""CS_129""]",2.521925795795263,1.6812838638635088,0,1
N1021,CS_129,"[""N1021"", ""N1743"", ""CS_129""]",1.5774682686766472,1.0516455124510982,0,1
N1022,CS_141,"[""N1022"", ""N914"", ""N915"", ""N913"", ""CS_141""]",1.6823020359642167,1.1215346906428112,0,1
N1023,CS_110,"[""N1023"", ""N878"", ""N879"", ""CS_110""]",1.0044303570667008,0.6696202380444672,0,1
N1024,CS_110,"[""N1024"", ""N1023"", ""N878"", ""N879"", ""CS_110""]",1.2051837795577884,0.8034558530385256,0,1
N1025,CS_110,"[""N1025"", ""N1011"", ""N879"", ""CS_110""]",1.0501719462372763,0.7001146308248508,0,1
N1026,CS_127,"[""N1026"", ""N930"", ""N764"", ""N758"", ""N750"", ""CS_127""]",2.028720233716574,1.3203197934238013,1,1
N1027,CS_127,"[""N1027"", ""N1026"", ""N930"", ""N764"", ""N758"", ""N750"", ""CS_127""]",4.463304454149303,2.943375940378954,1,1
N1028,CS_147,"[""N1028"", ""N873"", ""N1796"", ""CS_147""]",0.8895920072560768,0.5390615542992289,2,1
N1029,CS_85,"[""N1029"", ""CS_85""]",0.7427498773472561,0.49516658489817067,0,1
N1030,CS_120,"[""N1030"", ""N692"", ""N928"", ""N927"", ""N732"", ""CS_120""]",2.396223189694182,1.593801986169931,1,1
N1031,CS_120,"[""N1031"", ""N1030"", ""N692"", ""N928"", ""N927"", ""N732"", ""CS_120""]",3.036928888950439,2.020939119007436,1,1
N1032,CS_120,"[""N1032"", ""N928"", ""N927"", ""N732"", ""CS_120""]",2.2312397172988274,1.487493144865885,0,1
N1033,CS_135,"[""N1033"", ""N1710"", ""N816"", ""N938"", ""N819"", ""N817"", ""N818"", ""N815"", ""N812"", ""N810"", ""CS_135""]",2.9123658002468598,1.9349394626171923,2,1
N1034,CS_135,"[""N1034"", ""N1747"", ""N1033"", ""N1710"", ""N816"", ""N938"", ""N819"", ""N817"", ""N818"", ""N815"", ""N812"", ""N810"", ""CS_135""]",3.9751633193429976,2.6403618608989188,3,1
N1035,CS_110,"[""N1035"", ""N690"", ""N878"", ""N879"", ""CS_110""]",1.279122245244723,0.8527481634964821,0,1
N1036,CS_107,"[""N1036"", ""N838"", ""N837"", ""N980"", ""N1114"", ""CS_107""]",3.2239335363125736,2.1492890242083824,0,1
N1037,CS_133,"[""N1037"", ""N1039"", ""N1038"", ""N797"", ""N792"", ""N1728"", ""N987"", ""CS_133""]",2.0932043876074315,1.387120827647424,2,1
N1038,CS_133,"[""N1038"", ""N797"", ""N792"", ""N1728"", ""N987"", ""CS_133""]",1.1114676641267072,0.7326296786602744,2,1
N1039,CS_133,"[""N1039"", ""N1038"", ""N797"", ""N792"", ""N1728"", ""N987"", ""CS_133""]",1.9368583861117017,1.2828901599836042,2,1
N1040,CS_137,"[""N1040"", ""N795"", ""N934"", ""N935"", ""CS_137""]",2.5847115722265186,1.7231410481510125,0,1
N1041,CS_137,"[""N1041"", ""N1040"", ""N795"", ""N934"", ""N935"", ""CS_137""]",4.206074531652107,2.804049687768071,0,1
N1042,CS_94,"[""N1042"", ""N969"", ""N968"", ""CS_94""]",3.6595668859862904,2.439711257324193,0,1
N1043,CS_148,"[""N1043"", ""N843"", ""N847"", ""CS_148""]",1.9919413341706698,1.327960889447113,0,1
N1044,CS_115,"[""N1044"", ""N711"", ""CS_115""]",0.7241197703399813,0.4827465135599876,0,1
N1045,CS_156,"[""N1045"", ""N906"", ""CS_156""]",0.6269588775797771,0.4179725850531847,0,1
N1046,CS_151,"[""N1046"", ""N787"", ""CS_151""]",0.9742651810039488,0.6495101206692991,0,1
N1047,CS_151,"[""N1047"", ""N1046"", ""N787"", ""CS_151""]",1.0537604236010654,0.702506949067377,0,1
N1048,CS_135,"[""N1048"", ""N1710"", ""N816"", ""N938"", ""N819"", ""N817"", ""N818"", ""N815"", ""N812"", ""N810"", ""CS_135""]",2.9242315776253727,1.9418181741409677,2,1
N1049,CS_135,"[""N1049"", ""N1048"", ""N1710"", ""N816"", ""N938"", ""N819"", ""N817"", ""N818"", ""N815"", ""N812"", ""N810"", ""CS_135""]",6.3078399794086035,4.197557108663121,2,1
N1050,CS_107,"[""N1050"", ""N1051"", ""N1755"", ""N1055"", ""N1054"", ""N14"", ""N6"", ""N8"", ""N9"", ""N11"", ""N2"", ""N12"", ""N10"", ""N3"", ""N1461"", ""N42"", ""N1473"", ""N1036"", ""N838"", ""N837"", ""N980"", ""N1114"", ""CS_107""]",19.899405948625102,13.84801454415329,4,1
N1051,CS_107,"[""N1051"", ""N1755"", ""N1055"", ""N1054"", ""N14"", ""N6"", ""N8"", ""N9"", ""N11"", ""N2"", ""N12"", ""N10"", ""N3"", ""N1461"", ""N42"", ""N1473"", ""N1036"", ""N838"", ""N837"", ""N980"", ""N1114"", ""CS_107""]",17.486519638257196,12.239423670574688,4,1
N1052,CS_137,"[""N1052"", ""N1060"", ""N827"", ""N825"", ""N935"", ""CS_137""]",5.822244027188168,3.8256517083011286,2,1
N1053,CS_137,"[""N1053"", ""N1052"", ""N1060"", ""N827"", ""N825"", ""N935"", ""CS_137""]",6.678090449253517,4.396215989678027,2,1
N1054,CS_107,"[""N1054"", ""N14"", ""N6"", ""N8"", ""N9"", ""N11"", ""N2"", ""N12"", ""N10"", ""N3"", ""N1461"", ""N42"", ""N1473"", ""N1036"", ""N838"", ""N837"", ""N980"", ""N1114"", ""CS_107""]",13.357010564678825,9.542423842361274,3,1
N1055,CS_107,"[""N1055"", ""N1054"", ""N14"", ""N6"", ""N8"", ""N9"", ""N11"", ""N2"", ""N12"", ""N10"", ""N3"", ""N1461"", ""N42"", ""N1473"", ""N1036"", ""N838"", ""N837"", ""N980"", ""N1114"", ""CS_107""]",15.816738629638536,11.182242552334415,3,1
N1056,CS_107,"[""N1056"", ""N1054"", ""N14"", ""N6"", ""N8"", ""N9"", ""N11"", ""N2"", ""N12"", ""N10"", ""N3"", ""N1461"", ""N42"", ""N1473"", ""N1036"", ""N838"", ""N837"", ""N980"", ""N1114"", ""CS_107""]",13.721451936756393,9.753694202985951,4,1
N1057,CS_107,"[""N1057"", ""N1056"", ""N1054"", ""N14"", ""N6"", ""N8"", ""N9"", ""N11"", ""N2"", ""N12"", ""N10"", ""N3"", ""N1461"", ""N42"", ""N1473"", ""N1036"", ""N838"", ""N837"", ""N980"", ""N1114"", ""CS_107""]",15.697895200029558,11.07132304516806,4,1
N1058,CS_107,"[""N1058"", ""N1050"", ""N1051"", ""N1755"", ""N1055"", ""N1054"", ""N14"", ""N6"", ""N8"", ""N9"", ""N11"", ""N2"", ""N12"", ""N10"", ""N3"", ""N1461"", ""N42"", ""N1473"", ""N1036"", ""N838"", ""N837"", ""N980"", ""N1114"", ""CS_107""]",20.361060381434335,14.115640302303571,5,1
N1059,CS_107,"[""N1059"", ""N1058"", ""N1050"", ""N1051"", ""N1755"", ""N1055"", ""N1054"", ""N14"", ""N6"", ""N8"", ""N9"", ""N11"", ""N2"", ""N12"", ""N10"", ""N3"", ""N1461"", ""N42"", ""N1473"", ""N1036"", ""N838"", ""N837"", ""N980"", ""N1114"", ""CS_107""]",21.660357256444982,14.981838218977334,5,1
N1060,CS_137,"[""N1060"", ""N827"", ""N825"", ""N935"", ""CS_137""]",5.54840263523064,3.6669030752822716,1,1
N1061,CS_137,"[""N1061"", ""N1060"", ""N827"", ""N825"", ""N935"", ""CS_137""]",6.217834880487413,4.113191238786786,1,1
N1062,CS_137,"[""N1062"", ""N825"", ""N935"", ""CS_137""]",4.035622909404476,2.6735103215639384,1,1
N1063,CS_137,"[""N1063"", ""N1761"", ""N1062"", ""N825"", ""N935"", ""CS_137""]",4.7135120076540975,3.1238815746792685,2,1
N1064,CS_131,"[""N1064"", ""N785"", ""N801"", ""CS_131""]",0.6840842247756725,0.44807481775995983,1,1
N1065,CS_131,"[""N1065"", ""N1064"", ""N785"", ""N801"", ""CS_131""]",1.070530905087606,0.7057059379679155,1,1
N1066,CS_107,"[""N1066"", ""N1067"", ""N1764"", ""N39"", ""N41"", ""N42"", ""N1473"", ""N1036"", ""N838"", ""N837"", ""N980"", ""N1114"", ""CS_107""]",5.767904510252797,3.757735256225447,3,1
N1067,CS_107,"[""N1067"", ""N1764"", ""N39"", ""N41"", ""N42"", ""N1473"", ""N1036"", ""N838"", ""N837"", ""N980"", ""N1114"", ""CS_107""]",5.05411798114781,3.2818775701554554,3,1
N1068,CS_144,"[""N1068"", ""N1069"", ""N1765"", ""N1685"", ""N639"", ""N643"", ""N883"", ""N882"", ""N641"", ""N640"", ""N1099"", ""CS_144""]",7.4415020959776506,5.0281244077835865,1,1
N1069,CS_144,"[""N1069"", ""N1765"", ""N1685"", ""N639"", ""N643"", ""N883"", ""N882"", ""N641"", ""N640"", ""N1099"", ""CS_144""]",6.964479216441675,4.6703617201652,1,1
N1070,CS_137,"[""N1070"", ""N1071"", ""N1810"", ""N1174"", ""N1173"", ""N795"", ""N934"", ""N935"", ""CS_137""]",7.454995869564467,4.890779286214875,2,1
N1071,CS_137,"[""N1071"", ""N1810"", ""N1174"", ""N1173"", ""N795"", ""N934"", ""N935"", ""CS_137""]",6.1300864809335724,4.007506360460945,2,1
N1072,CS_144,"[""N1072"", ""N1100"", ""N1099"", ""CS_144""]",2.6419561325504457,1.761304088366964,0,1
N1073,CS_144,"[""N1073"", ""N1072"", ""N1100"", ""N1099"", ""CS_144""]",2.9359546330840134,1.9573030887226754,0,1
N1074,CS_146,"[""N1074"", ""N1129"", ""CS_146""]",0.7049353295103039,0.41980037701420303,1,1
N1075,CS_146,"[""N1075"", ""N1074"", ""N1129"", ""CS_146""]",0.9736074215678184,0.5989151050525461,1,1
N1076,CS_130,"[""N1076"", ""N1077"", ""N1769"", ""N1738"", ""CS_130""]",1.1997895334532696,0.7883916853240409,1,1
N1077,CS_130,"[""N1077"", ""N1769"", ""N1738"", ""CS_130""]",0.7410648582942772,0.48257523521804596,1,1
N1078,CS_127,"[""N1078"", ""N1079"", ""N1770"", ""N985"", ""N984"", ""N932"", ""N931"", ""N750"", ""CS_127""]",4.567812884920473,3.0057834410248923,1,1
N1079,CS_127,"[""N1079"", ""N1770"", ""N985"", ""N984"", ""N932"", ""N931"", ""N750"", ""CS_127""]",4.149674917058202,2.727024795783378,1,1
N1080,CS_154,"[""N1080"", ""N1081"", ""N1771"", ""N1147"", ""N1798"", ""N1740"", ""N1016"", ""N946"", ""CS_154""]",5.697064187537101,3.7485411037843486,2,1
N1081,CS_154,"[""N1081"", ""N1771"", ""N1147"", ""N1798"", ""N1740"", ""N1016"", ""N946"", ""CS_154""]",5.2634812925090495,3.4594858404323148,2,1
N1082,CS_121,"[""N1082"", ""N1781"", ""CS_121""]",0.8483156200809541,0.5261140972035196,1,1
N1083,CS_121,"[""N1083"", ""N1082"", ""N1781"", ""CS_121""]",1.2269261298150713,0.778521103692931,1,1
N1084,CS_133,"[""N1084"", ""N1085"", ""N987"", ""CS_133""]",1.0725094310386374,0.7150062873590917,0,1
N1085,CS_133,"[""N1085"", ""N987"", ""CS_133""]",0.873359167432655,0.5822394449551034,0,1
N1086,CS_83,"[""N1086"", ""N1087"", ""N1773"", ""N703"", ""N1694"", ""N688"", ""N1691"", ""N689"", ""N669"", ""N681"", ""N680"", ""CS_83""]",4.2174192412526414,2.7943336185471654,3,1
N1087,CS_83,"[""N1087"", ""N1773"", ""N703"", ""N1694"", ""N688"", ""N1691"", ""N689"", ""N669"", ""N681"", ""N680"", ""CS_83""]",3.6724056940989285,2.430991253778023,3,1
N1088,CS_83,"[""N1088"", ""N701"", ""N680"", ""CS_83""]",1.0357702631321197,0.6905135087547465,0,1
N1089,CS_83,"[""N1089"", ""N1088"", ""N701"", ""N680"", ""CS_83""]",1.0585684928286219,0.7057123285524147,0,1
N1090,CS_114,"[""N1090"", ""N1733"", ""N715"", ""N719"", ""N724"", ""CS_114""]",0.9617730177314783,0.6376542256938706,1,1
N1091,CS_114,"[""N1091"", ""N1774"", ""N1090"", ""N1733"", ""N715"", ""N719"", ""N724"", ""CS_114""]",1.323215479863779,0.8770615716436359,2,1
N1092,CS_89,"[""N1092"", ""CS_89""]",0.3478504683323491,0.2319003122215661,0,1
N1093,CS_89,"[""N1093"", ""N1092"", ""CS_89""]",0.9319397672593988,0.6212931781729325,0,1
N1094,CS_91,"[""N1094"", ""N831"", ""N830"", ""N829"", ""N1194"", ""N1820"", ""CS_91""]",3.504839529612652,2.311414027029292,1,1
N1095,CS_98,"[""N1095"", ""N952"", ""N951"", ""N1726"", ""CS_98""]",2.0821655969528807,1.3881103979685874,0,1
N1096,CS_88,"[""N1096"", ""N959"", ""N822"", ""CS_88""]",4.210635455833939,2.807090303889293,0,1
N1097,CS_106,"[""N1097"", ""N849"", ""CS_106""]",2.027122318105341,1.351414878736894,0,1
N1098,CS_142,"[""N1098"", ""N919"", ""N744"", ""CS_142""]",1.7545231925435547,1.1696821283623697,0,1
N1099,CS_144,"[""N1099"", ""CS_144""]",0.7311661166075123,0.48744407773834153,0,1
N1100,CS_144,"[""N1100"", ""N1099"", ""CS_144""]",1.618903463794548,1.079268975863032,0,1
N1101,CS_78,"[""N1101"", ""N893"", ""N638"", ""N649"", ""CS_78""]",3.278198130090847,2.1854654200605648,0,1
N1102,CS_95,"[""N1102"", ""N923"", ""N687"", ""CS_95""]",1.8667852801875817,1.2445235201250546,0,1
N1103,CS_145,"[""N1103"", ""N925"", ""N926"", ""N700"", ""N707"", ""N1001"", ""CS_145""]",1.8939113327695238,1.2626075551796825,0,1
N1104,CS_91,"[""N1104"", ""N824"", ""N964"", ""N963"", ""N826"", ""N829"", ""N1194"", ""N1820"", ""CS_91""]",4.6804654115950575,3.0951646150175627,1,1
N1105,CS_94,"[""N1105"", ""N968"", ""CS_94""]",1.8026550918317636,1.201770061221176,0,1
N1106,CS_115,"[""N1106"", ""N907"", ""N908"", ""N711"", ""CS_115""]",0.6472746022490162,0.4235681209990776,1,1
N1107,CS_115,"[""N1107"", ""N1106"", ""N907"", ""N908"", ""N711"", ""CS_115""]",1.0860232349063763,0.7160672094373177,1,1
N1108,CS_134,"[""N1108"", ""CS_134""]",0.15684557948573613,0.10456371965715741,0,1
N1109,CS_122,"[""N1109"", ""N1171"", ""N798"", ""N1706"", ""CS_122""]",1.2411257456366538,0.8110089046018745,2,1
N1110,CS_121,"[""N1110"", ""N1781"", ""CS_121""]",1.2014252394304656,0.8009501596203104,0,1
N1111,CS_148,"[""N1111"", ""N839"", ""N843"", ""N847"", ""CS_148""]",2.0376598816679152,1.3584399211119433,0,1
N1112,CS_99,"[""N1112"", ""N863"", ""CS_99""]",0.6658034645689648,0.44386897637930983,0,1
N1113,CS_99,"[""N1113"", ""N974"", ""N973"", ""N863"", ""CS_99""]",1.9089668356280733,1.2726445570853822,0,1
N1114,CS_107,"[""N1114"", ""CS_107""]",0.5124552660911224,0.34163684406074823,0,1
N1115,CS_131,"[""N1115"", ""N921"", ""N785"", ""N801"", ""CS_131""]",1.5428618798713467,1.0285745865808977,0,1
N1116,CS_91,"[""N1116"", ""N964"", ""N963"", ""N826"", ""N829"", ""N1194"", ""N1820"", ""CS_91""]",4.288428271119287,2.833806521367049,1,1
N1117,CS_93,"[""N1117"", ""N791"", ""N958"", ""N1199"", ""N1200"", ""N1823"", ""CS_93""]",4.716202113564345,3.1006584709374034,1,1
N1118,CS_156,"[""N1118"", ""N723"", ""N726"", ""N755"", ""N906"", ""CS_156""]",1.7959775280232533,1.1973183520155022,0,1
N1119,CS_141,"[""N1119"", ""N911"", ""N728"", ""N729"", ""N730"", ""N913"", ""CS_141""]",1.6512821614941064,1.1008547743294044,0,1
N1120,CS_155,"[""N1120"", ""N633"", ""N632"", ""CS_155""]",2.906868644049993,1.9238056717148,1,1
N1121,CS_155,"[""N1121"", ""N1120"", ""N633"", ""N632"", ""CS_155""]",3.2602797792577514,2.159413095186639,1,1
N1122,CS_99,"[""N1122"", ""N975"", ""N854"", ""N856"", ""N857"", ""N858"", ""N1112"", ""N863"", ""CS_99""]",2.5282137794708426,1.6854758529805614,0,1
N1123,CS_89,"[""N1123"", ""N924"", ""N695"", ""N1093"", ""N1092"", ""CS_89""]",2.391637490744775,1.59442499382985,0,1
N1124,CS_81,"[""N1124"", ""N1125"", ""N1188"", ""N1817"", ""CS_81""]",1.691351380531143,1.0913824380528878,1,1
N1125,CS_81,"[""N1125"", ""N1188"", ""N1817"", ""CS_81""]",1.095832344493769,0.6943697473613053,1,1
N1126,CS_111,"[""N1126"", ""CS_111""]",0.3000593815257794,0.20003958768385294,0,1
N1127,CS_141,"[""N1127"", ""N728"", ""N729"", ""N730"", ""N913"", ""CS_141""]",1.5274673550349025,1.0183115700232683,0,1
N1128,CS_146,"[""N1128"", ""N1129"", ""CS_146""]",1.4678013185111718,0.9785342123407812,0,1
N1129,CS_146,"[""N1129"", ""CS_146""]",0.1281354722613078,0.08542364817420521,0,1
N1130,CS_127,"[""N1130"", ""N932"", ""N931"", ""N750"", ""CS_127""]",0.9360702539851968,0.6240468359901311,0,1
N1131,CS_111,"[""N1131"", ""N721"", ""N722"", ""N1126"", ""CS_111""]",2.095544886520866,1.397029924347244,0,1
N1132,CS_145,"[""N1132"", ""N926"", ""N700"", ""N707"", ""N1001"", ""CS_145""]",2.030003759908985,1.3533358399393232,0,1
N1133,CS_88,"[""N1133"", ""N1183"", ""N959"", ""N822"", ""CS_88""]",3.2478743125946314,2.1433699563003556,2,1
N1134,CS_88,"[""N1134"", ""N1133"", ""N1183"", ""N959"", ""N822"", ""CS_88""]",5.034731422343249,3.334608029466101,2,1
N1135,CS_91,"[""N1135"", ""N829"", ""N1194"", ""N1820"", ""CS_91""]",3.1905127490785743,2.101862840006574,1,1
N1136,CS_88,"[""N1136"", ""N1133"", ""N1183"", ""N959"", ""N822"", ""CS_88""]",3.746512879747528,2.4324357923310203,3,1
N1137,CS_88,"[""N1137"", ""N1136"", ""N1133"", ""N1183"", ""N959"", ""N822"", ""CS_88""]",5.296075809833901,3.4654777457219357,3,1
N1138,CS_158,"[""N1138"", ""N1139"", ""N1794"", ""N870"", ""N1712"", ""CS_158""]",8.78721786961179,6.543711770563733,1,1
N1139,CS_158,"[""N1139"", ""N1794"", ""N870"", ""N1712"", ""CS_158""]",8.449662807288163,6.254374726614281,1,1
N1140,CS_86,"[""N1140"", ""N872"", ""CS_86""]",1.3328192480569343,0.8767674896654276,1,1
N1141,CS_139,"[""N1141"", ""N1795"", ""CS_139""]",2.247098771090089,1.4980658473933928,0,1
N1142,CS_90,"[""N1142"", ""CS_90""]",0.1925444184235473,0.1283629456156982,0,1
N1143,CS_90,"[""N1143"", ""N1142"", ""CS_90""]",0.7928789982474017,0.5285859988316011,0,1
N1144,CS_90,"[""N1144"", ""N1145"", ""N1797"", ""N1142"", ""CS_90""]",1.6317775982203298,1.0744361040857224,1,1
N1145,CS_90,"[""N1145"", ""N1797"", ""N1142"", ""CS_90""]",0.9370257568625736,0.6112682098472184,1,1
N1146,CS_154,"[""N1146"", ""N1147"", ""N1798"", ""N1740"", ""N1016"", ""N946"", ""CS_154""]",5.301355765491088,3.512957889772186,1,1
N1147,CS_154,"[""N1147"", ""N1798"", ""N1740"", ""N1016"", ""N946"", ""CS_154""]",4.664193263083432,3.088182888167082,1,1
N1148,CS_138,"[""N1148"", ""N773"", ""N777"", ""N781"", ""N780"", ""N778"", ""N775"", ""CS_138""]",3.1365343979171767,2.0910229319447846,0,1
N1149,CS_138,"[""N1149"", ""N1150"", ""N1799"", ""N1811"", ""N1176"", ""N1175"", ""N773"", ""N777"", ""N781"", ""N780"", ""N778"", ""N775"", ""CS_138""]",4.47509391228371,2.96662154680056,2,1
N1150,CS_138,"[""N1150"", ""N1799"", ""N1811"", ""N1176"", ""N1175"", ""N773"", ""N777"", ""N781"", ""N780"", ""N778"", ""N775"", ""CS_138""]",4.098990156704069,2.715885709747466,2,1
N1151,CS_138,"[""N1151"", ""N1811"", ""N1176"", ""N1175"", ""N773"", ""N777"", ""N781"", ""N780"", ""N778"", ""N775"", ""CS_138""]",3.7404949260630413,2.472918309513075,2,1
N1152,CS_138,"[""N1152"", ""N1151"", ""N1811"", ""N1176"", ""N1175"", ""N773"", ""N777"", ""N781"", ""N780"", ""N778"", ""N775"", ""CS_138""]",4.122774791149397,2.7277715529039788,2,1
N1153,CS_135,"[""N1153"", ""N1154"", ""N1801"", ""N937"", ""N936"", ""N820"", ""N817"", ""N818"", ""N815"", ""N812"", ""N810"", ""CS_135""]",4.830019664467085,3.212062791316833,1,1
N1154,CS_135,"[""N1154"", ""N1801"", ""N937"", ""N936"", ""N820"", ""N817"", ""N818"", ""N815"", ""N812"", ""N810"", ""CS_135""]",3.859051904315789,2.564750951215969,1,1
N1155,CS_135,"[""N1155"", ""N1156"", ""N1803"", ""N1158"", ""N1157"", ""N995"", ""N818"", ""N815"", ""N812"", ""N810"", ""CS_135""]",3.7143028280309975,2.459223859235485,2,1
N1156,CS_135,"[""N1156"", ""N1803"", ""N1158"", ""N1157"", ""N995"", ""N818"", ""N815"", ""N812"", ""N810"", ""CS_135""]",2.639011926829327,1.7423632584343711,2,1
N1157,CS_135,"[""N1157"", ""N995"", ""N818"", ""N815"", ""N812"", ""N810"", ""CS_135""]",1.7354945040048517,1.1468687546405296,1,1
N1158,CS_135,"[""N1158"", ""N1157"", ""N995"", ""N818"", ""N815"", ""N812"", ""N810"", ""CS_135""]",2.2038595637077245,1.459112127775778,1,1
N1159,CS_129,"[""N1159"", ""N1160"", ""N1804"", ""N945"", ""N1020"", ""N1021"", ""N1743"", ""CS_129""]",3.8532058664608235,2.5431939296001085,2,1
N1160,CS_129,"[""N1160"", ""N1804"", ""N945"", ""N1020"", ""N1021"", ""N1743"", ""CS_129""]",3.4868015930133045,2.2989244139684293,2,1
N1161,CS_144,"[""N1161"", ""N1162"", ""N1805"", ""N1069"", ""N1765"", ""N1685"", ""N639"", ""N643"", ""N883"", ""N882"", ""N641"", ""N640"", ""N1099"", ""CS_144""]",8.937434471825426,5.975685293275035,2,1
N1162,CS_144,"[""N1162"", ""N1805"", ""N1069"", ""N1765"", ""N1685"", ""N639"", ""N643"", ""N883"", ""N882"", ""N641"", ""N640"", ""N1099"", ""CS_144""]",8.787321320854813,5.8756098592946255,2,1
N1163,CS_135,"[""N1163"", ""N1164"", ""N1806"", ""N1814"", ""N1182"", ""N1181"", ""N802"", ""N810"", ""CS_135""]",3.7760739923320785,2.4848240707158835,2,1
N1164,CS_135,"[""N1164"", ""N1806"", ""N1814"", ""N1182"", ""N1181"", ""N802"", ""N810"", ""CS_135""]",3.079759986725063,2.02061473364454,2,1
N1165,CS_114,"[""N1165"", ""N1166"", ""N714"", ""N715"", ""N719"", ""N724"", ""CS_114""]",2.251427049600494,1.5009513664003296,0,1
N1166,CS_114,"[""N1166"", ""N714"", ""N715"", ""N719"", ""N724"", ""CS_114""]",1.5942861881284902,1.0628574587523267,0,1
N1167,CS_114,"[""N1167"", ""N1168"", ""N1166"", ""N714"", ""N715"", ""N719"", ""N724"", ""CS_114""]",2.158117830961298,1.4283432470611888,1,1
N1168,CS_114,"[""N1168"", ""N1166"", ""N714"", ""N715"", ""N719"", ""N724"", ""CS_114""]",1.713908884294768,1.1322039492835023,1,1
N1169,CS_125,"[""N1169"", ""N1170"", ""N1808"", ""CS_125""]",3.329953456878945,2.21996897125263,0,1
N1170,CS_125,"[""N1170"", ""N1808"", ""CS_125""]",2.2038404354617382,1.4692269569744922,0,1
N1171,CS_122,"[""N1171"", ""N798"", ""N1706"", ""CS_122""]",1.149702954576302,0.7580101851465979,1,1
N1172,CS_122,"[""N1172"", ""N1171"", ""N798"", ""N1706"", ""CS_122""]",1.6281421749281755,1.0769696653811804,1,1
N1173,CS_137,"[""N1173"", ""N795"", ""N934"", ""N935"", ""CS_137""]",2.3369241804494165,1.5416185086843452,1,1
N1174,CS_137,"[""N1174"", ""N1173"", ""N795"", ""N934"", ""N935"", ""CS_137""]",4.322458228292919,2.8653078739133466,1,1
N1175,CS_138,"[""N1175"", ""N773"", ""N777"", ""N781"", ""N780"", ""N778"", ""N775"", ""CS_138""]",2.8136540088940016,1.8700356798307762,1,1
N1176,CS_138,"[""N1176"", ""N1175"", ""N773"", ""N777"", ""N781"", ""N780"", ""N778"", ""N775"", ""CS_138""]",3.1468378164459763,2.0921582181987595,1,1
N1177,CS_80,"[""N1177"", ""N1178"", ""N1812"", ""N1689"", ""N666"", ""N660"", ""N1716"", ""N1006"", ""N892"", ""N890"", ""N888"", ""CS_80""]",9.520268530761712,6.27593785206602,2,1
N1178,CS_80,"[""N1178"", ""N1812"", ""N1689"", ""N666"", ""N660"", ""N1716"", ""N1006"", ""N892"", ""N890"", ""N888"", ""CS_80""]",8.649151473484121,5.695193147214292,2,1
N1179,CS_156,"[""N1179"", ""N1180"", ""N1813"", ""N737"", ""N738"", ""N735"", ""N906"", ""CS_156""]",2.028932148756786,1.341614065923986,1,1
N1180,CS_156,"[""N1180"", ""N1813"", ""N737"", ""N738"", ""N735"", ""N906"", ""CS_156""]",1.7780089836141646,1.1743319558289047,1,1
N1181,CS_135,"[""N1181"", ""N802"", ""N810"", ""CS_135""]",1.3030250493941802,0.8516250388524317,1,1
N1182,CS_135,"[""N1182"", ""N1181"", ""N802"", ""N810"", ""CS_135""]",1.577041700435792,1.0343028062135062,1,1
N1183,CS_88,"[""N1183"", ""N959"", ""N822"", ""CS_88""]",3.116771911083145,2.067368564119784,1,1
N1184,CS_88,"[""N1184"", ""N1183"", ""N959"", ""N822"", ""CS_88""]",4.076855667255025,2.7074244015677036,1,1
N1185,CS_78,"[""N1185"", ""N897"", ""N636"", ""N637"", ""N1684"", ""N638"", ""N649"", ""CS_78""]",3.370079791339145,2.2188360012500143,2,1
N1186,CS_78,"[""N1186"", ""N1185"", ""N897"", ""N636"", ""N637"", ""N1684"", ""N638"", ""N649"", ""CS_78""]",3.600770581614448,2.3726298614335497,2,1
N1187,CS_81,"[""N1187"", ""N1188"", ""N1817"", ""CS_81""]",0.9532468148003661,0.6354978765335775,0,1
N1188,CS_81,"[""N1188"", ""N1817"", ""CS_81""]",0.6797031313632163,0.45313542090881087,0,1
N1189,CS_99,"[""N1189"", ""N1190"", ""N1112"", ""N863"", ""CS_99""]",2.0318599351959805,1.31875633827003,1,1
N1190,CS_99,"[""N1190"", ""N1112"", ""N863"", ""CS_99""]",1.0776984109661385,0.6826486554501353,1,1
N1191,CS_150,"[""N1191"", ""N1192"", ""N1819"", ""CS_150""]",2.200321200738844,1.4668808004925626,0,1
N1192,CS_150,"[""N1192"", ""N1819"", ""CS_150""]",1.475986586394033,0.983991057596022,0,1
N1193,CS_91,"[""N1193"", ""N1194"", ""N1820"", ""CS_91""]",1.5573089616418032,1.0382059744278687,0,1
N1194,CS_91,"[""N1194"", ""N1820"", ""CS_91""]",1.4582307217226333,0.9721538144817555,0,1
N1195,CS_94,"[""N1195"", ""N969"", ""N968"", ""CS_94""]",3.1460091089904516,2.038962069505287,1,1
N1196,CS_94,"[""N1196"", ""N1195"", ""N969"", ""N968"", ""CS_94""]",3.5406913440938856,2.3020835595742435,1,1
N1199,CS_93,"[""N1199"", ""N1200"", ""N1823"", ""CS_93""]",2.4470820812011604,1.631388054134107,0,1
N1200,CS_93,"[""N1200"", ""N1823"", ""CS_93""]",1.7734666894607298,1.182311126307153,0,1
N1201,CS_86,"[""N1201"", ""N965"", ""N872"", ""CS_86""]",6.096194322397625,4.1455609672631475,1,1
N1202,CS_86,"[""N1202"", ""N1201"", ""N965"", ""N872"", ""CS_86""]",6.264100138630375,4.313466783495897,1,1
N1203,CS_24,"[""N1203"", ""N98"", ""N91"", ""CS_24""]",1.9656431159636014,1.2707751584295268,1,1
N1204,CS_24,"[""N1204"", ""N1203"", ""N98"", ""N91"", ""CS_24""]",2.1830307864800353,1.4157002721071494,1,1
N1205,CS_12,"[""N1205"", ""N1206"", ""N1826"", ""N1225"", ""N1445"", ""N289"", ""N101"", ""N1221"", ""N1219"", ""N630"", ""N1217"", ""N628"", ""N368"", ""N626"", ""N627"", ""N1679"", ""CS_12""]",3.759575630869882,2.4136648358917268,10,1
N1206,CS_12,"[""N1206"", ""N1826"", ""N1225"", ""N1445"", ""N289"", ""N101"", ""N1221"", ""N1219"", ""N630"", ""N1217"", ""N628"", ""N368"", ""N626"", ""N627"", ""N1679"", ""CS_12""]",3.5123857610501363,2.2488715893452302,10,1
N1207,CS_12,"[""N1207"", ""N616"", ""N617"", ""N1674"", ""N1678"", ""N625"", ""N624"", ""N622"", ""N623"", ""N1677"", ""N1679"", ""CS_12""]",2.77845184817662,1.8286560250202126,4,1
N1208,CS_12,"[""N1208"", ""N1207"", ""N616"", ""N617"", ""N1674"", ""N1678"", ""N625"", ""N624"", ""N622"", ""N623"", ""N1677"", ""N1679"", ""CS_12""]",2.997266425947544,1.9745324102008288,4,1
N1209,CS_12,"[""N1209"", ""N608"", ""N1431"", ""N288"", ""N101"", ""N1221"", ""N1219"", ""N630"", ""N1217"", ""N628"", ""N368"", ""N626"", ""N627"", ""N1679"", ""CS_12""]",3.8687044969423527,2.48688437276567,10,1
N1210,CS_12,"[""N1210"", ""N1209"", ""N608"", ""N1431"", ""N288"", ""N101"", ""N1221"", ""N1219"", ""N630"", ""N1217"", ""N628"", ""N368"", ""N626"", ""N627"", ""N1679"", ""CS_12""]",4.063244399404361,2.616577641073676,10,1
N1211,CS_24,"[""N1211"", ""N91"", ""CS_24""]",0.6681849034832665,0.4127399169838656,1,1
N1212,CS_24,"[""N1212"", ""N1211"", ""N91"", ""CS_24""]",0.9941526987355302,0.6300517804853748,1,1
N1213,CS_12,"[""N1213"", ""N624"", ""N622"", ""N623"", ""N1677"", ""N1679"", ""CS_12""]",1.2072535601580894,0.785284053262502,3,1
N1214,CS_12,"[""N1214"", ""N1213"", ""N624"", ""N622"", ""N623"", ""N1677"", ""N1679"", ""CS_12""]",1.4682494478826447,0.9592813117455388,3,1
N1215,CS_12,"[""N1215"", ""N626"", ""N627"", ""N1679"", ""CS_12""]",1.0810128328736415,0.7121916521714363,1,1
N1216,CS_12,"[""N1216"", ""N1215"", ""N626"", ""N627"", ""N1679"", ""CS_12""]",1.2998310622846871,0.8580704717788,1,1
N1217,CS_12,"[""N1217"", ""N628"", ""N368"", ""N626"", ""N627"", ""N1679"", ""CS_12""]",1.2910476472802068,0.8339509648708945,3,1
N1218,CS_12,"[""N1218"", ""N1217"", ""N628"", ""N368"", ""N626"", ""N627"", ""N1679"", ""CS_12""]",1.5243312678130738,0.9894733785594725,3,1
N1219,CS_12,"[""N1219"", ""N630"", ""N1217"", ""N628"", ""N368"", ""N626"", ""N627"", ""N1679"", ""CS_12""]",1.4074895254165907,0.9014535029209721,5,1
N1220,CS_12,"[""N1220"", ""N1219"", ""N630"", ""N1217"", ""N628"", ""N368"", ""N626"", ""N627"", ""N1679"", ""CS_12""]",1.61200916394461,1.0377999286063182,5,1
N1221,CS_12,"[""N1221"", ""N1219"", ""N630"", ""N1217"", ""N628"", ""N368"", ""N626"", ""N627"", ""N1679"", ""CS_12""]",1.542944840691962,0.9799783233704626,6,1
N1222,CS_12,"[""N1222"", ""N1221"", ""N1219"", ""N630"", ""N1217"", ""N628"", ""N368"", ""N626"", ""N627"", ""N1679"", ""CS_12""]",1.7195029408269538,1.097683723460457,6,1
N1223,CS_6,"[""N1223"", ""N96"", ""N97"", ""N1669"", ""N607"", ""N606"", ""N367"", ""N602"", ""N603"", ""N601"", ""N600"", ""CS_6""]",3.4140265285837326,2.2111178386859685,5,1
N1224,CS_6,"[""N1224"", ""N1223"", ""N96"", ""N97"", ""N1669"", ""N607"", ""N606"", ""N367"", ""N602"", ""N603"", ""N601"", ""N600"", ""CS_6""]",3.5543295543018067,2.3046531891646844,5,1
N1225,CS_12,"[""N1225"", ""N1445"", ""N289"", ""N101"", ""N1221"", ""N1219"", ""N630"", ""N1217"", ""N628"", ""N368"", ""N626"", ""N627"", ""N1679"", ""CS_12""]",2.6882840010734808,1.7136070125012686,9,1
N1226,CS_12,"[""N1226"", ""N1225"", ""N1445"", ""N289"", ""N101"", ""N1221"", ""N1219"", ""N630"", ""N1217"", ""N628"", ""N368"", ""N626"", ""N627"", ""N1679"", ""CS_12""]",2.8127844637304182,1.796607320939227,9,1
N1227,CS_12,"[""N1227"", ""N289"", ""N101"", ""N1221"", ""N1219"", ""N630"", ""N1217"", ""N628"", ""N368"", ""N626"", ""N627"", ""N1679"", ""CS_12""]",2.6138836598376374,1.6704763799007794,8,1
N1228,CS_12,"[""N1228"", ""N1227"", ""N289"", ""N101"", ""N1221"", ""N1219"", ""N630"", ""N1217"", ""N628"", ""N368"", ""N626"", ""N627"", ""N1679"", ""CS_12""]",2.7406514369720494,1.754988231323721,8,1
N1229,CS_28,"[""N1229"", ""N1231"", ""N1232"", ""N1839"", ""N1235"", ""N1236"", ""CS_28""]",3.2283836013098077,2.057875506719827,2,1
N1230,CS_28,"[""N1230"", ""N1229"", ""N1231"", ""N1232"", ""N1839"", ""N1235"", ""N1236"", ""CS_28""]",3.5206825399599437,2.252741465819918,2,1
N1231,CS_28,"[""N1231"", ""N1232"", ""N1839"", ""N1235"", ""N1236"", ""CS_28""]",2.5856270050184254,1.6852629871306197,1,1
N1232,CS_28,"[""N1232"", ""N1839"", ""N1235"", ""N1236"", ""CS_28""]",2.346605521314085,1.5259153313277265,1,1
N1233,CS_3,"[""N1233"", ""N138"", ""N296"", ""N137"", ""N388"", ""N306"", ""N305"", ""N1867"", ""N1866"", ""N1285"", ""CS_3""]",2.997582955608356,1.9770894714156841,3,1
N1234,CS_3,"[""N1234"", ""N1233"", ""N138"", ""N296"", ""N137"", ""N388"", ""N306"", ""N305"", ""N1867"", ""N1866"", ""N1285"", ""CS_3""]",3.2940104789976945,2.17470782034191,3,1
N1235,CS_28,"[""N1235"", ""N1236"", ""CS_28""]",0.6687604009055745,0.44584026727038306,0,1
N1236,CS_28,"[""N1236"", ""CS_28""]",0.46368159873461395,0.30912106582307597,0,1
N1237,CS_46,"[""N1237"", ""N1260"", ""N299"", ""N300"", ""N135"", ""N134"", ""CS_46""]",2.388767627515836,1.5723867565382583,2,1
N1238,CS_46,"[""N1238"", ""N1237"", ""N1260"", ""N299"", ""N300"", ""N135"", ""N134"", ""CS_46""]",2.5880730356960906,1.7052570286584279,2,1
N1239,CS_45,"[""N1239"", ""N1240"", ""N1843"", ""N148"", ""N149"", ""N151"", ""N150"", ""CS_45""]",3.2724735232993276,2.166658093182075,1,1
N1240,CS_45,"[""N1240"", ""N1843"", ""N148"", ""N149"", ""N151"", ""N150"", ""CS_45""]",2.98571137852359,1.9754833299982497,1,1
N1241,CS_73,"[""N1241"", ""N164"", ""N374"", ""N1548"", ""N373"", ""N1274"", ""N1276"", ""N1277"", ""N1862"", ""CS_73""]",2.5043580677116166,1.6140186610403813,5,1
N1242,CS_73,"[""N1242"", ""N1241"", ""N164"", ""N374"", ""N1548"", ""N373"", ""N1274"", ""N1276"", ""N1277"", ""N1862"", ""CS_73""]",2.811854801943436,1.8190164838615943,5,1
N1243,CS_70,"[""N1243"", ""N1244"", ""N1251"", ""N1849"", ""CS_70""]",1.5091109211719733,0.9764787387691687,1,1
N1244,CS_70,"[""N1244"", ""N1251"", ""N1849"", ""CS_70""]",1.2406127380498622,0.7974799500210946,1,1
N1245,CS_45,"[""N1245"", ""N146"", ""N301"", ""N150"", ""CS_45""]",2.02783746930023,1.3434079003633523,1,1
N1246,CS_45,"[""N1246"", ""N1245"", ""N146"", ""N301"", ""N150"", ""CS_45""]",2.2707504471963937,1.5053498856274614,1,1
N1247,CS_45,"[""N1247"", ""N1248"", ""N1847"", ""N303"", ""N301"", ""N150"", ""CS_45""]",2.4520036329297876,1.6311362643555758,1,1
N1248,CS_45,"[""N1248"", ""N1847"", ""N303"", ""N301"", ""N150"", ""CS_45""]",2.2468430958383525,1.4943625729612855,1,1
N1249,CS_73,"[""N1249"", ""N1295"", ""N1294"", ""N163"", ""N164"", ""N374"", ""N1548"", ""N373"", ""N1274"", ""N1276"", ""N1277"", ""N1862"", ""CS_73""]",3.5436413592666725,2.289593569788394,5,1
N1250,CS_70,"[""N1250"", ""N1251"", ""N1849"", ""CS_70""]",1.3371565808055423,0.8914377205370283,0,1
N1251,CS_70,"[""N1251"", ""N1849"", ""CS_70""]",0.9002678382435055,0.6001785588290037,0,1
N1252,CS_45,"[""N1252"", ""N149"", ""N151"", ""N150"", ""CS_45""]",1.360415184198577,0.9052755322326995,1,1
N1253,CS_45,"[""N1253"", ""N1252"", ""N149"", ""N151"", ""N150"", ""CS_45""]",1.7252283209788075,1.1484842900861867,1,1
N1254,CS_50,"[""N1254"", ""N1255"", ""CS_50""]",0.6224404780652675,0.41496031871017824,0,1
N1255,CS_50,"[""N1255"", ""CS_50""]",0.3101851230696568,0.20679008204643787,0,1
N1256,CS_52,"[""N1256"", ""N1257"", ""CS_52""]",0.4604820818160764,0.3069880545440509,0,1
N1257,CS_52,"[""N1257"", ""CS_52""]",0.0835615011757082,0.05570766745047213,0,1
N1258,CS_50,"[""N1258"", ""N1254"", ""N1255"", ""CS_50""]",0.7494462022414781,0.4885868254789961,1,1
N1259,CS_50,"[""N1259"", ""N1258"", ""N1254"", ""N1255"", ""CS_50""]",1.225279781624067,0.8058092117340554,1,1
N1260,CS_46,"[""N1260"", ""N299"", ""N300"", ""N135"", ""N134"", ""CS_46""]",2.362527688587247,1.557175197739076,1,1
N1261,CS_46,"[""N1261"", ""N1260"", ""N299"", ""N300"", ""N135"", ""N134"", ""CS_46""]",2.9200660106556904,1.9288674124513716,1,1
N1262,CS_46,"[""N1262"", ""N136"", ""N135"", ""N134"", ""CS_46""]",2.3284863167445438,1.5412802497173914,1,1
N1263,CS_46,"[""N1263"", ""N1262"", ""N136"", ""N135"", ""N134"", ""CS_46""]",2.681031657927525,1.7763104771727123,1,1
N1264,CS_73,"[""N1264"", ""N1265"", ""N1267"", ""N1857"", ""N1300"", ""N1296"", ""N163"", ""N164"", ""N374"", ""N1548"", ""N373"", ""N1274"", ""N1276"", ""N1277"", ""N1862"", ""CS_73""]",5.675608159329718,3.615037196894201,8,1
N1265,CS_73,"[""N1265"", ""N1267"", ""N1857"", ""N1300"", ""N1296"", ""N163"", ""N164"", ""N374"", ""N1548"", ""N373"", ""N1274"", ""N1276"", ""N1277"", ""N1862"", ""CS_73""]",5.2652525730690645,3.341466806053766,8,1
N1266,CS_73,"[""N1266"", ""N1267"", ""N1857"", ""N1300"", ""N1296"", ""N163"", ""N164"", ""N374"", ""N1548"", ""N373"", ""N1274"", ""N1276"", ""N1277"", ""N1862"", ""CS_73""]",5.264235785244734,3.384308418324715,7,1
N1267,CS_73,"[""N1267"", ""N1857"", ""N1300"", ""N1296"", ""N163"", ""N164"", ""N374"", ""N1548"", ""N373"", ""N1274"", ""N1276"", ""N1277"", ""N1862"", ""CS_73""]",4.7647786586332845,3.0513370005837492,7,1
N1268,CS_73,"[""N1268"", ""N1269"", ""N1858"", ""N1300"", ""N1296"", ""N163"", ""N164"", ""N374"", ""N1548"", ""N373"", ""N1274"", ""N1276"", ""N1277"", ""N1862"", ""CS_73""]",4.958633131692732,3.191537138237724,7,1
N1269,CS_73,"[""N1269"", ""N1858"", ""N1300"", ""N1296"", ""N163"", ""N164"", ""N374"", ""N1548"", ""N373"", ""N1274"", ""N1276"", ""N1277"", ""N1862"", ""CS_73""]",4.504239916858881,2.8886083283484902,7,1
N1270,CS_73,"[""N1270"", ""N310"", ""N309"", ""N164"", ""N374"", ""N1548"", ""N373"", ""N1274"", ""N1276"", ""N1277"", ""N1862"", ""CS_73""]",4.079334675909514,2.6643487019849004,5,1
N1271,CS_73,"[""N1271"", ""N1270"", ""N310"", ""N309"", ""N164"", ""N374"", ""N1548"", ""N373"", ""N1274"", ""N1276"", ""N1277"", ""N1862"", ""CS_73""]",4.515398708512841,2.9550580570537854,5,1
N1272,CS_73,"[""N1272"", ""N1277"", ""N1862"", ""CS_73""]",1.078293479841438,0.6888396897001697,1,1
N1273,CS_37,"[""N1273"", ""N1860"", ""CS_37""]",1.192324733642499,0.794883155761666,0,1
N1274,CS_73,"[""N1274"", ""N1276"", ""N1277"", ""N1862"", ""CS_73""]",1.165532784395504,0.7549328322820072,1,1
N1275,CS_73,"[""N1275"", ""N1274"", ""N1276"", ""N1277"", ""N1862"", ""CS_73""]",1.5187648495522075,0.9904208757198096,1,1
N1276,CS_73,"[""N1276"", ""N1277"", ""N1862"", ""CS_73""]",0.91150900860639,0.60767267240426,0,1
N1277,CS_73,"[""N1277"", ""N1862"", ""CS_73""]",0.733033232609031,0.488688821739354,0,1
N1278,CS_42,"[""N1278"", ""N1280"", ""N1281"", ""N1282"", ""N1283"", ""N1865"", ""CS_42""]",1.6565478906397015,1.0707958677347182,2,1
N1279,CS_42,"[""N1279"", ""N1278"", ""N1280"", ""N1281"", ""N1282"", ""N1283"", ""N1865"", ""CS_42""]",1.9693827834474937,1.279352462939913,2,1
N1280,CS_42,"[""N1280"", ""N1281"", ""N1282"", ""N1283"", ""N1865"", ""CS_42""]",1.4802432331851,0.9685902692103114,1,1
N1281,CS_42,"[""N1281"", ""N1282"", ""N1283"", ""N1865"", ""CS_42""]",1.3108648636395674,0.8556713561799565,1,1
N1282,CS_42,"[""N1282"", ""N1283"", ""N1865"", ""CS_42""]",1.1011215051390488,0.7340810034260326,0,1
N1283,CS_42,"[""N1283"", ""N1865"", ""CS_42""]",0.8432990921849958,0.5621993947899973,0,1
N1284,CS_3,"[""N1284"", ""N1285"", ""CS_3""]",0.3979336164384982,0.26528907762566545,0,1
N1285,CS_3,"[""N1285"", ""CS_3""]",0.06619379592702715,0.044129197284684764,0,1
N1286,CS_3,"[""N1286"", ""N1287"", ""N1867"", ""N1866"", ""N1285"", ""CS_3""]",2.7771050647115003,1.8429196578350204,1,1
N1287,CS_3,"[""N1287"", ""N1867"", ""N1866"", ""N1285"", ""CS_3""]",2.445363298831601,1.621758480581754,1,1
N1288,CS_73,"[""N1288"", ""N1289"", ""N1301"", ""N1300"", ""N1296"", ""N163"", ""N164"", ""N374"", ""N1548"", ""N373"", ""N1274"", ""N1276"", ""N1277"", ""N1862"", ""CS_73""]",4.247923832144119,2.725783194126162,7,1
N1289,CS_73,"[""N1289"", ""N1301"", ""N1300"", ""N1296"", ""N163"", ""N164"", ""N374"", ""N1548"", ""N373"", ""N1274"", ""N1276"", ""N1277"", ""N1862"", ""CS_73""]",3.9794059880024584,2.546771298031721,7,1
N1290,CS_52,"[""N1290"", ""N1291"", ""N1256"", ""N1257"", ""CS_52""]",1.0771175876914272,0.6916120704923553,1,1
N1291,CS_52,"[""N1291"", ""N1256"", ""N1257"", ""CS_52""]",0.7648447767882663,0.4834301965569147,1,1
N1292,CS_54,"[""N1292"", ""N1293"", ""N1870"", ""N154"", ""N161"", ""N1298"", ""N1299"", ""CS_54""]",3.1623487111850093,2.0763052075295936,2,1
N1293,CS_54,"[""N1293"", ""N1870"", ""N154"", ""N161"", ""N1298"", ""N1299"", ""CS_54""]",2.9365247880625835,1.9257559254479761,2,1
N1294,CS_73,"[""N1294"", ""N163"", ""N164"", ""N374"", ""N1548"", ""N373"", ""N1274"", ""N1276"", ""N1277"", ""N1862"", ""CS_73""]",3.163861896800576,2.0364072614776627,5,1
N1295,CS_73,"[""N1295"", ""N1294"", ""N163"", ""N164"", ""N374"", ""N1548"", ""N373"", ""N1274"", ""N1276"", ""N1277"", ""N1862"", ""CS_73""]",3.5083090539285102,2.266038699562952,5,1
N1296,CS_73,"[""N1296"", ""N163"", ""N164"", ""N374"", ""N1548"", ""N373"", ""N1274"", ""N1276"", ""N1277"", ""N1862"", ""CS_73""]",3.1368089036041984,2.0207243668710673,5,1
N1297,CS_73,"[""N1297"", ""N1296"", ""N163"", ""N164"", ""N374"", ""N1548"", ""N373"", ""N1274"", ""N1276"", ""N1277"", ""N1862"", ""CS_73""]",3.5737243820556697,2.3120013525053813,5,1
N1298,CS_54,"[""N1298"", ""N1299"", ""CS_54""]",0.6589590268196243,0.43930601787974954,0,1
N1299,CS_54,"[""N1299"", ""CS_54""]",0.339494614190921,0.22632974279394732,0,1
N1300,CS_73,"[""N1300"", ""N1296"", ""N163"", ""N164"", ""N374"", ""N1548"", ""N373"", ""N1274"", ""N1276"", ""N1277"", ""N1862"", ""CS_73""]",3.3545346474293964,2.1469421893784286,6,1
N1301,CS_73,"[""N1301"", ""N1300"", ""N1296"", ""N163"", ""N164"", ""N374"", ""N1548"", ""N373"", ""N1274"", ""N1276"", ""N1277"", ""N1862"", ""CS_73""]",3.7867604597885207,2.435092730951178,6,1
N1302,CS_73,"[""N1302"", ""N1288"", ""N1289"", ""N1301"", ""N1300"", ""N1296"", ""N163"", ""N164"", ""N374"", ""N1548"", ""N373"", ""N1274"", ""N1276"", ""N1277"", ""N1862"", ""CS_73""]",4.633324355098434,2.9492037871431567,8,1
N1303,CS_73,"[""N1303"", ""N1302"", ""N1288"", ""N1289"", ""N1301"", ""N1300"", ""N1296"", ""N163"", ""N164"", ""N374"", ""N1548"", ""N373"", ""N1274"", ""N1276"", ""N1277"", ""N1862"", ""CS_73""]",4.910890931920893,3.1342481716914614,8,1
N1304,CS_42,"[""N1304"", ""N131"", ""N295"", ""N126"", ""N294"", ""N1280"", ""N1281"", ""N1282"", ""N1283"", ""N1865"", ""CS_42""]",2.6555797180919765,1.7199414819195522,3,1
N1305,CS_42,"[""N1305"", ""N1304"", ""N131"", ""N295"", ""N126"", ""N294"", ""N1280"", ""N1281"", ""N1282"", ""N1283"", ""N1865"", ""CS_42""]",3.0140586734548647,1.9589274521614777,3,1
N1306,CS_72,"[""N1306"", ""N1307"", ""N1876"", ""CS_72""]",1.267392491480157,0.8449283276534381,0,1
N1307,CS_72,"[""N1307"", ""N1876"", ""CS_72""]",0.9928337185879925,0.6618891457253283,0,1
N1308,CS_72,"[""N1308"", ""N1314"", ""N1307"", ""N1876"", ""CS_72""]",1.3219300484160015,0.8526696267850438,2,1
N1309,CS_72,"[""N1309"", ""N1308"", ""N1314"", ""N1307"", ""N1876"", ""CS_72""]",1.527044574391754,0.9894126441022121,2,1
N1310,CS_72,"[""N1310"", ""N1309"", ""N1308"", ""N1314"", ""N1307"", ""N1876"", ""CS_72""]",1.8364923559835813,1.1688026624163146,3,1
N1311,CS_72,"[""N1311"", ""N1310"", ""N1309"", ""N1308"", ""N1314"", ""N1307"", ""N1876"", ""CS_72""]",2.0416081459814768,1.3055465224149119,3,1
N1312,CS_72,"[""N1312"", ""N1310"", ""N1309"", ""N1308"", ""N1314"", ""N1307"", ""N1876"", ""CS_72""]",2.13286661735147,1.3406138284266849,4,1
N1313,CS_72,"[""N1313"", ""N1312"", ""N1310"", ""N1309"", ""N1308"", ""N1314"", ""N1307"", ""N1876"", ""CS_72""]",2.3726172788838924,1.5004476027816334,4,1
N1314,CS_72,"[""N1314"", ""N1307"", ""N1876"", ""CS_72""]",1.2119924015567505,0.7889376575912749,1,1
N1315,CS_72,"[""N1315"", ""N1314"", ""N1307"", ""N1876"", ""CS_72""]",1.4172341811774898,0.9257655106717679,1,1
N1316,CS_72,"[""N1316"", ""N1313"", ""N1312"", ""N1310"", ""N1309"", ""N1308"", ""N1314"", ""N1307"", ""N1876"", ""CS_72""]",3.040371923117246,1.8875517443661862,5,1
N1317,CS_72,"[""N1317"", ""N1316"", ""N1313"", ""N1312"", ""N1310"", ""N1309"", ""N1308"", ""N1314"", ""N1307"", ""N1876"", ""CS_72""]",3.3625528495143326,2.1023390286309107,5,1
N1318,CS_72,"[""N1318"", ""N1317"", ""N1316"", ""N1313"", ""N1312"", ""N1310"", ""N1309"", ""N1308"", ""N1314"", ""N1307"", ""N1876"", ""CS_72""]",3.902187922790974,2.4151709551680938,6,1
N1319,CS_72,"[""N1319"", ""N1318"", ""N1317"", ""N1316"", ""N1313"", ""N1312"", ""N1310"", ""N1309"", ""N1308"", ""N1314"", ""N1307"", ""N1876"", ""CS_72""]",4.2363954118852245,2.665823438832736,6,1
N1320,CS_72,"[""N1320"", ""N311"", ""N1319"", ""N1318"", ""N1317"", ""N1316"", ""N1313"", ""N1312"", ""N1310"", ""N1309"", ""N1308"", ""N1314"", ""N1307"", ""N1876"", ""CS_72""]",4.813246479154149,3.0671839056122545,8,1
N1321,CS_72,"[""N1321"", ""N1320"", ""N311"", ""N1319"", ""N1318"", ""N1317"", ""N1316"", ""N1313"", ""N1312"", ""N1310"", ""N1309"", ""N1308"", ""N1314"", ""N1307"", ""N1876"", ""CS_72""]",5.035919299741014,3.2580490499030574,8,1
N1322,CS_72,"[""N1322"", ""N1321"", ""N1320"", ""N311"", ""N1319"", ""N1318"", ""N1317"", ""N1316"", ""N1313"", ""N1312"", ""N1310"", ""N1309"", ""N1308"", ""N1314"", ""N1307"", ""N1876"", ""CS_72""]",5.317622204552777,3.5030080975654596,9,1
N1323,CS_72,"[""N1323"", ""N1322"", ""N1321"", ""N1320"", ""N311"", ""N1319"", ""N1318"", ""N1317"", ""N1316"", ""N1313"", ""N1312"", ""N1310"", ""N1309"", ""N1308"", ""N1314"", ""N1307"", ""N1876"", ""CS_72""]",5.439263477867989,3.624649370880672,9,1
N1324,CS_72,"[""N1324"", ""N1323"", ""N1322"", ""N1321"", ""N1320"", ""N311"", ""N1319"", ""N1318"", ""N1317"", ""N1316"", ""N1313"", ""N1312"", ""N1310"", ""N1309"", ""N1308"", ""N1314"", ""N1307"", ""N1876"", ""CS_72""]",5.719039563954247,3.867932923999158,10,1
N1325,CS_72,"[""N1325"", ""N1324"", ""N1323"", ""N1322"", ""N1321"", ""N1320"", ""N311"", ""N1319"", ""N1318"", ""N1317"", ""N1316"", ""N1313"", ""N1312"", ""N1310"", ""N1309"", ""N1308"", ""N1314"", ""N1307"", ""N1876"", ""CS_72""]",5.918461064909451,4.067354424954361,10,1
N1326,CS_64,"[""N1326"", ""N323"", ""N322"", ""N197"", ""N198"", ""N410"", ""N199"", ""CS_64""]",2.0603312658373008,1.3700186763307896,1,1
N1327,CS_64,"[""N1327"", ""N1326"", ""N323"", ""N322"", ""N197"", ""N198"", ""N410"", ""N199"", ""CS_64""]",2.3114446631820464,1.5374276078939533,1,1
N1328,CS_64,"[""N1328"", ""N1326"", ""N323"", ""N322"", ""N197"", ""N198"", ""N410"", ""N199"", ""CS_64""]",2.1263866080594402,1.408311628343624,2,1
N1329,CS_64,"[""N1329"", ""N1328"", ""N1326"", ""N323"", ""N322"", ""N197"", ""N198"", ""N410"", ""N199"", ""CS_64""]",2.494451722906555,1.653688371575034,2,1
N1330,CS_64,"[""N1330"", ""N323"", ""N322"", ""N197"", ""N198"", ""N410"", ""N199"", ""CS_64""]",2.3584199177986944,1.5428236919605829,1,1
N1331,CS_64,"[""N1331"", ""N1330"", ""N323"", ""N322"", ""N197"", ""N198"", ""N410"", ""N199"", ""CS_64""]",2.5084325587198415,1.6428321192413478,1,1
N1332,CS_29,"[""N1332"", ""N202"", ""N204"", ""N344"", ""CS_29""]",1.775610218177416,1.1784992292208971,1,1
N1333,CS_29,"[""N1333"", ""N1332"", ""N202"", ""N204"", ""N344"", ""CS_29""]",2.2436681883376846,1.4905378759944095,1,1
N1334,CS_136,"[""N1334"", ""N1335"", ""N1424"", ""N1423"", ""N1421"", ""N1422"", ""N1933"", ""N1347"", ""N1346"", ""N1901"", ""N1355"", ""N1356"", ""N1900"", ""CS_136""]",3.5623230036728977,2.3028691866712605,5,1
N1335,CS_136,"[""N1335"", ""N1424"", ""N1423"", ""N1421"", ""N1422"", ""N1933"", ""N1347"", ""N1346"", ""N1901"", ""N1355"", ""N1356"", ""N1900"", ""CS_136""]",3.3044828300183626,2.1309757375682374,5,1
N1336,CS_136,"[""N1336"", ""N1890"", ""N1335"", ""N1424"", ""N1423"", ""N1421"", ""N1422"", ""N1933"", ""N1347"", ""N1346"", ""N1901"", ""N1355"", ""N1356"", ""N1900"", ""CS_136""]",3.8677712958281045,2.4963731832700544,6,1
N1337,CS_136,"[""N1337"", ""N1336"", ""N1890"", ""N1335"", ""N1424"", ""N1423"", ""N1421"", ""N1422"", ""N1933"", ""N1347"", ""N1346"", ""N1901"", ""N1355"", ""N1356"", ""N1900"", ""CS_136""]",4.140716186938327,2.6783364440102027,6,1
N1338,CS_68,"[""N1338"", ""N1405"", ""N1406"", ""N1925"", ""CS_68""]",1.3540325286194235,0.8728895949613047,1,1
N1339,CS_68,"[""N1339"", ""N1338"", ""N1405"", ""N1406"", ""N1925"", ""CS_68""]",1.6320444860878802,1.0582308999402759,1,1
N1340,CS_1,"[""N1340"", ""N1341"", ""N1893"", ""N1372"", ""N1371"", ""N378"", ""N379"", ""N1553"", ""CS_1""]",3.266338220230119,2.140087947412959,2,1
N1341,CS_1,"[""N1341"", ""N1893"", ""N1372"", ""N1371"", ""N378"", ""N379"", ""N1553"", ""CS_1""]",2.8636599603214816,1.8716357741405343,2,1
N1342,CS_66,"[""N1342"", ""N188"", ""N179"", ""N180"", ""N194"", ""N392"", ""CS_66""]",1.7018747886015153,1.1288395381825784,1,1
N1343,CS_66,"[""N1343"", ""N1342"", ""N188"", ""N179"", ""N180"", ""N194"", ""N392"", ""CS_66""]",2.1366538439961626,1.41869224177901,1,1
N1344,CS_136,"[""N1344"", ""N1345"", ""N1895"", ""N1896"", ""N1347"", ""N1346"", ""N1901"", ""N1355"", ""N1356"", ""N1900"", ""CS_136""]",4.090933161377219,2.6789565346821163,3,1
N1345,CS_136,"[""N1345"", ""N1895"", ""N1896"", ""N1347"", ""N1346"", ""N1901"", ""N1355"", ""N1356"", ""N1900"", ""CS_136""]",3.6798517287274555,2.404902246248941,3,1
N1346,CS_136,"[""N1346"", ""N1901"", ""N1355"", ""N1356"", ""N1900"", ""CS_136""]",1.5263316417465216,0.9807100131248888,2,1
N1347,CS_136,"[""N1347"", ""N1346"", ""N1901"", ""N1355"", ""N1356"", ""N1900"", ""CS_136""]",1.7762710260719279,1.1473362693418263,2,1
N1348,CS_64,"[""N1348"", ""N1349"", ""N1897"", ""N1886"", ""N1327"", ""N1326"", ""N323"", ""N322"", ""N197"", ""N198"", ""N410"", ""N199"", ""CS_64""]",3.562990953960774,2.3576528470363503,2,1
N1349,CS_64,"[""N1349"", ""N1897"", ""N1886"", ""N1327"", ""N1326"", ""N323"", ""N322"", ""N197"", ""N198"", ""N410"", ""N199"", ""CS_64""]",3.259110561805951,2.155065918933135,2,1
N1350,CS_1,"[""N1350"", ""N1371"", ""N378"", ""N379"", ""N1553"", ""CS_1""]",2.066122610671137,1.3692937329476793,2,1
N1351,CS_1,"[""N1351"", ""N1350"", ""N1371"", ""N378"", ""N379"", ""N1553"", ""CS_1""]",2.3285550995759086,1.5442487255508608,2,1
N1352,CS_49,"[""N1352"", ""N1899"", ""N175"", ""N176"", ""N187"", ""CS_49""]",2.744243506801931,1.8249302668294491,1,1
N1353,CS_49,"[""N1353"", ""N1354"", ""N1352"", ""N1899"", ""N175"", ""N176"", ""N187"", ""CS_49""]",3.11156976235169,2.069814437195955,1,1
N1354,CS_49,"[""N1354"", ""N1352"", ""N1899"", ""N175"", ""N176"", ""N187"", ""CS_49""]",2.7942812237924883,1.858288744823154,1,1
N1355,CS_136,"[""N1355"", ""N1356"", ""N1900"", ""CS_136""]",1.102620872626078,0.7350805817507187,0,1
N1356,CS_136,"[""N1356"", ""N1900"", ""CS_136""]",0.8334306099135076,0.555620406609005,0,1
N1357,CS_136,"[""N1357"", ""N1358"", ""N1901"", ""N1355"", ""N1356"", ""N1900"", ""CS_136""]",2.117478908582836,1.3947389350692054,1,1
N1358,CS_136,"[""N1358"", ""N1901"", ""N1355"", ""N1356"", ""N1900"", ""CS_136""]",1.8364292795047699,1.207372515683828,1,1
N1359,CS_136,"[""N1359"", ""N1933"", ""N1347"", ""N1346"", ""N1901"", ""N1355"", ""N1356"", ""N1900"", ""CS_136""]",2.178242725705296,1.3803633415930538,4,1
N1360,CS_40,"[""N1360"", ""N1902"", ""N1369"", ""N1370"", ""N1907"", ""CS_40""]",1.9945164972780824,1.2943603199940894,1,1
N1361,CS_49,"[""N1361"", ""N1904"", ""N193"", ""N187"", ""CS_49""]",1.2511790387561805,0.804314233296456,2,1
N1362,CS_49,"[""N1362"", ""N1361"", ""N1904"", ""N193"", ""N187"", ""CS_49""]",1.5694919391253221,1.0165228335425507,2,1
N1363,CS_49,"[""N1363"", ""N1364"", ""N1904"", ""N193"", ""N187"", ""CS_49""]",1.8780311254680917,1.2372160614663217,1,1
N1364,CS_49,"[""N1364"", ""N1904"", ""N193"", ""N187"", ""CS_49""]",1.3178642911242637,0.863771505237103,1,1
N1365,CS_136,"[""N1365"", ""N1334"", ""N1335"", ""N1424"", ""N1423"", ""N1421"", ""N1422"", ""N1933"", ""N1347"", ""N1346"", ""N1901"", ""N1355"", ""N1356"", ""N1900"", ""CS_136""]",3.689353353026375,2.37650996890516,6,1
N1366,CS_64,"[""N1366"", ""N1905"", ""N328"", ""N207"", ""N206"", ""N324"", ""N325"", ""N200"", ""N198"", ""N410"", ""N199"", ""CS_64""]",3.4708659095757577,2.3116277099177815,1,1
N1367,CS_21,"[""N1367"", ""N1393"", ""N1373"", ""N1375"", ""N1376"", ""CS_21""]",1.004804833744952,0.6183528672871927,3,1
N1368,CS_21,"[""N1368"", ""N1367"", ""N1393"", ""N1373"", ""N1375"", ""N1376"", ""CS_21""]",1.2695038713237503,0.7948188923397248,3,1
N1369,CS_40,"[""N1369"", ""N1370"", ""N1907"", ""CS_40""]",0.8471379712690343,0.5647586475126896,0,1
N1370,CS_40,"[""N1370"", ""N1907"", ""CS_40""]",0.6173857263724201,0.41159048424828004,0,1
N1371,CS_1,"[""N1371"", ""N378"", ""N379"", ""N1553"", ""CS_1""]",2.0469414858247563,1.358174240283111,1,1
N1372,CS_1,"[""N1372"", ""N1371"", ""N378"", ""N379"", ""N1553"", ""CS_1""]",2.347167787764919,1.5583251082432192,1,1
N1373,CS_21,"[""N1373"", ""N1375"", ""N1376"", ""CS_21""]",0.6367520302067867,0.4049889232070969,1,1
N1374,CS_21,"[""N1374"", ""N1373"", ""N1375"", ""N1376"", ""CS_21""]",0.9113588872731273,0.588060161251324,1,1
N1375,CS_21,"[""N1375"", ""N1376"", ""CS_21""]",0.41235908216970235,0.27490605477980157,0,1
N1376,CS_21,"[""N1376"", ""CS_21""]",0.13845250354085564,0.0923016690272371,0,1
N1377,CS_38,"[""N1377"", ""N1381"", ""N1379"", ""N1380"", ""N1912"", ""N1915"", ""N1386"", ""N1385"", ""N1383"", ""N1387"", ""N167"", ""CS_38""]",3.5143121827583355,2.2555226421823855,6,1
N1378,CS_38,"[""N1378"", ""N1377"", ""N1381"", ""N1379"", ""N1380"", ""N1912"", ""N1915"", ""N1386"", ""N1385"", ""N1383"", ""N1387"", ""N167"", ""CS_38""]",3.7921001530752148,2.4407146223936396,6,1
N1379,CS_38,"[""N1379"", ""N1380"", ""N1912"", ""N1915"", ""N1386"", ""N1385"", ""N1383"", ""N1387"", ""N167"", ""CS_38""]",3.265339608998399,2.111190715365032,4,1
N1380,CS_38,"[""N1380"", ""N1912"", ""N1915"", ""N1386"", ""N1385"", ""N1383"", ""N1387"", ""N167"", ""CS_38""]",2.940593484062353,1.894693298741001,4,1
N1381,CS_38,"[""N1381"", ""N1379"", ""N1380"", ""N1912"", ""N1915"", ""N1386"", ""N1385"", ""N1383"", ""N1387"", ""N167"", ""CS_38""]",3.392363400248856,2.184827695800079,5,1
N1382,CS_38,"[""N1382"", ""N1381"", ""N1379"", ""N1380"", ""N1912"", ""N1915"", ""N1386"", ""N1385"", ""N1383"", ""N1387"", ""N167"", ""CS_38""]",3.710491647546342,2.3969131939984027,5,1
N1383,CS_38,"[""N1383"", ""N1387"", ""N167"", ""CS_38""]",0.4338978822727271,0.26972331416562556,2,1
N1384,CS_38,"[""N1384"", ""N1383"", ""N1387"", ""N167"", ""CS_38""]",0.7025573579001043,0.44882963125054376,2,1
N1385,CS_38,"[""N1385"", ""N1383"", ""N1387"", ""N167"", ""CS_38""]",0.6889863603601608,0.4176006927670365,3,1
N1386,CS_38,"[""N1386"", ""N1385"", ""N1383"", ""N1387"", ""N167"", ""CS_38""]",0.8714689629866196,0.5392557611846757,3,1
N1387,CS_38,"[""N1387"", ""N167"", ""CS_38""]",0.31416471627710213,0.20031278315366904,1,1
N1388,CS_38,"[""N1388"", ""N1387"", ""N167"", ""CS_38""]",0.6013141115149805,0.39174571331225466,1,1
N1389,CS_38,"[""N1389"", ""N167"", ""CS_38""]",0.4842098360624128,0.2988896641886317,1,1
N1390,CS_38,"[""N1390"", ""N1389"", ""N167"", ""CS_38""]",0.7877095531338062,0.5012228089028941,1,1
N1391,,"[""N1391"", """"]",0.10188142886770368,0.06792095257846913,0,1
N1392,,"[""N1392"", ""N1391"", """"]",0.599784575840502,0.39985638389366807,0,1
N1393,CS_21,"[""N1393"", ""N1373"", ""N1375"", ""N1376"", ""CS_21""]",0.8735590930861155,0.5422683799487367,2,1
N1394,CS_21,"[""N1394"", ""N1393"", ""N1373"", ""N1375"", ""N1376"", ""CS_21""]",1.2405290315411563,0.7869150055854306,2,1
N1395,,"[""N1395"", ""N372"", ""N315"", ""N316"", ""N1391"", """"]",0.6478669869424265,0.4056864645600851,3,1
N1396,,"[""N1396"", ""N1395"", ""N372"", ""N315"", ""N316"", ""N1391"", """"]",1.0498919300287772,0.673703093284319,3,1
N1397,CS_8,"[""N1397"", ""N1399"", ""CS_8""]",0.173645596505099,0.11079992875460776,1,1
N1398,CS_8,"[""N1398"", ""N1397"", ""N1399"", ""CS_8""]",0.4584320765075839,0.3006575820895977,1,1
N1399,CS_8,"[""N1399"", ""CS_8""]",0.11656187064399595,0.07770791376266396,0,1
N1400,CS_8,"[""N1400"", ""N1399"", ""CS_8""]",0.43849040371707015,0.2923269358113801,0,1
N1401,CS_64,"[""N1401"", ""N1402"", ""N1923"", ""N200"", ""N198"", ""N410"", ""N199"", ""CS_64""]",2.7032701434255544,1.7930487205767152,1,1
N1402,CS_64,"[""N1402"", ""N1923"", ""N200"", ""N198"", ""N410"", ""N199"", ""CS_64""]",1.9433088785184962,1.2864078773053431,1,1
N1403,CS_36,"[""N1403"", ""N169"", ""N1407"", ""CS_36""]",0.9657462173135176,0.581898169123855,2,1
N1404,CS_36,"[""N1404"", ""N1403"", ""N169"", ""N1407"", ""CS_36""]",1.1593359814369104,0.7109580118727835,2,1
N1405,CS_68,"[""N1405"", ""N1406"", ""N1925"", ""CS_68""]",1.011346817925514,0.6742312119503427,0,1
N1406,CS_68,"[""N1406"", ""N1925"", ""CS_68""]",0.7442541028260764,0.49616940188405095,0,1
N1407,CS_36,"[""N1407"", ""CS_36""]",0.2535208295008811,0.16901388633392075,0,1
N1408,CS_36,"[""N1408"", ""N1407"", ""CS_36""]",0.4927019504884631,0.32846796699230874,0,1
N1409,CS_36,"[""N1409"", ""N1425"", ""N172"", ""N317"", ""N169"", ""N1407"", ""CS_36""]",2.032608564883954,1.2942649545971585,3,1
N1410,CS_36,"[""N1410"", ""N1409"", ""N1425"", ""N172"", ""N317"", ""N169"", ""N1407"", ""CS_36""]",2.4346563833936115,1.5622968336035967,3,1
N1411,CS_49,"[""N1411"", ""N177"", ""N187"", ""CS_49""]",0.8129378911410414,0.5404000696803651,1,1
N1412,CS_49,"[""N1412"", ""N1411"", ""N177"", ""N187"", ""CS_49""]",1.1880642185576369,0.7904842879580954,1,1
N1413,CS_39,"[""N1413"", ""N1414"", ""N1929"", ""CS_39""]",1.1430273379920495,0.762018225328033,0,1
N1414,CS_39,"[""N1414"", ""N1929"", ""CS_39""]",0.8308971336159253,0.5539314224106169,0,1
N1415,CS_75,"[""N1415"", ""N1416"", ""N1930"", ""CS_75""]",0.8809769658675239,0.587317977245016,0,1
N1416,CS_75,"[""N1416"", ""N1930"", ""CS_75""]",0.5848736826903158,0.3899157884602106,0,1
N1417,CS_75,"[""N1417"", ""N1415"", ""N1416"", ""N1930"", ""CS_75""]",1.130331588868029,0.7318713818829898,1,1
N1418,CS_63,"[""N1418"", ""N1931"", ""CS_63""]",1.0288189483541568,0.6858792989027711,0,1
N1419,CS_29,"[""N1419"", ""N344"", ""CS_29""]",0.328757948282753,0.2007616800529053,1,1
N1420,CS_29,"[""N1420"", ""N1419"", ""N344"", ""CS_29""]",0.5010807871979673,0.31564357266304816,1,1
N1421,CS_136,"[""N1421"", ""N1422"", ""N1933"", ""N1347"", ""N1346"", ""N1901"", ""N1355"", ""N1356"", ""N1900"", ""CS_136""]",2.8576131286569595,1.853812056367242,3,1
N1422,CS_136,"[""N1422"", ""N1933"", ""N1347"", ""N1346"", ""N1901"", ""N1355"", ""N1356"", ""N1900"", ""CS_136""]",2.651681141467665,1.7165240649077118,3,1
N1423,CS_136,"[""N1423"", ""N1421"", ""N1422"", ""N1933"", ""N1347"", ""N1346"", ""N1901"", ""N1355"", ""N1356"", ""N1900"", ""CS_136""]",2.9641203974798636,1.9155554006124036,4,1
N1424,CS_136,"[""N1424"", ""N1423"", ""N1421"", ""N1422"", ""N1933"", ""N1347"", ""N1346"", ""N1901"", ""N1355"", ""N1356"", ""N1900"", ""CS_136""]",3.1723713888819534,2.054389394880464,4,1
N1425,CS_36,"[""N1425"", ""N172"", ""N317"", ""N169"", ""N1407"", ""CS_36""]",1.927602831130197,1.2333920654645456,2,1
N1426,CS_36,"[""N1426"", ""N1425"", ""N172"", ""N317"", ""N169"", ""N1407"", ""CS_36""]",2.2172853630321754,1.4265137533991978,2,1
N1427,CS_24,"[""N1427"", ""N1428"", ""N1936"", ""N78"", ""N79"", ""N286"", ""N285"", ""N287"", ""N88"", ""N91"", ""CS_24""]",7.233177689432135,4.781127466436063,1,1
N1428,CS_24,"[""N1428"", ""N1936"", ""N78"", ""N79"", ""N286"", ""N285"", ""N287"", ""N88"", ""N91"", ""CS_24""]",6.761987984329466,4.4670009963676165,1,1
N1429,CS_24,"[""N1429"", ""N1829"", ""N1212"", ""N1211"", ""N91"", ""CS_24""]",1.9742129454489656,1.2683335482987719,2,1
N1430,CS_24,"[""N1430"", ""N1429"", ""N1829"", ""N1212"", ""N1211"", ""N91"", ""CS_24""]",2.313707990458471,1.4946635783051083,2,1
N1431,CS_12,"[""N1431"", ""N288"", ""N101"", ""N1221"", ""N1219"", ""N630"", ""N1217"", ""N628"", ""N368"", ""N626"", ""N627"", ""N1679"", ""CS_12""]",3.5991288072147625,2.3306086106047483,8,1
N1432,CS_12,"[""N1432"", ""N1431"", ""N288"", ""N101"", ""N1221"", ""N1219"", ""N630"", ""N1217"", ""N628"", ""N368"", ""N626"", ""N627"", ""N1679"", ""CS_12""]",3.8075191088340596,2.4695354783509464,8,1
N1433,CS_3,"[""N1433"", ""N1434"", ""N1554"", ""N380"", ""N138"", ""N296"", ""N137"", ""N388"", ""N306"", ""N305"", ""N1867"", ""N1866"", ""N1285"", ""CS_3""]",4.574044262706682,3.007584366041181,3,1
N1434,CS_3,"[""N1434"", ""N1554"", ""N380"", ""N138"", ""N296"", ""N137"", ""N388"", ""N306"", ""N305"", ""N1867"", ""N1866"", ""N1285"", ""CS_3""]",4.4541137109207085,2.9276306648505317,3,1
N1435,CS_73,"[""N1435"", ""N309"", ""N164"", ""N374"", ""N1548"", ""N373"", ""N1274"", ""N1276"", ""N1277"", ""N1862"", ""CS_73""]",3.620245379776112,2.3599570951289315,5,1
N1436,CS_73,"[""N1436"", ""N1435"", ""N309"", ""N164"", ""N374"", ""N1548"", ""N373"", ""N1274"", ""N1276"", ""N1277"", ""N1862"", ""CS_73""]",3.948995270690308,2.5791236890717286,5,1
N1437,CS_55,"[""N1437"", ""N1438"", ""N232"", ""N221"", ""N337"", ""N226"", ""N228"", ""N231"", ""N235"", ""N237"", ""N243"", ""N348"", ""N247"", ""N248"", ""CS_55""]",5.091920518575404,3.4237087951683174,1,1
N1438,CS_55,"[""N1438"", ""N232"", ""N221"", ""N337"", ""N226"", ""N228"", ""N231"", ""N235"", ""N237"", ""N243"", ""N348"", ""N247"", ""N248"", ""CS_55""]",4.705444889396293,3.1338556964477178,1,1
N1439,CS_24,"[""N1439"", ""N1660"", ""N589"", ""N588"", ""N93"", ""N92"", ""N98"", ""N91"", ""CS_24""]",3.047314716446288,2.013975131932071,2,1
N1440,CS_24,"[""N1440"", ""N1439"", ""N1660"", ""N589"", ""N588"", ""N93"", ""N92"", ""N98"", ""N91"", ""CS_24""]",3.4008681181806475,2.2496773997549777,2,1
N1441,CS_12,"[""N1441"", ""N1209"", ""N608"", ""N1431"", ""N288"", ""N101"", ""N1221"", ""N1219"", ""N630"", ""N1217"", ""N628"", ""N368"", ""N626"", ""N627"", ""N1679"", ""CS_12""]",4.004159632336062,2.565409088935937,11,1
N1442,CS_12,"[""N1442"", ""N1441"", ""N1209"", ""N608"", ""N1431"", ""N288"", ""N101"", ""N1221"", ""N1219"", ""N630"", ""N1217"", ""N628"", ""N368"", ""N626"", ""N627"", ""N1679"", ""CS_12""]",4.273020963753269,2.7446499765474077,11,1
N1443,CS_60,"[""N1443"", ""N1444"", ""N419"", ""N281"", ""N358"", ""N272"", ""CS_60""]",2.962096140483953,1.9569230005411218,1,1
N1444,CS_60,"[""N1444"", ""N419"", ""N281"", ""N358"", ""N272"", ""CS_60""]",2.5214802245965835,1.6631790566162086,1,1
N1445,CS_12,"[""N1445"", ""N289"", ""N101"", ""N1221"", ""N1219"", ""N630"", ""N1217"", ""N628"", ""N368"", ""N626"", ""N627"", ""N1679"", ""CS_12""]",2.647674661339802,1.6900653662788458,8,1
N1446,CS_12,"[""N1446"", ""N1445"", ""N289"", ""N101"", ""N1221"", ""N1219"", ""N630"", ""N1217"", ""N628"", ""N368"", ""N626"", ""N627"", ""N1679"", ""CS_12""]",2.835168773742622,1.8150614412140595,8,1
N1447,CS_25,"[""N1447"", ""N1448"", ""N1945"", ""CS_25""]",2.63650763135535,1.7576717542369003,0,1
N1448,CS_25,"[""N1448"", ""N1945"", ""CS_25""]",2.351592571680547,1.5677283811203648,0,1
N1449,CS_26,"[""N1449"", ""N1450"", ""N453"", ""N1592"", ""CS_26""]",1.5886835342096977,1.0431505235662368,1,1
N1450,CS_26,"[""N1450"", ""N453"", ""N1592"", ""CS_26""]",1.3366877353353475,0.8751533243166699,1,1
N1451,CS_4,"[""N1451"", ""N470"", ""N471"", ""N472"", ""CS_4""]",1.5771168782675566,0.9934663549324516,2,1
N1452,CS_4,"[""N1452"", ""N1451"", ""N470"", ""N471"", ""N472"", ""CS_4""]",1.7181830359449743,1.08751046005073,2,1
N1455,CS_4,"[""N1455"", ""N1456"", ""N1601"", ""N471"", ""N472"", ""CS_4""]",3.6425425325711016,2.302014023127468,2,1
N1456,CS_4,"[""N1456"", ""N1601"", ""N471"", ""N472"", ""CS_4""]",2.7984617129558447,1.739293476717297,2,1
N1457,CS_55,"[""N1457"", ""N1458"", ""N1950"", ""N232"", ""N221"", ""N337"", ""N226"", ""N228"", ""N231"", ""N235"", ""N237"", ""N243"", ""N348"", ""N247"", ""N248"", ""CS_55""]",5.768515306442105,3.8222332329850977,1,1
N1458,CS_55,"[""N1458"", ""N1950"", ""N232"", ""N221"", ""N337"", ""N226"", ""N228"", ""N231"", ""N235"", ""N237"", ""N243"", ""N348"", ""N247"", ""N248"", ""CS_55""]",5.470596427720497,3.6236206471706924,1,1
N1459,CS_55,"[""N1459"", ""N220"", ""N336"", ""N337"", ""N226"", ""N228"", ""N231"", ""N235"", ""N237"", ""N243"", ""N348"", ""N247"", ""N248"", ""CS_55""]",3.0818245099524653,2.0510137504951125,1,1
N1460,CS_55,"[""N1460"", ""N1459"", ""N220"", ""N336"", ""N337"", ""N226"", ""N228"", ""N231"", ""N235"", ""N237"", ""N243"", ""N348"", ""N247"", ""N248"", ""CS_55""]",3.4131913517645494,2.2719249783698356,1,1
N1461,CS_107,"[""N1461"", ""N42"", ""N1473"", ""N1036"", ""N838"", ""N837"", ""N980"", ""N1114"", ""CS_107""]",4.180897504120944,2.7340006324699826,2,1
N1462,CS_107,"[""N1462"", ""N4"", ""N7"", ""N9"", ""N11"", ""N2"", ""N12"", ""N10"", ""N3"", ""N1461"", ""N42"", ""N1473"", ""N1036"", ""N838"", ""N837"", ""N980"", ""N1114"", ""CS_107""]",12.990555058745402,9.34966443788864,2,1
N1463,CS_107,"[""N1463"", ""N4"", ""N7"", ""N9"", ""N11"", ""N2"", ""N12"", ""N10"", ""N3"", ""N1461"", ""N42"", ""N1473"", ""N1036"", ""N838"", ""N837"", ""N980"", ""N1114"", ""CS_107""]",13.27980891443291,9.542500341680311,2,1
N1464,CS_107,"[""N1464"", ""N16"", ""N15"", ""N13"", ""N12"", ""N10"", ""N3"", ""N1461"", ""N42"", ""N1473"", ""N1036"", ""N838"", ""N837"", ""N980"", ""N1114"", ""CS_107""]",10.978991453663287,8.485488643637419,2,1
N1465,CS_107,"[""N1465"", ""N17"", ""N11"", ""N2"", ""N12"", ""N10"", ""N3"", ""N1461"", ""N42"", ""N1473"", ""N1036"", ""N838"", ""N837"", ""N980"", ""N1114"", ""CS_107""]",11.91760232899046,9.424099518964592,2,1
N1466,CS_107,"[""N1466"", ""N19"", ""N14"", ""N6"", ""N8"", ""N9"", ""N11"", ""N2"", ""N12"", ""N10"", ""N3"", ""N1461"", ""N42"", ""N1473"", ""N1036"", ""N838"", ""N837"", ""N980"", ""N1114"", ""CS_107""]",27.91513275083867,20.583076053990087,2,1
N1467,CS_107,"[""N1467"", ""N20"", ""N1"", ""N19"", ""N14"", ""N6"", ""N8"", ""N9"", ""N11"", ""N2"", ""N12"", ""N10"", ""N3"", ""N1461"", ""N42"", ""N1473"", ""N1036"", ""N838"", ""N837"", ""N980"", ""N1114"", ""CS_107""]",28.64238647792912,21.31032978108054,2,1
N1468,CS_107,"[""N1468"", ""N24"", ""N23"", ""N22"", ""N21"", ""N1"", ""N19"", ""N14"", ""N6"", ""N8"", ""N9"", ""N11"", ""N2"", ""N12"", ""N10"", ""N3"", ""N1461"", ""N42"", ""N1473"", ""N1036"", ""N838"", ""N837"", ""N980"", ""N1114"", ""CS_107""]",30.457697804223518,22.37818827770201,2,1
N1472,CS_107,"[""N1472"", ""N40"", ""N39"", ""N41"", ""N42"", ""N1473"", ""N1036"", ""N838"", ""N837"", ""N980"", ""N1114"", ""CS_107""]",4.8493728839066454,3.191371379013922,2,1
N1473,CS_107,"[""N1473"", ""N1036"", ""N838"", ""N837"", ""N980"", ""N1114"", ""CS_107""]",3.423108407963774,2.2647527179192233,1,1
N1474,CS_77,"[""N1474"", ""N44"", ""N43"", ""N58"", ""N48"", ""CS_77""]",2.6916437531055704,1.7944291687370468,0,1
N1475,CS_77,"[""N1475"", ""N46"", ""N47"", ""N48"", ""CS_77""]",3.9417755695515155,2.62785037970101,0,1
N1476,CS_77,"[""N1476"", ""N50"", ""N49"", ""N61"", ""N43"", ""N58"", ""N48"", ""CS_77""]",6.242546328552347,4.675845954523389,0,1
N1477,CS_78,"[""N1477"", ""N51"", ""N52"", ""N45"", ""N63"", ""N62"", ""N649"", ""CS_78""]",8.689860369799908,6.380201016654538,1,1
N1478,CS_77,"[""N1478"", ""N58"", ""N48"", ""CS_77""]",0.8238263166713005,0.5492175444475337,0,1
N1479,CS_77,"[""N1479"", ""N65"", ""N64"", ""N57"", ""N58"", ""N48"", ""CS_77""]",5.206918290062635,3.5283214539462318,1,1
N1480,CS_77,"[""N1480"", ""N66"", ""N54"", ""N55"", ""N56"", ""N57"", ""N58"", ""N48"", ""CS_77""]",8.052782434446863,5.368521622964576,0,1
N1481,CS_77,"[""N1481"", ""N67"", ""N55"", ""N56"", ""N57"", ""N58"", ""N48"", ""CS_77""]",6.0282317596934885,4.018821173128993,0,1
N1482,CS_77,"[""N1482"", ""N59"", ""N49"", ""N61"", ""N43"", ""N58"", ""N48"", ""CS_77""]",5.9415911708595175,4.454728846205126,0,1
N1483,CS_77,"[""N1483"", ""N68"", ""N56"", ""N57"", ""N58"", ""N48"", ""CS_77""]",7.13469896054232,4.756465973694881,0,1
N1484,CS_78,"[""N1484"", ""N71"", ""N51"", ""N52"", ""N45"", ""N63"", ""N62"", ""N649"", ""CS_78""]",9.293818739879478,6.984159386734107,1,1
N1485,CS_78,"[""N1485"", ""N75"", ""N74"", ""N52"", ""N45"", ""N63"", ""N62"", ""N649"", ""CS_78""]",9.312893423047038,7.003234069901668,1,1
N1486,CS_143,"[""N1486"", ""CS_143""]",0.5852635243516967,0.39017568290113114,0,1
N1487,CS_24,"[""N1487"", ""N78"", ""N79"", ""N286"", ""N285"", ""N287"", ""N88"", ""N91"", ""CS_24""]",5.501978367267605,3.667985578178403,0,1
N1488,CS_24,"[""N1488"", ""N82"", ""N286"", ""N285"", ""N287"", ""N88"", ""N91"", ""CS_24""]",9.530436974321262,6.353624649547508,0,1
N1489,CS_24,"[""N1489"", ""N84"", ""N287"", ""N88"", ""N91"", ""CS_24""]",3.491164308914066,2.3274428726093777,0,1
N1490,CS_24,"[""N1490"", ""N94"", ""N93"", ""N92"", ""N98"", ""N91"", ""CS_24""]",3.57713384746235,2.3847558983082333,0,1
N1491,CS_6,"[""N1491"", ""N97"", ""N1669"", ""N607"", ""N606"", ""N367"", ""N602"", ""N603"", ""N601"", ""N600"", ""CS_6""]",4.67564168002192,3.056756754471995,4,1
N1492,CS_12,"[""N1492"", ""N99"", ""N288"", ""N101"", ""N1221"", ""N1219"", ""N630"", ""N1217"", ""N628"", ""N368"", ""N626"", ""N627"", ""N1679"", ""CS_12""]",6.977304683660698,4.5912094180519825,7,1
N1493,CS_12,"[""N1493"", ""N100"", ""N101"", ""N1221"", ""N1219"", ""N630"", ""N1217"", ""N628"", ""N368"", ""N626"", ""N627"", ""N1679"", ""CS_12""]",4.989634297658425,3.2660958273838,7,1
N1494,CS_30,"[""N1494"", ""N103"", ""CS_30""]",2.603082521102857,1.7353883474019047,0,1
N1495,CS_28,"[""N1495"", ""N109"", ""N108"", ""N107"", ""N106"", ""N105"", ""N1235"", ""N1236"", ""CS_28""]",2.687613433322232,1.7733366873935608,1,1
N1496,CS_34,"[""N1496"", ""N112"", ""N292"", ""N114"", ""N113"", ""N1497"", ""CS_34""]",3.6310576300236237,2.420705086682416,0,1
N1497,CS_34,"[""N1497"", ""CS_34""]",0.09051198329401196,0.06034132219600797,0,1
N1498,CS_47,"[""N1498"", ""N115"", ""N118"", ""N293"", ""CS_47""]",3.6764728291944238,2.4509818861296155,0,1
N1499,CS_19,"[""N1499"", ""N120"", ""CS_19""]",1.8741483747451508,1.2494322498301007,0,1
N1500,CS_42,"[""N1500"", ""N123"", ""N294"", ""N1280"", ""N1281"", ""N1282"", ""N1283"", ""N1865"", ""CS_42""]",4.647488318210517,3.0515618351457388,2,1
N1501,CS_14,"[""N1501"", ""CS_14""]",0.44254390904429025,0.2950292726961935,0,1
N1502,CS_42,"[""N1502"", ""N125"", ""N126"", ""N294"", ""N1280"", ""N1281"", ""N1282"", ""N1283"", ""N1865"", ""CS_42""]",4.18359280696138,2.742298160979648,2,1
N1503,CS_42,"[""N1503"", ""N130"", ""N132"", ""N131"", ""N295"", ""N126"", ""N294"", ""N1280"", ""N1281"", ""N1282"", ""N1283"", ""N1865"", ""CS_42""]",4.515551920909388,2.9636042369449864,2,1
N1504,CS_3,"[""N1504"", ""N144"", ""N140"", ""N139"", ""N413"", ""N306"", ""N305"", ""N1867"", ""N1866"", ""N1285"", ""CS_3""]",5.355860339304538,3.553945535465226,2,1
N1505,CS_45,"[""N1505"", ""N151"", ""N150"", ""CS_45""]",2.3136966734077937,1.5424644489385293,0,1
N1506,CS_45,"[""N1506"", ""N152"", ""N153"", ""N301"", ""N150"", ""CS_45""]",2.38080662752136,1.5872044183475733,0,1
N1507,CS_54,"[""N1507"", ""N154"", ""N161"", ""N1298"", ""N1299"", ""CS_54""]",3.280694270872934,2.1604427315205905,1,1
N1508,CS_74,"[""N1508"", ""N165"", ""N312"", ""CS_74""]",4.338540552618344,2.892360368412229,0,1
N1509,CS_49,"[""N1509"", ""N168"", ""N318"", ""N176"", ""N187"", ""CS_49""]",4.559762690969195,3.0398417939794635,0,1
N1510,CS_36,"[""N1510"", ""N170"", ""N172"", ""N317"", ""N169"", ""N1407"", ""CS_36""]",4.783744216528695,3.149276703574065,1,1
N1511,CS_49,"[""N1511"", ""N187"", ""CS_49""]",0.8622971002165771,0.574864733477718,0,1
N1512,CS_27,"[""N1512"", ""N189"", ""N320"", ""N319"", ""N186"", ""N181"", ""N321"", ""CS_27""]",2.463218417083564,1.6421456113890425,0,1
N1513,CS_64,"[""N1513"", ""N212"", ""N210"", ""N208"", ""N325"", ""N200"", ""N198"", ""N410"", ""N199"", ""CS_64""]",3.6110156693470215,2.407343779564681,0,1
N1514,CS_64,"[""N1514"", ""N213"", ""N323"", ""N322"", ""N197"", ""N198"", ""N410"", ""N199"", ""CS_64""]",5.724578698542151,3.8163857990281014,0,1
N1515,CS_55,"[""N1515"", ""N219"", ""N220"", ""N336"", ""N337"", ""N226"", ""N228"", ""N231"", ""N235"", ""N237"", ""N243"", ""N348"", ""N247"", ""N248"", ""CS_55""]",6.251669180726828,4.167779453817884,0,1
N1516,CS_55,"[""N1516"", ""N221"", ""N337"", ""N226"", ""N228"", ""N231"", ""N235"", ""N237"", ""N243"", ""N348"", ""N247"", ""N248"", ""CS_55""]",4.927482471422926,3.284988314281951,0,1
N1517,CS_41,"[""N1517"", ""N227"", ""N224"", ""N397"", ""CS_41""]",1.3912104429172298,0.8771644647626474,1,1
N1518,CS_55,"[""N1518"", ""N232"", ""N221"", ""N337"", ""N226"", ""N228"", ""N231"", ""N235"", ""N237"", ""N243"", ""N348"", ""N247"", ""N248"", ""CS_55""]",5.0326321451151665,3.4002070678576626,0,1
N1519,CS_41,"[""N1519"", ""N227"", ""N224"", ""N397"", ""CS_41""]",2.2668796783296488,1.4609439550375936,1,1
N1520,CS_55,"[""N1520"", ""N236"", ""N233"", ""N238"", ""N242"", ""N244"", ""N348"", ""N247"", ""N248"", ""CS_55""]",2.496150576502953,1.664100384335302,0,1
N1521,CS_15,"[""N1521"", ""N250"", ""N240"", ""CS_15""]",1.694773240916502,1.1298488272776679,0,1
N1522,CS_55,"[""N1522"", ""N251"", ""N246"", ""N249"", ""N258"", ""N248"", ""CS_55""]",2.609773485452381,1.7398489903015872,0,1
N1523,CS_157,"[""N1523"", ""N254"", ""N353"", ""N354"", ""N355"", ""N269"", ""CS_157""]",2.9851210130727353,1.9900806753818239,0,1
N1524,CS_157,"[""N1524"", ""N257"", ""N353"", ""N354"", ""N355"", ""N269"", ""CS_157""]",2.435299375411129,1.6235329169407529,0,1
N1525,CS_55,"[""N1525"", ""N249"", ""N258"", ""N248"", ""CS_55""]",2.237387994416733,1.491591996277822,0,1
N1526,CS_55,"[""N1526"", ""N258"", ""N248"", ""CS_55""]",1.3356634239183833,0.8904422826122556,0,1
N1527,CS_157,"[""N1527"", ""N263"", ""N355"", ""N269"", ""CS_157""]",2.4532792756913313,1.635519517127554,0,1
N1528,CS_23,"[""N1528"", ""N266"", ""N357"", ""N356"", ""N268"", ""CS_23""]",3.058006013582371,2.0386706757215807,0,1
N1529,CS_60,"[""N1529"", ""N271"", ""N272"", ""CS_60""]",2.1949882497220976,1.4633254998147318,0,1
N1530,CS_20,"[""N1530"", ""CS_20""]",0.8515691784852124,0.5677127856568083,0,1
N1531,CS_11,"[""N1531"", ""N530"", ""CS_11""]",1.8281926553655468,1.1364062530352754,1,1
N1532,CS_60,"[""N1532"", ""N281"", ""N358"", ""N272"", ""CS_60""]",3.3414637657640043,2.2276425105093365,0,1
N1533,CS_62,"[""N1533"", ""N282"", ""N280"", ""N276"", ""N274"", ""CS_62""]",2.340435591554354,1.5602903943695696,0,1
N1534,CS_62,"[""N1534"", ""N284"", ""N360"", ""N359"", ""N280"", ""N276"", ""N274"", ""CS_62""]",3.537335974631424,2.3582239830876164,0,1
N1535,CS_62,"[""N1535"", ""N284"", ""N360"", ""N359"", ""N280"", ""N276"", ""N274"", ""CS_62""]",3.5787407924702532,2.3858271949801693,0,1
N1536,CS_3,"[""N1536"", ""N305"", ""N1867"", ""N1866"", ""N1285"", ""CS_3""]",1.5230270016347762,0.9987233103520525,2,1
N1537,,"[""N1537"", ""N316"", ""N1391"", """"]",0.6377633412187861,0.4137623668487724,1,1
N1538,CS_157,"[""N1538"", ""N259"", ""N260"", ""N261"", ""N262"", ""N354"", ""N355"", ""N269"", ""CS_157""]",2.9179889304396585,1.945325953626439,0,1
N1541,CS_24,"[""N1541"", ""N366"", ""N89"", ""N88"", ""N91"", ""CS_24""]",3.676837699328431,2.4512251328856207,0,1
N1542,CS_6,"[""N1542"", ""N367"", ""N602"", ""N603"", ""N601"", ""N600"", ""CS_6""]",1.9506509692849825,1.2688171441524103,2,1
N1543,CS_12,"[""N1543"", ""N368"", ""N626"", ""N627"", ""N1679"", ""CS_12""]",2.1623093885701943,1.4330560216749582,1,1
N1544,CS_24,"[""N1544"", ""N366"", ""N89"", ""N88"", ""N91"", ""CS_24""]",2.357603961720975,1.5589635474798555,1,1
N1547,,"[""N1547"", ""N372"", ""N315"", ""N316"", ""N1391"", """"]",1.8876126528385937,1.2447125918429507,2,1
N1548,CS_73,"[""N1548"", ""N373"", ""N1274"", ""N1276"", ""N1277"", ""N1862"", ""CS_73""]",2.200783940027793,1.4380336594845415,2,1
N1549,CS_73,"[""N1549"", ""N374"", ""N1548"", ""N373"", ""N1274"", ""N1276"", ""N1277"", ""N1862"", ""CS_73""]",3.5685541567218144,2.341890145590507,3,1
N1550,CS_73,"[""N1550"", ""N375"", ""N1548"", ""N373"", ""N1274"", ""N1276"", ""N1277"", ""N1862"", ""CS_73""]",3.7216525789475527,2.4335329411656113,3,1
N1552,CS_136,"[""N1552"", ""N377"", ""N1337"", ""N1336"", ""N1890"", ""N1335"", ""N1424"", ""N1423"", ""N1421"", ""N1422"", ""N1933"", ""N1347"", ""N1346"", ""N1901"", ""N1355"", ""N1356"", ""N1900"", ""CS_136""]",5.427635660054033,3.508498097567774,7,1
N1553,CS_1,"[""N1553"", ""CS_1""]",0.22020018026940907,0.14680012017960606,0,1
N1554,CS_3,"[""N1554"", ""N380"", ""N138"", ""N296"", ""N137"", ""N388"", ""N306"", ""N305"", ""N1867"", ""N1866"", ""N1285"", ""CS_3""]",4.164883516461082,2.759960986902922,2,1
N1555,CS_3,"[""N1555"", ""N1554"", ""N380"", ""N138"", ""N296"", ""N137"", ""N388"", ""N306"", ""N305"", ""N1867"", ""N1866"", ""N1285"", ""CS_3""]",4.334225598873013,2.858130310040275,3,1
N1556,CS_71,"[""N1556"", ""N384"", ""N383"", ""N460"", ""N462"", ""N450"", ""N451"", ""N1591"", ""CS_71""]",6.968473819296989,4.615718747584589,3,1
N1558,CS_24,"[""N1558"", ""N390"", ""N389"", ""N95"", ""N90"", ""N92"", ""N98"", ""N91"", ""CS_24""]",7.220472367657122,4.925471953538183,0,1
N1559,CS_62,"[""N1559"", ""N391"", ""N360"", ""N359"", ""N280"", ""N276"", ""N274"", ""CS_62""]",4.208365743902294,2.8055771626015296,0,1
N1560,CS_157,"[""N1560"", ""N351"", ""N352"", ""N254"", ""N353"", ""N354"", ""N355"", ""N269"", ""CS_157""]",2.5486936183238837,1.6957932310832184,1,1
N1561,CS_62,"[""N1561"", ""N282"", ""N280"", ""N276"", ""N274"", ""CS_62""]",1.58535034724509,1.0500496591471224,1,1
N1562,CS_17,"[""N1562"", ""CS_17""]",0.22158856054290726,0.14772570702860485,0,1
N1563,CS_24,"[""N1563"", ""N400"", ""N1487"", ""N78"", ""N79"", ""N286"", ""N285"", ""N287"", ""N88"", ""N91"", ""CS_24""]",38.11296344557503,25.380845083262848,1,1
N1564,CS_60,"[""N1564"", ""N1444"", ""N419"", ""N281"", ""N358"", ""N272"", ""CS_60""]",3.822554343013858,2.5305618022277248,1,1
N1565,CS_70,"[""N1565"", ""N1849"", ""CS_70""]",0.1835559442251573,0.11769913418698719,1,1
N1566,CS_73,"[""N1566"", ""N408"", ""N310"", ""N309"", ""N164"", ""N374"", ""N1548"", ""N373"", ""N1274"", ""N1276"", ""N1277"", ""N1862"", ""CS_73""]",5.358448760935971,3.52042727313519,4,1
N1567,CS_49,"[""N1567"", ""N409"", ""N178"", ""N177"", ""N187"", ""CS_49""]",2.7796062674204385,1.853070844946959,0,1
N1568,,"[""N1568"", ""N411"", ""N316"", ""N1391"", """"]",1.731474221654834,1.1429029538061377,1,1
N1569,CS_157,"[""N1569"", ""N412"", ""N352"", ""N254"", ""N353"", ""N354"", ""N355"", ""N269"", ""CS_157""]",4.3825335433002595,2.921689028866839,0,1
N1570,CS_27,"[""N1570"", ""N414"", ""N186"", ""N181"", ""N321"", ""CS_27""]",2.078087453635688,1.3853916357571257,0,1
N1571,CS_60,"[""N1571"", ""N416"", ""N415"", ""N1633"", ""N535"", ""N534"", ""N281"", ""N358"", ""N272"", ""CS_60""]",5.452155455302181,3.655898788817833,2,1
N1572,CS_12,"[""N1572"", ""N418"", ""N403"", ""N404"", ""N289"", ""N101"", ""N1221"", ""N1219"", ""N630"", ""N1217"", ""N628"", ""N368"", ""N626"", ""N627"", ""N1679"", ""CS_12""]",8.712530321920338,5.748026510225077,7,1
N1573,CS_60,"[""N1573"", ""N419"", ""N281"", ""N358"", ""N272"", ""CS_60""]",3.269293807660044,2.1795292051066966,0,1
N1574,CS_46,"[""N1574"", ""N420"", ""N297"", ""N298"", ""N299"", ""N300"", ""N135"", ""N134"", ""CS_46""]",4.405655641233612,2.937103760822408,0,1
N1575,CS_28,"[""N1575"", ""N421"", ""N107"", ""N106"", ""N105"", ""N1235"", ""N1236"", ""CS_28""]",2.143160250950996,1.41036789914607,1,1
N1576,CS_51,"[""N1576"", ""N422"", ""N313"", ""N432"", ""N433"", ""N1582"", ""N1583"", ""N435"", ""N434"", ""CS_51""]",2.894968159997507,1.8764339519229438,2,1
N1578,CS_105,"[""N1578"", ""CS_105""]",0.3322176390652788,0.2214784260435192,0,1
N1579,CS_51,"[""N1579"", ""N435"", ""N434"", ""CS_51""]",1.1038568441870125,0.6791951502025735,1,1
N1580,CS_48,"[""N1580"", ""CS_48""]",1.0504015030798364,0.700267668719891,0,1
N1581,CS_48,"[""N1581"", ""N431"", ""N429"", ""N1580"", ""CS_48""]",2.464489352027382,1.6067403798294373,1,1
N1582,CS_51,"[""N1582"", ""N1583"", ""N435"", ""N434"", ""CS_51""]",1.229797515114252,0.7903908102371754,1,1
N1583,CS_51,"[""N1583"", ""N435"", ""N434"", ""CS_51""]",0.8908442169658368,0.5938961446438912,0,1
N1587,CS_26,"[""N1587"", ""N443"", ""N442"", ""N129"", ""N128"", ""N452"", ""N453"", ""N1592"", ""CS_26""]",4.031306468389121,2.587083033766922,2,1
N1591,CS_71,"[""N1591"", ""CS_71""]",1.035201692814988,0.6901344618766587,0,1
N1592,CS_26,"[""N1592"", ""CS_26""]",0.5421416042039611,0.361427736135974,0,1
N1593,CS_25,"[""N1593"", ""N1945"", ""CS_25""]",1.97789503527971,1.2917288411028436,1,1
N1596,CS_71,"[""N1596"", ""N461"", ""N460"", ""N462"", ""N450"", ""N451"", ""N1591"", ""CS_71""]",2.9555281649025416,1.9599266344846884,2,1
N1597,CS_71,"[""N1597"", ""N463"", ""N462"", ""N450"", ""N451"", ""N1591"", ""CS_71""]",2.536165391798403,1.6884953679211094,1,1
N1598,CS_26,"[""N1598"", ""N465"", ""N464"", ""N442"", ""N129"", ""N128"", ""N452"", ""N453"", ""N1592"", ""CS_26""]",4.217848829770014,2.6908563565096473,3,1
N1599,CS_19,"[""N1599"", ""N467"", ""N466"", ""N341"", ""N120"", ""CS_19""]",2.702330391614801,1.7673309118766298,1,1
N1600,CS_13,"[""N1600"", ""N1608"", ""N485"", ""N484"", ""N492"", ""N480"", ""N486"", ""N482"", ""N476"", ""CS_13""]",2.2481660695676786,1.385062247916107,6,1
N1601,CS_4,"[""N1601"", ""N471"", ""N472"", ""CS_4""]",1.7880794169048002,1.1535646094413292,1,1
N1602,CS_4,"[""N1602"", ""N473"", ""N472"", ""CS_4""]",1.7161499716562574,1.1440999811041717,0,1
N1603,CS_13,"[""N1603"", ""N475"", ""N474"", ""N468"", ""N469"", ""N1600"", ""N1608"", ""N485"", ""N484"", ""N492"", ""N480"", ""N486"", ""N482"", ""N476"", ""CS_13""]",4.061033628990164,2.580748628917,7,1
N1604,CS_13,"[""N1604"", ""N477"", ""N476"", ""CS_13""]",0.9719455902188066,0.6479637268125378,0,1
N1605,CS_16,"[""N1605"", ""N479"", ""N478"", ""N338"", ""CS_16""]",1.1824271466017855,0.761552626583176,1,1
N1606,CS_13,"[""N1606"", ""N481"", ""N480"", ""N486"", ""N482"", ""N476"", ""CS_13""]",1.6591231740642152,1.0389750790411263,3,1
N1607,CS_13,"[""N1607"", ""N483"", ""N482"", ""N476"", ""CS_13""]",1.4592895561940575,0.9402274277936611,1,1
N1608,CS_13,"[""N1608"", ""N485"", ""N484"", ""N492"", ""N480"", ""N486"", ""N482"", ""N476"", ""CS_13""]",1.9975571618729666,1.239781721716274,5,1
N1609,CS_13,"[""N1609"", ""N487"", ""N486"", ""N482"", ""N476"", ""CS_13""]",1.323735703578361,0.8392626310920985,2,1
N1610,CS_58,"[""N1610"", ""N1618"", ""N1617"", ""N503"", ""CS_58""]",1.2496176644334465,0.7868875161053239,2,1
N1611,CS_13,"[""N1611"", ""N1600"", ""N1608"", ""N485"", ""N484"", ""N492"", ""N480"", ""N486"", ""N482"", ""N476"", ""CS_13""]",2.5903145732988317,1.5834092066008332,7,1
N1612,CS_13,"[""N1612"", ""N493"", ""N492"", ""N480"", ""N486"", ""N482"", ""N476"", ""CS_13""]",1.7444906957879507,1.082466204023728,4,1
N1613,CS_92,"[""N1613"", ""N495"", ""N494"", ""N510"", ""N500"", ""N501"", ""N1616"", ""N1620"", ""N509"", ""N508"", ""N1623"", ""N515"", ""N514"", ""N512"", ""N513"", ""N876"", ""N875"", ""CS_92""]",11.72104687074091,7.712194628168132,6,1
N1614,CS_92,"[""N1614"", ""N497"", ""N496"", ""N494"", ""N510"", ""N500"", ""N501"", ""N1616"", ""N1620"", ""N509"", ""N508"", ""N1623"", ""N515"", ""N514"", ""N512"", ""N513"", ""N876"", ""N875"", ""CS_92""]",10.719590888821024,7.022674376150196,7,1
N1615,CS_92,"[""N1615"", ""N499"", ""N498"", ""N509"", ""N508"", ""N1623"", ""N515"", ""N514"", ""N512"", ""N513"", ""N876"", ""N875"", ""CS_92""]",9.251566348147424,6.103803861336928,4,1
N1616,CS_92,"[""N1616"", ""N1620"", ""N509"", ""N508"", ""N1623"", ""N515"", ""N514"", ""N512"", ""N513"", ""N876"", ""N875"", ""CS_92""]",8.674111310215133,5.693531142049518,4,1
N1617,CS_58,"[""N1617"", ""N503"", ""CS_58""]",0.7184220056549164,0.4789480037699443,0,1
N1618,CS_58,"[""N1618"", ""N1617"", ""N503"", ""CS_58""]",0.9875535801922866,0.6349663078495791,1,1
N1619,CS_58,"[""N1619"", ""N507"", ""N506"", ""N502"", ""N503"", ""CS_58""]",2.8711065070253396,1.903943164329432,1,1
N1620,CS_92,"[""N1620"", ""N509"", ""N508"", ""N1623"", ""N515"", ""N514"", ""N512"", ""N513"", ""N876"", ""N875"", ""CS_92""]",8.238678487411377,5.441106317235745,3,1
N1621,CS_92,"[""N1621"", ""N511"", ""N510"", ""N500"", ""N501"", ""N1616"", ""N1620"", ""N509"", ""N508"", ""N1623"", ""N515"", ""N514"", ""N512"", ""N513"", ""N876"", ""N875"", ""CS_92""]",10.814908698300947,7.1160605988650705,5,1
N1622,CS_92,"[""N1622"", ""N513"", ""N876"", ""N875"", ""CS_92""]",5.449649766310831,3.6246162560185895,1,1
N1623,CS_92,"[""N1623"", ""N515"", ""N514"", ""N512"", ""N513"", ""N876"", ""N875"", ""CS_92""]",7.219953447029578,4.768799828843018,2,1
N1625,CS_55,"[""N1625"", ""N519"", ""N518"", ""N258"", ""N248"", ""CS_55""]",1.5024689317894568,0.9879473223847092,1,1
N1626,CS_55,"[""N1626"", ""N521"", ""N520"", ""N246"", ""N249"", ""N258"", ""N248"", ""CS_55""]",2.375606825648389,1.560154956552834,1,1
N1627,CS_157,"[""N1627"", ""N523"", ""N522"", ""N1560"", ""N351"", ""N352"", ""N254"", ""N353"", ""N354"", ""N355"", ""N269"", ""CS_157""]",3.621297430428296,2.3945669192194243,2,1
N1628,CS_55,"[""N1628"", ""N525"", ""N524"", ""N241"", ""N234"", ""N231"", ""N235"", ""N237"", ""N243"", ""N348"", ""N247"", ""N248"", ""CS_55""]",3.7179193263866015,2.461644717660499,1,1
N1629,CS_23,"[""N1629"", ""N266"", ""N357"", ""N356"", ""N268"", ""CS_23""]",1.8445836934870812,1.1902359987269044,1,1
N1630,CS_62,"[""N1630"", ""N395"", ""N396"", ""N1561"", ""N282"", ""N280"", ""N276"", ""N274"", ""CS_62""]",2.9443996453731875,1.9406272779802718,2,1
N1631,CS_61,"[""N1631"", ""CS_61""]",0.7522685157444333,0.5015123438296222,0,1
N1632,CS_62,"[""N1632"", ""N529"", ""N1630"", ""N395"", ""N396"", ""N1561"", ""N282"", ""N280"", ""N276"", ""N274"", ""CS_62""]",3.4493292461953375,2.2563624107425726,3,1
N1633,CS_60,"[""N1633"", ""N535"", ""N534"", ""N281"", ""N358"", ""N272"", ""CS_60""]",3.5045948341752116,2.3306502165485643,1,1
N1634,CS_55,"[""N1634"", ""N537"", ""N536"", ""N350"", ""N349"", ""N247"", ""N248"", ""CS_55""]",2.023499689770885,1.3421483561168952,1,1
N1635,CS_55,"[""N1635"", ""N539"", ""N538"", ""N244"", ""N348"", ""N247"", ""N248"", ""CS_55""]",1.990704526124002,1.3218953347326472,1,1
N1636,CS_55,"[""N1636"", ""N541"", ""N540"", ""N544"", ""N244"", ""N348"", ""N247"", ""N248"", ""CS_55""]",2.0529434880103024,1.3536008766001173,2,1
N1637,CS_157,"[""N1637"", ""N543"", ""N542"", ""N1569"", ""N412"", ""N352"", ""N254"", ""N353"", ""N354"", ""N355"", ""N269"", ""CS_157""]",5.880700766116224,3.8873275905839364,1,1
N1638,CS_55,"[""N1638"", ""N545"", ""N544"", ""N244"", ""N348"", ""N247"", ""N248"", ""CS_55""]",1.985300050426415,1.31763761927832,1,1
N1639,CS_157,"[""N1639"", ""N352"", ""N254"", ""N353"", ""N354"", ""N355"", ""N269"", ""CS_157""]",2.3892999555824512,1.5905835440615128,1,1
N1640,CS_55,"[""N1640"", ""N549"", ""N548"", ""N247"", ""N248"", ""CS_55""]",1.3276769931534629,0.8769701713265132,1,1
N1641,CS_31,"[""N1641"", ""CS_31""]",0.4661942355140615,0.3107961570093743,0,1
N1642,CS_15,"[""N1642"", ""N553"", ""N240"", ""CS_15""]",1.4983696004643159,0.9661320769106974,1,1
N1643,CS_103,"[""N1643"", ""N555"", ""N554"", ""N556"", ""N558"", ""N564"", ""N566"", ""N567"", ""N568"", ""N572"", ""N570"", ""N560"", ""N574"", ""N575"", ""N1653"", ""CS_103""]",2.7140547030647806,1.7012254127785373,9,1
N1644,CS_103,"[""N1644"", ""N557"", ""N556"", ""N558"", ""N564"", ""N566"", ""N567"", ""N568"", ""N572"", ""N570"", ""N560"", ""N574"", ""N575"", ""N1653"", ""CS_103""]",2.462746155299927,1.5410477946545107,8,1
N1645,CS_103,"[""N1645"", ""N559"", ""N558"", ""N564"", ""N566"", ""N567"", ""N568"", ""N572"", ""N570"", ""N560"", ""N574"", ""N575"", ""N1653"", ""CS_103""]",2.651073026100163,1.6761555520829596,7,1
N1646,CS_103,"[""N1646"", ""N561"", ""N560"", ""N574"", ""N575"", ""N1653"", ""CS_103""]",1.7082336652112555,1.1306805351531095,1,1
N1647,CS_33,"[""N1647"", ""N563"", ""N562"", ""CS_33""]",1.2298767612097343,0.8199178408064896,0,1
N1648,CS_103,"[""N1648"", ""N565"", ""N564"", ""N566"", ""N567"", ""N568"", ""N572"", ""N570"", ""N560"", ""N574"", ""N575"", ""N1653"", ""CS_103""]",2.5846146750197123,1.649652040759776,6,1
N1649,CS_103,"[""N1649"", ""N567"", ""N568"", ""N572"", ""N570"", ""N560"", ""N574"", ""N575"", ""N1653"", ""CS_103""]",1.8789442371881517,1.1828857970557871,5,1
N1650,CS_103,"[""N1650"", ""N569"", ""N568"", ""N572"", ""N570"", ""N560"", ""N574"", ""N575"", ""N1653"", ""CS_103""]",2.3203482076919153,1.4972305559336723,4,1
N1651,CS_103,"[""N1651"", ""N571"", ""N570"", ""N560"", ""N574"", ""N575"", ""N1653"", ""CS_103""]",1.9926487346430621,1.2993305774276425,2,1
N1652,CS_103,"[""N1652"", ""N573"", ""N572"", ""N570"", ""N560"", ""N574"", ""N575"", ""N1653"", ""CS_103""]",1.4619712023895568,0.9334626783851114,3,1
N1653,CS_103,"[""N1653"", ""CS_103""]",0.1758145144427814,0.1172096762951876,0,1
N1654,CS_103,"[""N1654"", ""N577"", ""N576"", ""N1653"", ""CS_103""]",1.0066903399980063,0.6539040986387167,1,1
N1655,CS_103,"[""N1655"", ""N579"", ""N578"", ""N1653"", ""CS_103""]",0.9800423810601535,0.6355594241198369,1,1
N1656,CS_103,"[""N1656"", ""N581"", ""N580"", ""N578"", ""N1653"", ""CS_103""]",1.2356389631383786,0.7860378427187733,2,1
N1657,CS_102,"[""N1657"", ""CS_102""]",0.10913321666042777,0.07275547777361852,0,1
N1658,CS_24,"[""N1658"", ""N585"", ""N584"", ""N1664"", ""N587"", ""N1659"", ""N1490"", ""N94"", ""N93"", ""N92"", ""N98"", ""N91"", ""CS_24""]",6.491127804100193,4.2492031985700685,3,1
N1659,CS_24,"[""N1659"", ""N1490"", ""N94"", ""N93"", ""N92"", ""N98"", ""N91"", ""CS_24""]",3.6431155624490517,2.4230061678657417,1,1
N1660,CS_24,"[""N1660"", ""N589"", ""N588"", ""N93"", ""N92"", ""N98"", ""N91"", ""CS_24""]",2.9795504481676156,1.9746914981473336,1,1
N1661,CS_24,"[""N1661"", ""N591"", ""N590"", ""N88"", ""N91"", ""CS_24""]",2.5494964040309043,1.6946604976549335,1,1
N1662,CS_24,"[""N1662"", ""N593"", ""N592"", ""N1439"", ""N1660"", ""N589"", ""N588"", ""N93"", ""N92"", ""N98"", ""N91"", ""CS_24""]",5.229278136685047,3.4597160828791775,3,1
N1663,CS_24,"[""N1663"", ""N595"", ""N594"", ""N586"", ""N587"", ""N1659"", ""N1490"", ""N94"", ""N93"", ""N92"", ""N98"", ""N91"", ""CS_24""]",6.611731913808706,4.38796078337261,2,1
N1664,CS_24,"[""N1664"", ""N587"", ""N1659"", ""N1490"", ""N94"", ""N93"", ""N92"", ""N98"", ""N91"", ""CS_24""]",4.998909305618878,3.299496314956925,2,1
N1665,CS_6,"[""N1665"", ""N599"", ""N598"", ""N600"", ""CS_6""]",1.9028229434098787,1.2508709040385741,1,1
N1666,CS_6,"[""N1666"", ""N601"", ""N600"", ""CS_6""]",1.4486076487682875,0.9657384325121917,0,1
N1667,CS_6,"[""N1667"", ""N603"", ""N601"", ""N600"", ""CS_6""]",1.4699877020580334,0.9643423218900959,1,1
N1668,CS_6,"[""N1668"", ""N605"", ""N604"", ""N96"", ""N97"", ""N1669"", ""N607"", ""N606"", ""N367"", ""N602"", ""N603"", ""N601"", ""N600"", ""CS_6""]",4.105776611276937,2.667722403741446,5,1
N1669,CS_6,"[""N1669"", ""N607"", ""N606"", ""N367"", ""N602"", ""N603"", ""N601"", ""N600"", ""CS_6""]",2.3257938154214477,1.4937224831744436,3,1
N1670,CS_12,"[""N1670"", ""N609"", ""N608"", ""N1431"", ""N288"", ""N101"", ""N1221"", ""N1219"", ""N630"", ""N1217"", ""N628"", ""N368"", ""N626"", ""N627"", ""N1679"", ""CS_12""]",4.513341638966777,2.926650010846678,9,1
N1671,CS_12,"[""N1671"", ""N611"", ""N610"", ""N288"", ""N101"", ""N1221"", ""N1219"", ""N630"", ""N1217"", ""N628"", ""N368"", ""N626"", ""N627"", ""N1679"", ""CS_12""]",4.306899033702191,2.7942597457496174,8,1
N1672,CS_12,"[""N1672"", ""N613"", ""N612"", ""N614"", ""N615"", ""N1207"", ""N616"", ""N617"", ""N1674"", ""N1678"", ""N625"", ""N624"", ""N622"", ""N623"", ""N1677"", ""N1679"", ""CS_12""]",4.069500593164652,2.660927541006766,6,1
N1673,CS_12,"[""N1673"", ""N615"", ""N1207"", ""N616"", ""N617"", ""N1674"", ""N1678"", ""N625"", ""N624"", ""N622"", ""N623"", ""N1677"", ""N1679"", ""CS_12""]",3.6639868766400165,2.404615586731107,5,1
N1674,CS_12,"[""N1674"", ""N1678"", ""N625"", ""N624"", ""N622"", ""N623"", ""N1677"", ""N1679"", ""CS_12""]",1.959523112473714,1.2884413307803646,3,1
N1675,CS_24,"[""N1675"", ""N1662"", ""N593"", ""N592"", ""N1439"", ""N1660"", ""N589"", ""N588"", ""N93"", ""N92"", ""N98"", ""N91"", ""CS_24""]",5.386845748724533,3.551059626090474,4,1
N1676,CS_12,"[""N1676"", ""N621"", ""N620"", ""N616"", ""N617"", ""N1674"", ""N1678"", ""N625"", ""N624"", ""N622"", ""N623"", ""N1677"", ""N1679"", ""CS_12""]",3.7693439323339804,2.4839456518596372,4,1
N1677,CS_12,"[""N1677"", ""N1679"", ""CS_12""]",0.19190507719528307,0.1220439594090052,1,1
N1678,CS_12,"[""N1678"", ""N625"", ""N624"", ""N622"", ""N623"", ""N1677"", ""N1679"", ""CS_12""]",1.86196206262387,1.231884200432629,2,1
N1679,CS_12,"[""N1679"", ""CS_12""]",0.12413835190167272,0.0827589012677818,0,1
N1680,CS_12,"[""N1680"", ""N629"", ""N628"", ""N368"", ""N626"", ""N627"", ""N1679"", ""CS_12""]",1.996378233515584,1.3178729276345778,2,1
N1681,CS_12,"[""N1681"", ""N631"", ""N630"", ""N1217"", ""N628"", ""N368"", ""N626"", ""N627"", ""N1679"", ""CS_12""]",2.173891626859914,1.418832633940388,4,1
N1682,CS_155,"[""N1682"", ""N632"", ""CS_155""]",4.630675179195554,3.087116786130369,0,1
N1683,CS_111,"[""N1683"", ""N698"", ""N901"", ""N1126"", ""CS_111""]",1.270490017095422,0.8399380423932916,1,1
N1684,CS_78,"[""N1684"", ""N638"", ""N649"", ""CS_78""]",1.0698268937332107,0.694805079123148,1,1
N1685,CS_144,"[""N1685"", ""N639"", ""N643"", ""N883"", ""N882"", ""N641"", ""N640"", ""N1099"", ""CS_144""]",5.976833541213681,3.9845556941424545,0,1
N1686,CS_144,"[""N1686"", ""N639"", ""N643"", ""N883"", ""N882"", ""N641"", ""N640"", ""N1099"", ""CS_144""]",4.890410865538379,3.2602739103589196,0,1
N1687,CS_144,"[""N1687"", ""N646"", ""N644"", ""N641"", ""N640"", ""N1099"", ""CS_144""]",3.4091813508652375,2.2727875672434914,0,1
N1688,CS_150,"[""N1688"", ""N658"", ""N651"", ""N1191"", ""N1192"", ""N1819"", ""CS_150""]",4.624340671521017,3.063456154722105,1,1
N1689,CS_80,"[""N1689"", ""N666"", ""N660"", ""N1716"", ""N1006"", ""N892"", ""N890"", ""N888"", ""CS_80""]",7.454479899829298,4.95054441375678,1,1
N1690,CS_113,"[""N1690"", ""N685"", ""N683"", ""N674"", ""N1013"", ""N1014"", ""N1739"", ""CS_113""]",5.654715382116353,3.7698102547442356,0,1
N1691,CS_83,"[""N1691"", ""N689"", ""N669"", ""N681"", ""N680"", ""CS_83""]",1.3382836886057103,0.8862985154920622,1,1
N1692,CS_114,"[""N1692"", ""N693"", ""N1775"", ""N1091"", ""N1774"", ""N1090"", ""N1733"", ""N715"", ""N719"", ""N724"", ""CS_114""]",3.4786249953284374,2.310892685136113,3,1
N1693,CS_83,"[""N1693"", ""N1086"", ""N1087"", ""N1773"", ""N703"", ""N1694"", ""N688"", ""N1691"", ""N689"", ""N669"", ""N681"", ""N680"", ""CS_83""]",4.29855423319486,2.8413683964846834,4,1
N1694,CS_83,"[""N1694"", ""N688"", ""N1691"", ""N689"", ""N669"", ""N681"", ""N680"", ""CS_83""]",2.166870238890814,1.4337376083079636,2,1
N1695,CS_83,"[""N1695"", ""N705"", ""N701"", ""N680"", ""CS_83""]",1.5116178873231956,1.0077452582154638,0,1
N1696,CS_142,"[""N1696"", ""N744"", ""CS_142""]",0.9231977182046778,0.6154651454697851,0,1
N1697,CS_114,"[""N1697"", ""N748"", ""N734"", ""N725"", ""N724"", ""CS_114""]",1.8747454405926844,1.2393510599155686,1,1
N1698,CS_156,"[""N1698"", ""N759"", ""N756"", ""N735"", ""N906"", ""CS_156""]",1.948084800814697,1.2987232005431315,0,1
N1699,CS_154,"[""N1699"", ""N760"", ""N946"", ""CS_154""]",1.7976211526706807,1.198414101780454,0,1
N1700,CS_114,"[""N1700"", ""N765"", ""N1697"", ""N748"", ""N734"", ""N725"", ""N724"", ""CS_114""]",3.110720902662818,2.053092030437176,2,1
N1701,CS_149,"[""N1701"", ""CS_149""]",0.018207660307641472,0.012138440205094315,0,1
N1702,CS_138,"[""N1702"", ""N773"", ""N777"", ""N781"", ""N780"", ""N778"", ""N775"", ""CS_138""]",2.7845193942236213,1.8563462628157472,0,1
N1703,CS_151,"[""N1703"", ""N768"", ""N779"", ""N787"", ""CS_151""]",2.97090763643239,1.9806050909549267,0,1
N1704,CS_122,"[""N1704"", ""N788"", ""N1706"", ""CS_122""]",1.1446213899322868,0.7479893346320072,1,1
N1705,CS_137,"[""N1705"", ""N795"", ""N934"", ""N935"", ""CS_137""]",2.7049941769310135,1.8033294512873423,0,1
N1706,CS_122,"[""N1706"", ""CS_122""]",0.435298922466155,0.2901992816441033,0,1
N1707,CS_132,"[""N1707"", ""CS_132""]",0.12069162684795187,0.08046108456530125,0,1
N1708,CS_122,"[""N1708"", ""N800"", ""N798"", ""N1706"", ""CS_122""]",2.1365269312317228,1.4144451785775687,1,1
N1709,CS_134,"[""N1709"", ""N813"", ""N942"", ""N1108"", ""CS_134""]",2.6477465159629365,1.765164343975291,0,1
N1710,CS_135,"[""N1710"", ""N816"", ""N938"", ""N819"", ""N817"", ""N818"", ""N815"", ""N812"", ""N810"", ""CS_135""]",2.8717889878402825,1.9114166728162776,1,1
N1711,CS_88,"[""N1711"", ""N822"", ""CS_88""]",2.739767504746478,1.8265116698309853,0,1
N1712,CS_158,"[""N1712"", ""CS_158""]",0.9891181028905065,0.7418293043015761,0,1
N1713,CS_110,"[""N1713"", ""N879"", ""CS_110""]",0.43577540628978745,0.29051693752652497,0,1
N1714,CS_113,"[""N1714"", ""N884"", ""N1014"", ""N1739"", ""CS_113""]",1.7560727760038795,1.1707151840025862,0,1
N1715,CS_81,"[""N1715"", ""N895"", ""N1124"", ""N1125"", ""N1188"", ""N1817"", ""CS_81""]",2.3886789452404162,1.5122456721545532,2,1
N1716,CS_80,"[""N1716"", ""N1006"", ""N892"", ""N890"", ""N888"", ""CS_80""]",5.006602099302645,3.33773473286843,0,1
N1717,CS_152,"[""N1717"", ""N657"", ""CS_152""]",0.6161935172405223,0.41079567816034823,0,1
N1718,CS_84,"[""N1718"", ""CS_84""]",0.5939993728272266,0.3959995818848177,0,1
N1719,CS_127,"[""N1719"", ""N930"", ""N764"", ""N758"", ""N750"", ""CS_127""]",2.9602415171516365,1.9734943447677575,0,1
N1720,CS_134,"[""N1720"", ""N939"", ""N940"", ""N1108"", ""CS_134""]",3.1952531949249883,2.128500872716974,1,1
N1721,CS_131,"[""N1721"", ""N806"", ""N804"", ""N801"", ""CS_131""]",2.2808336230336916,1.5205557486891277,0,1
N1722,CS_154,"[""N1722"", ""N944"", ""N943"", ""N776"", ""N948"", ""N760"", ""N946"", ""CS_154""]",4.565674576681504,3.043783051121002,0,1
N1723,CS_98,"[""N1723"", ""N952"", ""N951"", ""N1726"", ""CS_98""]",1.9861602661415718,1.3241068440943813,0,1
N1724,CS_162,"[""N1724"", ""CS_162""]",1.5451161301095693,1.158822612299523,0,1
N1725,CS_99,"[""N1725"", ""N979"", ""N845"", ""N854"", ""N856"", ""N857"", ""N858"", ""N1112"", ""N863"", ""CS_99""]",6.034935668423835,4.02329044561589,0,1
N1726,CS_98,"[""N1726"", ""CS_98""]",0.2120669706672387,0.1413779804448258,0,1
N1727,CS_97,"[""N1727"", ""CS_97""]",0.31084468813171556,0.20722979208781037,0,1
N1728,CS_133,"[""N1728"", ""N987"", ""CS_133""]",0.8221202257680013,0.5480801505120008,0,1
N1729,CS_138,"[""N1729"", ""N989"", ""N988"", ""N778"", ""N775"", ""CS_138""]",2.9386775987421423,1.9499984637437948,1,1
N1730,CS_145,"[""N1730"", ""N990"", ""N1003"", ""N1002"", ""N716"", ""N707"", ""N1001"", ""CS_145""]",3.8722526114979274,2.559498039346491,1,1
N1731,CS_151,"[""N1731"", ""N991"", ""N766"", ""N767"", ""N768"", ""N779"", ""N787"", ""CS_151""]",9.138965610381218,6.090363774748194,1,1
N1732,CS_129,"[""N1732"", ""N993"", ""N992"", ""N1159"", ""N1160"", ""N1804"", ""N945"", ""N1020"", ""N1021"", ""N1743"", ""CS_129""]",5.832327940627165,3.8398267740796337,3,1
N1733,CS_114,"[""N1733"", ""N715"", ""N719"", ""N724"", ""CS_114""]",0.921203477269658,0.6141356515131055,0,1
N1734,CS_144,"[""N1734"", ""N999"", ""N881"", ""N647"", ""N883"", ""N882"", ""N641"", ""N640"", ""N1099"", ""CS_144""]",4.402784757517275,2.9351898383448507,0,1
N1735,CS_145,"[""N1735"", ""N1000"", ""N707"", ""N1001"", ""CS_145""]",2.020078757840411,1.3467191718936073,0,1
N1736,CS_145,"[""N1736"", ""N1001"", ""CS_145""]",1.605393045088098,1.070262030058732,0,1
N1737,CS_133,"[""N1737"", ""N1008"", ""N1010"", ""N1009"", ""N790"", ""N793"", ""N792"", ""N1728"", ""N987"", ""CS_133""]",5.025092301739935,3.3253426726317006,2,1
N1738,CS_130,"[""N1738"", ""CS_130""]",0.23359853946777268,0.15573235964518178,0,1
N1739,CS_113,"[""N1739"", ""CS_113""]",0.21856910471447927,0.14571273647631952,0,1
N1740,CS_154,"[""N1740"", ""N1016"", ""N946"", ""CS_154""]",3.572074764617766,2.381383176411844,0,1
N1741,CS_153,"[""N1741"", ""N1017"", ""CS_153""]",2.876076581212322,1.9173843874748813,0,1
N1742,CS_131,"[""N1742"", ""N1019"", ""N1018"", ""N921"", ""N785"", ""N801"", ""CS_131""]",4.304972332537792,2.8607376625066876,1,1
N1743,CS_129,"[""N1743"", ""CS_129""]",0.25067099372106016,0.1671139958140401,0,1
N1744,CS_127,"[""N1744"", ""N1027"", ""N1026"", ""N930"", ""N764"", ""N758"", ""N750"", ""CS_127""]",7.5259217940443985,4.985120833642351,1,1
N1745,CS_85,"[""N1745"", ""N1029"", ""CS_85""]",2.8478228012296953,1.89854853415313,0,1
N1746,CS_146,"[""N1746"", ""N1768"", ""N1075"", ""N1074"", ""N1129"", ""CS_146""]",2.296409904749754,1.4431491105215863,2,1
N1747,CS_135,"[""N1747"", ""N1033"", ""N1710"", ""N816"", ""N938"", ""N819"", ""N817"", ""N818"", ""N815"", ""N812"", ""N810"", ""CS_135""]",3.9394065865124666,2.6196333201275968,2,1
N1748,CS_135,"[""N1748"", ""N1034"", ""N1747"", ""N1033"", ""N1710"", ""N816"", ""N938"", ""N819"", ""N817"", ""N818"", ""N815"", ""N812"", ""N810"", ""CS_135""]",5.329628405555997,3.5433385850409183,3,1
N1749,CS_107,"[""N1749"", ""N1036"", ""N838"", ""N837"", ""N980"", ""N1114"", ""CS_107""]",4.094808826763007,2.729872551175338,0,1
N1750,CS_133,"[""N1750"", ""N1037"", ""N1039"", ""N1038"", ""N797"", ""N792"", ""N1728"", ""N987"", ""CS_133""]",2.8240269754627274,1.8743358862176214,2,1
N1751,CS_137,"[""N1751"", ""N1041"", ""N1040"", ""N795"", ""N934"", ""N935"", ""CS_137""]",5.345171640584322,3.563447760389548,0,1
N1752,CS_94,"[""N1752"", ""N1042"", ""N969"", ""N968"", ""CS_94""]",4.158351626597527,2.772234417731685,0,1
N1753,CS_151,"[""N1753"", ""N1047"", ""N1046"", ""N787"", ""CS_151""]",2.0225916331952547,1.3483944221301696,0,1
N1754,CS_135,"[""N1754"", ""N1049"", ""N1048"", ""N1710"", ""N816"", ""N938"", ""N819"", ""N817"", ""N818"", ""N815"", ""N812"", ""N810"", ""CS_135""]",8.282662955642213,5.5141057594855285,2,1
N1755,CS_107,"[""N1755"", ""N1055"", ""N1054"", ""N14"", ""N6"", ""N8"", ""N9"", ""N11"", ""N2"", ""N12"", ""N10"", ""N3"", ""N1461"", ""N42"", ""N1473"", ""N1036"", ""N838"", ""N837"", ""N980"", ""N1114"", ""CS_107""]",16.46081016928513,11.55561735792664,4,1
N1756,CS_137,"[""N1756"", ""N1053"", ""N1052"", ""N1060"", ""N827"", ""N825"", ""N935"", ""CS_137""]",6.960734359733515,4.58464526333136,2,1
N1757,CS_107,"[""N1757"", ""N1055"", ""N1054"", ""N14"", ""N6"", ""N8"", ""N9"", ""N11"", ""N2"", ""N12"", ""N10"", ""N3"", ""N1461"", ""N42"", ""N1473"", ""N1036"", ""N838"", ""N837"", ""N980"", ""N1114"", ""CS_107""]",16.77057865295941,11.818135901214998,3,1
N1758,CS_107,"[""N1758"", ""N1057"", ""N1056"", ""N1054"", ""N14"", ""N6"", ""N8"", ""N9"", ""N11"", ""N2"", ""N12"", ""N10"", ""N3"", ""N1461"", ""N42"", ""N1473"", ""N1036"", ""N838"", ""N837"", ""N980"", ""N1114"", ""CS_107""]",18.418879697478474,12.885312710134004,4,1
N1759,CS_107,"[""N1759"", ""N1059"", ""N1058"", ""N1050"", ""N1051"", ""N1755"", ""N1055"", ""N1054"", ""N14"", ""N6"", ""N8"", ""N9"", ""N11"", ""N2"", ""N12"", ""N10"", ""N3"", ""N1461"", ""N42"", ""N1473"", ""N1036"", ""N838"", ""N837"", ""N980"", ""N1114"", ""CS_107""]",24.086977467117524,16.59958502609236,5,1
N1760,CS_137,"[""N1760"", ""N1061"", ""N1060"", ""N827"", ""N825"", ""N935"", ""CS_137""]",6.906088592911244,4.572027047069342,1,1
N1761,CS_137,"[""N1761"", ""N1062"", ""N825"", ""N935"", ""CS_137""]",4.695631665233291,3.113516158783148,1,1
N1762,CS_137,"[""N1762"", ""N1063"", ""N1761"", ""N1062"", ""N825"", ""N935"", ""CS_137""]",4.898928699013187,3.2474927022519937,2,1
N1763,CS_131,"[""N1763"", ""N1065"", ""N1064"", ""N785"", ""N801"", ""CS_131""]",1.5489638107048895,1.0246612083794377,1,1
N1764,CS_107,"[""N1764"", ""N39"", ""N41"", ""N42"", ""N1473"", ""N1036"", ""N838"", ""N837"", ""N980"", ""N1114"", ""CS_107""]",4.7741808722597066,3.09525283089672,3,1
N1765,CS_144,"[""N1765"", ""N1685"", ""N639"", ""N643"", ""N883"", ""N882"", ""N641"", ""N640"", ""N1099"", ""CS_144""]",6.53823448784801,4.350682169714334,1,1
N1766,CS_137,"[""N1766"", ""N1071"", ""N1810"", ""N1174"", ""N1173"", ""N795"", ""N934"", ""N935"", ""CS_137""]",7.459813307611951,4.893990911579864,2,1
N1767,CS_144,"[""N1767"", ""N1073"", ""N1072"", ""N1100"", ""N1099"", ""CS_144""]",5.598793995603038,3.7325293304020253,0,1
N1768,CS_146,"[""N1768"", ""N1075"", ""N1074"", ""N1129"", ""CS_146""]",1.8636152632488752,1.1922536661732506,1,1
N1769,CS_130,"[""N1769"", ""N1738"", ""CS_130""]",0.36548058138303585,0.23218571727721837,1,1
N1770,CS_127,"[""N1770"", ""N985"", ""N984"", ""N932"", ""N931"", ""N750"", ""CS_127""]",3.498442296328606,2.2928697152969812,1,1
N1771,CS_154,"[""N1771"", ""N1147"", ""N1798"", ""N1740"", ""N1016"", ""N946"", ""CS_154""]",4.988750870962983,3.276332226068271,2,1
N1772,CS_121,"[""N1772"", ""N1083"", ""N1082"", ""N1781"", ""CS_121""]",1.7078576976259485,1.0991421489001825,1,1
N1773,CS_83,"[""N1773"", ""N703"", ""N1694"", ""N688"", ""N1691"", ""N689"", ""N669"", ""N681"", ""N680"", ""CS_83""]",3.1437142117802175,2.078530265565549,3,1
N1774,CS_114,"[""N1774"", ""N1090"", ""N1733"", ""N715"", ""N719"", ""N724"", ""CS_114""]",1.305341081938441,0.8666996018318458,1,1
N1775,CS_114,"[""N1775"", ""N1091"", ""N1774"", ""N1090"", ""N1733"", ""N715"", ""N719"", ""N724"", ""CS_114""]",1.7413204988072646,1.155798250939293,2,1
N1776,CS_78,"[""N1776"", ""N1101"", ""N893"", ""N638"", ""N649"", ""CS_78""]",4.242952826145771,2.828635217430514,0,1
N1777,CS_145,"[""N1777"", ""N1103"", ""N925"", ""N926"", ""N700"", ""N707"", ""N1001"", ""CS_145""]",2.4305943853955037,1.6203962569303356,0,1
N1778,CS_91,"[""N1778"", ""N1104"", ""N824"", ""N964"", ""N963"", ""N826"", ""N829"", ""N1194"", ""N1820"", ""CS_91""]",5.346113393956311,3.594394361416673,1,1
N1779,CS_94,"[""N1779"", ""N1105"", ""N968"", ""CS_94""]",2.601218632059533,1.7341457547063555,0,1
N1780,CS_115,"[""N1780"", ""N1107"", ""N1106"", ""N907"", ""N908"", ""N711"", ""CS_115""]",1.9734324505307095,1.3076733531868732,1,1
N1781,CS_121,"[""N1781"", ""CS_121""]",0.3948746506341149,0.26324976708940995,0,1
N1782,CS_100,"[""N1782"", ""CS_100""]",0.15377610809823586,0.10251740539882391,0,1
N1783,CS_91,"[""N1783"", ""N1116"", ""N964"", ""N963"", ""N826"", ""N829"", ""N1194"", ""N1820"", ""CS_91""]",4.880861638536548,3.2287620996452233,1,1
N1784,CS_141,"[""N1784"", ""N1119"", ""N911"", ""N728"", ""N729"", ""N730"", ""N913"", ""CS_141""]",2.3353075636815883,1.5568717091210593,0,1
N1785,CS_155,"[""N1785"", ""N1121"", ""N1120"", ""N633"", ""N632"", ""CS_155""]",3.6265636361496094,2.403602333114544,1,1
N1786,CS_99,"[""N1786"", ""N1122"", ""N975"", ""N854"", ""N856"", ""N857"", ""N858"", ""N1112"", ""N863"", ""CS_99""]",3.3110496383867236,2.2073664255911494,0,1
N1787,CS_89,"[""N1787"", ""N1123"", ""N924"", ""N695"", ""N1093"", ""N1092"", ""CS_89""]",3.349060283025522,2.2327068553503477,0,1
N1788,CS_81,"[""N1788"", ""N1125"", ""N1188"", ""N1817"", ""CS_81""]",1.4824066947782255,0.9520859808842763,1,1
N1789,CS_146,"[""N1789"", ""N1129"", ""CS_146""]",1.8206963195494879,1.2137975463663253,0,1
N1790,CS_145,"[""N1790"", ""N1132"", ""N926"", ""N700"", ""N707"", ""N1001"", ""CS_145""]",2.595383740368087,1.730255826912058,0,1
N1791,CS_88,"[""N1791"", ""N1134"", ""N1133"", ""N1183"", ""N959"", ""N822"", ""CS_88""]",5.664569383958601,3.964445991081453,2,1
N1792,CS_91,"[""N1792"", ""N1135"", ""N829"", ""N1194"", ""N1820"", ""CS_91""]",4.149955333978428,2.8214357840196644,1,1
N1793,CS_88,"[""N1793"", ""N1137"", ""N1136"", ""N1133"", ""N1183"", ""N959"", ""N822"", ""CS_88""]",6.779859986355501,4.737310923214414,3,1
N1794,CS_158,"[""N1794"", ""N870"", ""N1712"", ""CS_158""]",7.673466107533504,5.672234478551387,1,1
N1795,CS_139,"[""N1795"", ""CS_139""]",1.0067994785284413,0.6711996523522943,0,1
N1796,CS_147,"[""N1796"", ""CS_147""]",0.26859449273395286,0.17906299515596857,0,1
N1797,CS_90,"[""N1797"", ""N1142"", ""CS_90""]",0.34682414112693244,0.2178004660234577,1,1
N1798,CS_154,"[""N1798"", ""N1740"", ""N1016"", ""N946"", ""CS_154""]",3.816786567669312,2.5232450912243345,1,1
N1799,CS_138,"[""N1799"", ""N1811"", ""N1176"", ""N1175"", ""N773"", ""N777"", ""N781"", ""N780"", ""N778"", ""N775"", ""CS_138""]",3.6948332582820935,2.446447777466149,2,1
N1800,CS_138,"[""N1800"", ""N1152"", ""N1151"", ""N1811"", ""N1176"", ""N1175"", ""N773"", ""N777"", ""N781"", ""N780"", ""N778"", ""N775"", ""CS_138""]",4.743527471556721,3.1416066731755277,2,1
N1801,CS_135,"[""N1801"", ""N937"", ""N936"", ""N820"", ""N817"", ""N818"", ""N815"", ""N812"", ""N810"", ""CS_135""]",2.9490573118000354,1.9580878895388008,1,1
N1802,CS_135,"[""N1802"", ""N1156"", ""N1803"", ""N1158"", ""N1157"", ""N995"", ""N818"", ""N815"", ""N812"", ""N810"", ""CS_135""]",3.171620346900815,2.0974355384820296,2,1
N1803,CS_135,"[""N1803"", ""N1158"", ""N1157"", ""N995"", ""N818"", ""N815"", ""N812"", ""N810"", ""CS_135""]",2.5602318121375283,1.6966936267289805,1,1
N1804,CS_129,"[""N1804"", ""N945"", ""N1020"", ""N1021"", ""N1743"", ""CS_129""]",2.8164405815936626,1.8520170730220014,2,1
N1805,CS_144,"[""N1805"", ""N1069"", ""N1765"", ""N1685"", ""N639"", ""N643"", ""N883"", ""N882"", ""N641"", ""N640"", ""N1099"", ""CS_144""]",7.6527072960598685,5.11920050943133,2,1
N1806,CS_135,"[""N1806"", ""N1814"", ""N1182"", ""N1181"", ""N802"", ""N810"", ""CS_135""]",2.3117751473062964,1.5086248406986946,2,1
N1807,CS_114,"[""N1807"", ""N1168"", ""N1166"", ""N714"", ""N715"", ""N719"", ""N724"", ""CS_114""]",2.0731678034022045,1.3717098953551266,1,1
N1808,CS_125,"[""N1808"", ""CS_125""]",1.1180716213630715,0.7453810809087144,0,1
N1809,CS_122,"[""N1809"", ""N1172"", ""N1171"", ""N798"", ""N1706"", ""CS_122""]",2.361283458217357,1.5657305209073014,1,1
N1810,CS_137,"[""N1810"", ""N1174"", ""N1173"", ""N795"", ""N934"", ""N935"", ""CS_137""]",5.40688580598594,3.58825959237536,1,1
N1811,CS_138,"[""N1811"", ""N1176"", ""N1175"", ""N773"", ""N777"", ""N781"", ""N780"", ""N778"", ""N775"", ""CS_138""]",3.567864802446838,2.3728428755326667,1,1
N1812,CS_80,"[""N1812"", ""N1689"", ""N666"", ""N660"", ""N1716"", ""N1006"", ""N892"", ""N890"", ""N888"", ""CS_80""]",8.050168196421543,5.295870962505908,2,1
N1813,CS_156,"[""N1813"", ""N737"", ""N738"", ""N735"", ""N906"", ""CS_156""]",1.124976604507614,0.7389770364245376,1,1
N1814,CS_135,"[""N1814"", ""N1182"", ""N1181"", ""N802"", ""N810"", ""CS_135""]",2.1335221178787642,1.4052897511754876,1,1
N1815,CS_88,"[""N1815"", ""N1184"", ""N1183"", ""N959"", ""N822"", ""CS_88""]",4.521129110453039,3.1516978447657173,1,1
N1816,CS_78,"[""N1816"", ""N1186"", ""N1185"", ""N897"", ""N636"", ""N637"", ""N1684"", ""N638"", ""N649"", ""CS_78""]",3.8411976665471776,2.532914584722036,2,1
N1817,CS_81,"[""N1817"", ""CS_81""]",0.2636703397566092,0.17578022650440614,0,1
N1818,CS_99,"[""N1818"", ""N1190"", ""N1112"", ""N863"", ""CS_99""]",1.9360309486124336,1.2548703472143319,1,1
N1819,CS_150,"[""N1819"", ""CS_150""]",0.2098838826089074,0.13992258840593827,0,1
N1820,CS_91,"[""N1820"", ""CS_91""]",1.195841193179528,0.7972274621196853,0,1
N1821,CS_94,"[""N1821"", ""N1196"", ""N1195"", ""N969"", ""N968"", ""CS_94""]",3.9074202564943983,2.5465695011745844,1,1
N1823,CS_93,"[""N1823"", ""CS_93""]",0.9743855395532552,0.6495903597021702,0,1
N1824,CS_86,"[""N1824"", ""N1202"", ""N1201"", ""N965"", ""N872"", ""CS_86""]",6.440442646915646,4.489809291781168,1,1
N1825,CS_24,"[""N1825"", ""N1204"", ""N1203"", ""N98"", ""N91"", ""CS_24""]",2.912176583187743,1.901797469912288,1,1
N1826,CS_12,"[""N1826"", ""N1225"", ""N1445"", ""N289"", ""N101"", ""N1221"", ""N1219"", ""N630"", ""N1217"", ""N628"", ""N368"", ""N626"", ""N627"", ""N1679"", ""CS_12""]",2.8508548605222845,1.8078509889933287,10,1
N1827,CS_12,"[""N1827"", ""N1208"", ""N1207"", ""N616"", ""N617"", ""N1674"", ""N1678"", ""N625"", ""N624"", ""N622"", ""N623"", ""N1677"", ""N1679"", ""CS_12""]",3.4538835770292438,2.2789438442552954,4,1
N1828,CS_12,"[""N1828"", ""N1210"", ""N1209"", ""N608"", ""N1431"", ""N288"", ""N101"", ""N1221"", ""N1219"", ""N630"", ""N1217"", ""N628"", ""N368"", ""N626"", ""N627"", ""N1679"", ""CS_12""]",4.742501375662152,3.069415625245536,10,1
N1829,CS_24,"[""N1829"", ""N1212"", ""N1211"", ""N91"", ""CS_24""]",1.8006580505000256,1.1677220149950385,1,1
N1830,CS_12,"[""N1830"", ""N1214"", ""N1213"", ""N624"", ""N622"", ""N623"", ""N1677"", ""N1679"", ""CS_12""]",2.0861542671110707,1.371217857897823,3,1
N1831,CS_12,"[""N1831"", ""N1216"", ""N1215"", ""N626"", ""N627"", ""N1679"", ""CS_12""]",2.2633541349747484,1.5004191869055077,1,1
N1832,CS_12,"[""N1832"", ""N1218"", ""N1217"", ""N628"", ""N368"", ""N626"", ""N627"", ""N1679"", ""CS_12""]",1.9359040017585925,1.2638552011898183,3,1
N1833,CS_12,"[""N1833"", ""N1220"", ""N1219"", ""N630"", ""N1217"", ""N628"", ""N368"", ""N626"", ""N627"", ""N1679"", ""CS_12""]",2.1715864280718566,1.410851438024483,5,1
N1834,CS_12,"[""N1834"", ""N1222"", ""N1221"", ""N1219"", ""N630"", ""N1217"", ""N628"", ""N368"", ""N626"", ""N627"", ""N1679"", ""CS_12""]",2.2491744713842534,1.450798077165324,6,1
N1835,CS_6,"[""N1835"", ""N1224"", ""N1223"", ""N96"", ""N97"", ""N1669"", ""N607"", ""N606"", ""N367"", ""N602"", ""N603"", ""N601"", ""N600"", ""CS_6""]",3.815309837404648,2.478640044566579,5,1
N1836,CS_12,"[""N1836"", ""N1226"", ""N1225"", ""N1445"", ""N289"", ""N101"", ""N1221"", ""N1219"", ""N630"", ""N1217"", ""N628"", ""N368"", ""N626"", ""N627"", ""N1679"", ""CS_12""]",3.35772911691666,2.1599037563967216,9,1
N1837,CS_12,"[""N1837"", ""N1228"", ""N1227"", ""N289"", ""N101"", ""N1221"", ""N1219"", ""N630"", ""N1217"", ""N628"", ""N368"", ""N626"", ""N627"", ""N1679"", ""CS_12""]",3.3154201706272874,2.1381673870938793,8,1
N1838,CS_28,"[""N1838"", ""N1230"", ""N1229"", ""N1231"", ""N1232"", ""N1839"", ""N1235"", ""N1236"", ""CS_28""]",3.9107448923826555,2.5127830341017257,2,1
N1839,CS_28,"[""N1839"", ""N1235"", ""N1236"", ""CS_28""]",1.1113764207113734,0.702429264259252,1,1
N1840,CS_3,"[""N1840"", ""N1234"", ""N1233"", ""N138"", ""N296"", ""N137"", ""N388"", ""N306"", ""N305"", ""N1867"", ""N1866"", ""N1285"", ""CS_3""]",3.7846487762955143,2.501800018540457,3,1
N1841,CS_28,"[""N1841"", ""N1236"", ""CS_28""]",0.9676770610101009,0.6451180406734005,0,1
N1842,CS_46,"[""N1842"", ""N1238"", ""N1237"", ""N1260"", ""N299"", ""N300"", ""N135"", ""N134"", ""CS_46""]",3.1238487065591367,2.0624408092337916,2,1
N1843,CS_45,"[""N1843"", ""N148"", ""N149"", ""N151"", ""N150"", ""CS_45""]",2.151604076528669,1.419411795334969,1,1
N1844,CS_73,"[""N1844"", ""N1242"", ""N1241"", ""N164"", ""N374"", ""N1548"", ""N373"", ""N1274"", ""N1276"", ""N1277"", ""N1862"", ""CS_73""]",3.710580212936736,2.418166757857128,5,1
N1845,CS_70,"[""N1845"", ""N1244"", ""N1251"", ""N1849"", ""CS_70""]",2.3619133157718117,1.545013668502394,1,1
N1846,CS_45,"[""N1846"", ""N1246"", ""N1245"", ""N146"", ""N301"", ""N150"", ""CS_45""]",2.657630786673283,1.763270111945388,1,1
N1847,CS_45,"[""N1847"", ""N303"", ""N301"", ""N150"", ""CS_45""]",1.9544118376582573,1.299408400841222,1,1
N1848,CS_73,"[""N1848"", ""N1249"", ""N1295"", ""N1294"", ""N163"", ""N164"", ""N374"", ""N1548"", ""N373"", ""N1274"", ""N1276"", ""N1277"", ""N1862"", ""CS_73""]",4.594139115381736,2.989925407198437,5,1
N1849,CS_70,"[""N1849"", ""CS_70""]",0.12983374831597047,0.08655583221064699,0,1
N1850,CS_45,"[""N1850"", ""N1253"", ""N1252"", ""N149"", ""N151"", ""N150"", ""CS_45""]",2.408158932619413,1.603771364513257,1,1
N1851,CS_50,"[""N1851"", ""N1255"", ""CS_50""]",1.2929474244277186,0.8619649496184791,0,1
N1852,CS_52,"[""N1852"", ""N1257"", ""CS_52""]",0.6635939912628189,0.44239599417521264,0,1
N1853,CS_50,"[""N1853"", ""N1259"", ""N1258"", ""N1254"", ""N1255"", ""CS_50""]",1.8819422770807086,1.2435842087051496,1,1
N1854,CS_50,"[""N1854"", ""N1853"", ""N1259"", ""N1258"", ""N1254"", ""N1255"", ""CS_50""]",2.280425474512119,1.4745889608393006,2,1
N1855,CS_46,"[""N1855"", ""N1263"", ""N1262"", ""N136"", ""N135"", ""N134"", ""CS_46""]",3.897839044753409,2.5875154017233015,1,1
N1856,CS_73,"[""N1856"", ""N1265"", ""N1267"", ""N1857"", ""N1300"", ""N1296"", ""N163"", ""N164"", ""N374"", ""N1548"", ""N373"", ""N1274"", ""N1276"", ""N1277"", ""N1862"", ""CS_73""]",5.872825767418078,3.746515602286442,8,1
N1857,CS_73,"[""N1857"", ""N1300"", ""N1296"", ""N163"", ""N164"", ""N374"", ""N1548"", ""N373"", ""N1274"", ""N1276"", ""N1277"", ""N1862"", ""CS_73""]",3.765865071131356,2.3853946089157962,7,1
N1858,CS_73,"[""N1858"", ""N1300"", ""N1296"", ""N163"", ""N164"", ""N374"", ""N1548"", ""N373"", ""N1274"", ""N1276"", ""N1277"", ""N1862"", ""CS_73""]",3.639781114899745,2.3123024603757316,7,1
N1859,CS_73,"[""N1859"", ""N1271"", ""N1270"", ""N310"", ""N309"", ""N164"", ""N374"", ""N1548"", ""N373"", ""N1274"", ""N1276"", ""N1277"", ""N1862"", ""CS_73""]",5.17710484857221,3.3961954837600308,5,1
N1860,CS_37,"[""N1860"", ""CS_37""]",0.7549642164462742,0.5033094776308494,0,1
N1861,CS_73,"[""N1861"", ""N1275"", ""N1274"", ""N1276"", ""N1277"", ""N1862"", ""CS_73""]",2.8118637472710777,1.8524868075323897,1,1
N1862,CS_73,"[""N1862"", ""CS_73""]",0.20942845079305172,0.13961896719536782,0,1
N1863,CS_42,"[""N1863"", ""N1279"", ""N1278"", ""N1280"", ""N1281"", ""N1282"", ""N1283"", ""N1865"", ""CS_42""]",2.5407993003690468,1.6602968075542817,2,1
N1864,CS_42,"[""N1864"", ""N1281"", ""N1282"", ""N1283"", ""N1865"", ""CS_42""]",1.957819065059781,1.2869741571267654,1,1
N1865,CS_42,"[""N1865"", ""CS_42""]",0.39363033984398865,0.2624202265626591,0,1
N1866,CS_3,"[""N1866"", ""N1285"", ""CS_3""]",1.225828055233924,0.8172187034892827,0,1
N1867,CS_3,"[""N1867"", ""N1866"", ""N1285"", ""CS_3""]",1.3233908195860253,0.8737768277513704,1,1
N1868,CS_73,"[""N1868"", ""N1289"", ""N1301"", ""N1300"", ""N1296"", ""N163"", ""N164"", ""N374"", ""N1548"", ""N373"", ""N1274"", ""N1276"", ""N1277"", ""N1862"", ""CS_73""]",4.885848951696154,3.151066607160852,7,1
N1869,CS_52,"[""N1869"", ""N1291"", ""N1256"", ""N1257"", ""CS_52""]",1.4877948093198485,0.9653968849113027,1,1
N1870,CS_54,"[""N1870"", ""N154"", ""N161"", ""N1298"", ""N1299"", ""CS_54""]",2.0605036072991294,1.3417418049390069,2,1
N1871,CS_73,"[""N1871"", ""N1297"", ""N1296"", ""N163"", ""N164"", ""N374"", ""N1548"", ""N373"", ""N1274"", ""N1276"", ""N1277"", ""N1862"", ""CS_73""]",4.54846639406248,2.961829360509922,5,1
N1872,CS_54,"[""N1872"", ""N1299"", ""CS_54""]",1.3061317397545156,0.8707544931696771,0,1
N1873,CS_73,"[""N1873"", ""N1301"", ""N1300"", ""N1296"", ""N163"", ""N164"", ""N374"", ""N1548"", ""N373"", ""N1274"", ""N1276"", ""N1277"", ""N1862"", ""CS_73""]",4.861530832811807,3.1516063129667025,6,1
N1874,CS_73,"[""N1874"", ""N1303"", ""N1302"", ""N1288"", ""N1289"", ""N1301"", ""N1300"", ""N1296"", ""N163"", ""N164"", ""N374"", ""N1548"", ""N373"", ""N1274"", ""N1276"", ""N1277"", ""N1862"", ""CS_73""]",5.939637646012905,3.8200793144194707,8,1
N1875,CS_42,"[""N1875"", ""N1305"", ""N1304"", ""N131"", ""N295"", ""N126"", ""N294"", ""N1280"", ""N1281"", ""N1282"", ""N1283"", ""N1865"", ""CS_42""]",4.180690044560515,2.736681699565244,3,1
N1876,CS_72,"[""N1876"", ""CS_72""]",0.3852980055861528,0.2568653370574352,0,1
N1877,CS_72,"[""N1877"", ""N1309"", ""N1308"", ""N1314"", ""N1307"", ""N1876"", ""CS_72""]",2.0732953702035855,1.3535798413100997,2,1
N1878,CS_72,"[""N1878"", ""N1311"", ""N1310"", ""N1309"", ""N1308"", ""N1314"", ""N1307"", ""N1876"", ""CS_72""]",2.498276127329448,1.6099918433135596,3,1
N1879,CS_72,"[""N1879"", ""N1313"", ""N1312"", ""N1310"", ""N1309"", ""N1308"", ""N1314"", ""N1307"", ""N1876"", ""CS_72""]",2.873642311640828,1.8344642912862574,4,1
N1880,CS_72,"[""N1880"", ""N1315"", ""N1314"", ""N1307"", ""N1876"", ""CS_72""]",1.6254421607922762,1.0645708304149588,1,1
N1881,CS_72,"[""N1881"", ""N1317"", ""N1316"", ""N1313"", ""N1312"", ""N1310"", ""N1309"", ""N1308"", ""N1314"", ""N1307"", ""N1876"", ""CS_72""]",3.8295591204974118,2.41367654261963,5,1
N1882,CS_72,"[""N1882"", ""N1319"", ""N1318"", ""N1317"", ""N1316"", ""N1313"", ""N1312"", ""N1310"", ""N1309"", ""N1308"", ""N1314"", ""N1307"", ""N1876"", ""CS_72""]",4.83767715373501,3.116779108274207,6,1
N1883,CS_72,"[""N1883"", ""N1321"", ""N1320"", ""N311"", ""N1319"", ""N1318"", ""N1317"", ""N1316"", ""N1313"", ""N1312"", ""N1310"", ""N1309"", ""N1308"", ""N1314"", ""N1307"", ""N1876"", ""CS_72""]",5.600100291628289,3.681179504687828,8,1
N1884,CS_72,"[""N1884"", ""N1323"", ""N1322"", ""N1321"", ""N1320"", ""N311"", ""N1319"", ""N1318"", ""N1317"", ""N1316"", ""N1313"", ""N1312"", ""N1310"", ""N1309"", ""N1308"", ""N1314"", ""N1307"", ""N1876"", ""CS_72""]",5.929635545689742,4.044974290798173,9,1
N1885,CS_72,"[""N1885"", ""N1325"", ""N1324"", ""N1323"", ""N1322"", ""N1321"", ""N1320"", ""N311"", ""N1319"", ""N1318"", ""N1317"", ""N1316"", ""N1313"", ""N1312"", ""N1310"", ""N1309"", ""N1308"", ""N1314"", ""N1307"", ""N1876"", ""CS_72""]",6.2244144592423964,4.373307819287307,10,1
N1886,CS_64,"[""N1886"", ""N1327"", ""N1326"", ""N323"", ""N322"", ""N197"", ""N198"", ""N410"", ""N199"", ""CS_64""]",2.8705233854822887,1.9101467560941152,1,1
N1887,CS_64,"[""N1887"", ""N1329"", ""N1328"", ""N1326"", ""N323"", ""N322"", ""N197"", ""N198"", ""N410"", ""N199"", ""CS_64""]",3.7247680264047105,2.4738992405738047,2,1
N1888,CS_64,"[""N1888"", ""N1331"", ""N1330"", ""N323"", ""N322"", ""N197"", ""N198"", ""N410"", ""N199"", ""CS_64""]",2.8685386091734686,1.882902819543766,1,1
N1889,CS_29,"[""N1889"", ""N1333"", ""N1332"", ""N202"", ""N204"", ""N344"", ""CS_29""]",5.681962657771733,3.782734188950442,1,1
N1890,CS_136,"[""N1890"", ""N1335"", ""N1424"", ""N1423"", ""N1421"", ""N1422"", ""N1933"", ""N1347"", ""N1346"", ""N1901"", ""N1355"", ""N1356"", ""N1900"", ""CS_136""]",3.751297016857647,2.42885186212776,5,1
N1891,CS_136,"[""N1891"", ""N1337"", ""N1336"", ""N1890"", ""N1335"", ""N1424"", ""N1423"", ""N1421"", ""N1422"", ""N1933"", ""N1347"", ""N1346"", ""N1901"", ""N1355"", ""N1356"", ""N1900"", ""CS_136""]",5.067950097801537,3.296492384585677,6,1
N1892,CS_68,"[""N1892"", ""N1339"", ""N1338"", ""N1405"", ""N1406"", ""N1925"", ""CS_68""]",2.353472412212695,1.5391828506901526,1,1
N1893,CS_1,"[""N1893"", ""N1372"", ""N1371"", ""N378"", ""N379"", ""N1553"", ""CS_1""]",2.7038684528794446,1.7651081025125097,2,1
N1894,CS_66,"[""N1894"", ""N1343"", ""N1342"", ""N188"", ""N179"", ""N180"", ""N194"", ""N392"", ""CS_66""]",3.1781949037752892,2.1130529482984275,1,1
N1895,CS_136,"[""N1895"", ""N1896"", ""N1347"", ""N1346"", ""N1901"", ""N1355"", ""N1356"", ""N1900"", ""CS_136""]",2.752348929037849,1.7865670464558696,3,1
N1896,CS_136,"[""N1896"", ""N1347"", ""N1346"", ""N1901"", ""N1355"", ""N1356"", ""N1900"", ""CS_136""]",2.620238943110617,1.7099815473676188,2,1
N1897,CS_64,"[""N1897"", ""N1886"", ""N1327"", ""N1326"", ""N323"", ""N322"", ""N197"", ""N198"", ""N410"", ""N199"", ""CS_64""]",3.0331213646483057,2.0044064541613715,2,1
N1898,CS_1,"[""N1898"", ""N1351"", ""N1350"", ""N1371"", ""N378"", ""N379"", ""N1553"", ""CS_1""]",2.7746151993620862,1.8416221254083123,2,1
N1899,CS_49,"[""N1899"", ""N175"", ""N176"", ""N187"", ""CS_49""]",1.9449778928932089,1.2920865242236343,1,1
N1900,CS_136,"[""N1900"", ""CS_136""]",0.3763685947700834,0.2509123965133889,0,1
N1901,CS_136,"[""N1901"", ""N1355"", ""N1356"", ""N1900"", ""CS_136""]",1.2971280851319553,0.847838386101952,1,1
N1902,CS_40,"[""N1902"", ""N1369"", ""N1370"", ""N1907"", ""CS_40""]",1.2532874371356382,0.80020761323246,1,1
N1903,CS_49,"[""N1903"", ""N1362"", ""N1361"", ""N1904"", ""N193"", ""N187"", ""CS_49""]",2.4167768731155412,1.5813794562026968,2,1
N1904,CS_49,"[""N1904"", ""N193"", ""N187"", ""CS_49""]",1.0786740129273797,0.7043113197725137,1,1
N1905,CS_64,"[""N1905"", ""N328"", ""N207"", ""N206"", ""N324"", ""N325"", ""N200"", ""N198"", ""N410"", ""N199"", ""CS_64""]",3.0819497568380516,2.0523502747593105,1,1
N1906,CS_21,"[""N1906"", ""N1368"", ""N1367"", ""N1393"", ""N1373"", ""N1375"", ""N1376"", ""CS_21""]",2.0710533591593476,1.3291852175634564,3,1
N1907,CS_40,"[""N1907"", ""CS_40""]",0.10584273915836034,0.07056182610557356,0,1
N1908,CS_1,"[""N1908"", ""N1372"", ""N1371"", ""N378"", ""N379"", ""N1553"", ""CS_1""]",3.036011110905563,2.017553990336982,1,1
N1909,CS_21,"[""N1909"", ""N1374"", ""N1373"", ""N1375"", ""N1376"", ""CS_21""]",1.709255706739254,1.119991374228742,1,1
N1910,CS_21,"[""N1910"", ""N1376"", ""CS_21""]",0.8483592996427944,0.5655728664285296,0,1
N1911,CS_38,"[""N1911"", ""N1378"", ""N1377"", ""N1381"", ""N1379"", ""N1380"", ""N1912"", ""N1915"", ""N1386"", ""N1385"", ""N1383"", ""N1387"", ""N167"", ""CS_38""]",4.6871299539566245,3.037401156314578,6,1
N1912,CS_38,"[""N1912"", ""N1915"", ""N1386"", ""N1385"", ""N1383"", ""N1387"", ""N167"", ""CS_38""]",2.137114154444518,1.3590404123291109,4,1
N1913,CS_38,"[""N1913"", ""N1382"", ""N1381"", ""N1379"", ""N1380"", ""N1912"", ""N1915"", ""N1386"", ""N1385"", ""N1383"", ""N1387"", ""N167"", ""CS_38""]",4.539755454710305,2.949755732107712,5,1
N1914,CS_38,"[""N1914"", ""N1384"", ""N1383"", ""N1387"", ""N167"", ""CS_38""]",1.4820594130523315,0.9684976680186953,2,1
N1915,CS_38,"[""N1915"", ""N1386"", ""N1385"", ""N1383"", ""N1387"", ""N167"", ""CS_38""]",1.8613578414283003,1.1991816801457962,3,1
N1916,CS_38,"[""N1916"", ""N1388"", ""N1387"", ""N167"", ""CS_38""]",1.5271693530868906,1.0089825410268614,1,1
N1917,CS_38,"[""N1917"", ""N1390"", ""N1389"", ""N167"", ""CS_38""]",1.5929813142563374,1.0380706496512482,1,1
N1918,,"[""N1918"", ""N1392"", ""N1391"", """"]",1.18184932666382,0.7878995511092132,0,1
N1919,CS_21,"[""N1919"", ""N1394"", ""N1393"", ""N1373"", ""N1375"", ""N1376"", ""CS_21""]",2.04529045103789,1.3234226185832532,2,1
N1920,CS_8,"[""N1920"", ""N1921"", ""N1398"", ""N1397"", ""N1399"", ""CS_8""]",1.600920516422564,1.0292760789919821,2,1
N1921,CS_8,"[""N1921"", ""N1398"", ""N1397"", ""N1399"", ""CS_8""]",1.2209551914518026,0.8090063253857437,1,1
N1922,CS_8,"[""N1922"", ""N1400"", ""N1399"", ""CS_8""]",1.3561122853933119,0.9040748569288746,0,1
N1923,CS_64,"[""N1923"", ""N200"", ""N198"", ""N410"", ""N199"", ""CS_64""]",1.6315782873488591,1.0785874831922517,1,1
N1924,CS_36,"[""N1924"", ""N1404"", ""N1403"", ""N169"", ""N1407"", ""CS_36""]",2.3665788504323784,1.5157865912030957,2,1
N1925,CS_68,"[""N1925"", ""CS_68""]",0.36665488343028996,0.24443658895352666,0,1
N1926,CS_36,"[""N1926"", ""N1408"", ""N1407"", ""CS_36""]",1.1761758071484234,0.7841172047656155,0,1
N1927,CS_36,"[""N1927"", ""N1410"", ""N1409"", ""N1425"", ""N172"", ""N317"", ""N169"", ""N1407"", ""CS_36""]",3.3229248779599816,2.1544758299811764,3,1
N1928,CS_49,"[""N1928"", ""N1412"", ""N1411"", ""N177"", ""N187"", ""CS_49""]",2.4652306109811466,1.641928549573769,1,1
N1929,CS_39,"[""N1929"", ""CS_39""]",0.17293137155168395,0.11528758103445597,0,1
N1930,CS_75,"[""N1930"", ""CS_75""]",0.1285645137926355,0.085709675861757,0,1
N1931,CS_63,"[""N1931"", ""CS_63""]",0.29054975503252134,0.19369983668834756,0,1
N1932,CS_29,"[""N1932"", ""N1420"", ""N1419"", ""N344"", ""CS_29""]",0.9219369486096693,0.5962143469375163,1,1
N1933,CS_136,"[""N1933"", ""N1347"", ""N1346"", ""N1901"", ""N1355"", ""N1356"", ""N1900"", ""CS_136""]",1.942088928431561,1.2434625895503095,3,1
N1934,CS_136,"[""N1934"", ""N1424"", ""N1423"", ""N1421"", ""N1422"", ""N1933"", ""N1347"", ""N1346"", ""N1901"", ""N1355"", ""N1356"", ""N1900"", ""CS_136""]",4.094680126299082,2.6692618864918827,4,1
N1935,CS_68,"[""N1935"", ""N1892"", ""N1339"", ""N1338"", ""N1405"", ""N1406"", ""N1925"", ""CS_68""]",2.515906884103086,1.6333477619309589,2,1
N1936,CS_24,"[""N1936"", ""N78"", ""N79"", ""N286"", ""N285"", ""N287"", ""N88"", ""N91"", ""CS_24""]",5.071916424141942,3.340286622909267,1,1
N1937,CS_24,"[""N1937"", ""N1430"", ""N1429"", ""N1829"", ""N1212"", ""N1211"", ""N91"", ""CS_24""]",2.821564553969252,1.8332346206456291,2,1
N1938,CS_12,"[""N1938"", ""N1432"", ""N1431"", ""N288"", ""N101"", ""N1221"", ""N1219"", ""N630"", ""N1217"", ""N628"", ""N368"", ""N626"", ""N627"", ""N1679"", ""CS_12""]",4.37247326184074,2.8461715803553997,8,1
N1939,CS_3,"[""N1939"", ""N1434"", ""N1554"", ""N380"", ""N138"", ""N296"", ""N137"", ""N388"", ""N306"", ""N305"", ""N1867"", ""N1866"", ""N1285"", ""CS_3""]",4.828111057252226,3.176962229071543,3,1
N1940,CS_73,"[""N1940"", ""N1436"", ""N1435"", ""N309"", ""N164"", ""N374"", ""N1548"", ""N373"", ""N1274"", ""N1276"", ""N1277"", ""N1862"", ""CS_73""]",5.012740732067991,3.288287329990184,5,1
N1941,CS_55,"[""N1941"", ""N1438"", ""N232"", ""N221"", ""N337"", ""N226"", ""N228"", ""N231"", ""N235"", ""N237"", ""N243"", ""N348"", ""N247"", ""N248"", ""CS_55""]",5.031351723954464,3.3511269194864988,1,1
N1942,CS_24,"[""N1942"", ""N1440"", ""N1439"", ""N1660"", ""N589"", ""N588"", ""N93"", ""N92"", ""N98"", ""N91"", ""CS_24""]",4.493245573693378,2.9779290367634643,2,1
N1943,CS_12,"[""N1943"", ""N1442"", ""N1441"", ""N1209"", ""N608"", ""N1431"", ""N288"", ""N101"", ""N1221"", ""N1219"", ""N630"", ""N1217"", ""N628"", ""N368"", ""N626"", ""N627"", ""N1679"", ""CS_12""]",4.837133067733988,3.1207247125345536,11,1
N1944,CS_12,"[""N1944"", ""N1446"", ""N1445"", ""N289"", ""N101"", ""N1221"", ""N1219"", ""N630"", ""N1217"", ""N628"", ""N368"", ""N626"", ""N627"", ""N1679"", ""CS_12""]",3.3642957400191764,2.1678127520650956,8,1
N1945,CS_25,"[""N1945"", ""CS_25""]",1.6689147708179664,1.1126098472119776,0,1
N1946,CS_26,"[""N1946"", ""N1450"", ""N453"", ""N1592"", ""CS_26""]",2.0266503752317764,1.3351284175809561,1,1
N1947,CS_4,"[""N1947"", ""N1452"", ""N1451"", ""N470"", ""N471"", ""N472"", ""CS_4""]",2.0932076737685708,1.337526885266461,2,1
N1949,CS_4,"[""N1949"", ""N1456"", ""N1601"", ""N471"", ""N472"", ""CS_4""]",5.127124726124696,3.291735485496532,2,1
N1950,CS_55,"[""N1950"", ""N232"", ""N221"", ""N337"", ""N226"", ""N228"", ""N231"", ""N235"", ""N237"", ""N243"", ""N348"", ""N247"", ""N248"", ""CS_55""]",4.760745411769398,3.1503866365366266,1,1
N1951,CS_55,"[""N1951"", ""N1460"", ""N1459"", ""N220"", ""N336"", ""N337"", ""N226"", ""N228"", ""N231"", ""N235"", ""N237"", ""N243"", ""N348"", ""N247"", ""N248"", ""CS_55""]",3.907259225177455,2.601303560645107,1,1
