location_id,rank,shelter_id,total_cost,path_length_km,failure_reason
N1,1,CS_107,25.457208163365348,18.125151466516765,
N1,2,CS_100,26.00596398636381,18.490988681849075,
N1,3,CS_101,26.23105866992444,18.641051804222826,
N1,4,CS_148,26.749278675324195,18.98653180782266,
N1,5,CS_106,28.117542612366126,19.898707765850617,
N1,6,CS_153,28.28434760837642,20.009911096524146,
N1,7,CS_108,28.36816874662544,20.06579185535682,
N2,1,CS_107,8.8136931909941,6.320190380968231,
N2,2,CS_100,9.362449013992565,6.68602759630054,
N2,3,CS_101,9.587543697553194,6.836090718674294,
N2,4,CS_148,10.105763702952943,7.181570722274127,
N2,5,CS_106,11.474027639994876,8.093746680302083,
N2,6,CS_153,11.64083263600517,8.204950010975612,
N2,7,CS_108,11.724653774254184,8.260830769808289,
N3,1,CS_107,7.3207153192456635,4.827212509219795,
N3,2,CS_100,7.869471142244127,5.193049724552104,
N3,3,CS_101,8.094565825804757,5.343112846925858,
N3,4,CS_148,8.612785831204507,5.688592850525691,
N3,5,CS_106,9.98104976824644,6.600768808553646,
N3,6,CS_153,10.147854764256733,6.711972139227175,
N3,7,CS_108,10.231675902505748,6.767852898059852,
N4,1,CS_107,11.774725523755587,8.539111414562093,
N4,2,CS_100,12.323481346754052,8.904948629894403,
N4,3,CS_101,12.548576030314681,9.055011752268156,
N4,4,CS_148,13.066796035714432,9.40049175586799,
N4,5,CS_106,14.435059972756363,10.312667713895943,
N4,6,CS_153,14.601864968766659,10.423871044569474,
N4,7,CS_108,14.685686107015673,10.47975180340215,
N5,1,CS_107,11.903932964325218,8.617689484350981,
N5,2,CS_100,12.452688787323684,8.98352669968329,
N5,3,CS_101,12.677783470884313,9.133589822057044,
N5,4,CS_148,13.196003476284064,9.479069825656877,
N5,5,CS_106,14.564267413325997,10.39124578368483,
N5,6,CS_153,14.73107240933629,10.502449114358361,
N5,7,CS_108,14.814893547585305,10.558329873191038,
N6,1,CS_107,11.835427667936882,8.572019286758756,
N6,2,CS_100,12.384183490935348,8.937856502091066,
N6,3,CS_101,12.609278174495977,9.087919624464819,
N6,4,CS_148,13.127498179895728,9.433399628064652,
N6,5,CS_106,14.495762116937659,10.345575586092606,
N6,6,CS_153,14.662567112947954,10.456778916766137,
N6,7,CS_108,14.746388251196969,10.512659675598814,
N7,1,CS_107,9.548391626252712,7.054888816226844,
N7,2,CS_100,10.097147449251178,7.420726031559153,
N7,3,CS_101,10.322242132811807,7.570789153932907,
N7,4,CS_148,10.840462138211556,7.91626915753274,
N7,5,CS_106,12.208726075253487,8.828445115560694,
N7,6,CS_153,12.375531071263783,8.939648446234225,
N7,7,CS_108,12.459352209512797,8.995529205066902,
N8,1,CS_107,10.730199255949447,7.835200345433801,
N8,2,CS_100,11.278955078947913,8.20103756076611,
N8,3,CS_101,11.504049762508542,8.351100683139864,
N8,4,CS_148,12.022269767908293,8.696580686739699,
N8,5,CS_106,13.390533704950226,9.608756644767652,
N8,6,CS_153,13.55733870096052,9.719959975441183,
N8,7,CS_108,13.641159839209534,9.77584073427386,
N9,1,CS_107,9.12427507539434,6.630772265368472,
N9,2,CS_100,9.673030898392806,6.996609480700782,
N9,3,CS_101,9.898125581953435,7.146672603074536,
N9,4,CS_148,10.416345587353186,7.49215260667437,
N9,5,CS_106,11.784609524395119,8.404328564702324,
N9,6,CS_153,11.951414520405413,8.515531895375855,
N9,7,CS_108,12.035235658654427,8.571412654208531,
N10,1,CS_107,8.660652868353516,6.167150058327648,
N10,2,CS_100,9.209408691351982,6.532987273659956,
N10,3,CS_101,9.43450337491261,6.68305039603371,
N10,4,CS_148,9.95272338031236,7.028530399633544,
N10,5,CS_106,11.320987317354291,7.940706357661499,
N10,6,CS_153,11.487792313364587,8.051909688335028,
N10,7,CS_108,11.5716134516136,8.107790447167705,
N11,1,CS_107,9.02835805888836,6.534855248862492,
N11,2,CS_100,9.577113881886826,6.900692464194801,
N11,3,CS_101,9.802208565447454,7.050755586568555,
N11,4,CS_148,10.320428570847204,7.39623559016839,
N11,5,CS_106,11.688692507889137,8.308411548196343,
N11,6,CS_153,11.85549750389943,8.419614878869874,
N11,7,CS_108,11.939318642148445,8.47549563770255,
N12,1,CS_107,8.67177236101773,6.178269550991862,
N12,2,CS_100,9.220528184016196,6.5441067663241705,
N12,3,CS_101,9.445622867576825,6.694169888697925,
N12,4,CS_148,9.963842872976574,7.039649892297758,
N12,5,CS_106,11.332106810018505,7.951825850325713,
N12,6,CS_153,11.4989118060288,8.063029180999242,
N12,7,CS_108,11.582732944277815,8.11890993983192,
N13,1,CS_107,9.016632489662841,6.523129679636973,
N13,2,CS_100,9.565388312661307,6.888966894969283,
N13,3,CS_101,9.790482996221936,7.039030017343037,
N13,4,CS_148,10.308703001621685,7.384510020942871,
N13,5,CS_106,11.676966938663618,8.296685978970824,
N13,6,CS_153,11.843771934673912,8.407889309644355,
N13,7,CS_108,11.927593072922926,8.463770068477032,
N14,1,CS_107,12.851194079086186,9.249196894191629,
N14,2,CS_100,13.399949902084652,9.615034109523938,
N14,3,CS_101,13.62504458564528,9.765097231897691,
N14,4,CS_148,14.143264591045032,10.110577235497525,
N14,5,CS_106,15.511528528086963,11.022753193525478,
N14,6,CS_153,15.678333524097258,11.133956524199009,
N14,7,CS_108,15.762154662346273,11.189837283031686,
N15,1,CS_107,9.194544372294168,6.7010415622682995,
N15,2,CS_100,9.743300195292633,7.066878777600609,
N15,3,CS_101,9.968394878853262,7.216941899974363,
N15,4,CS_148,10.486614884253012,7.562421903574197,
N15,5,CS_106,11.854878821294943,8.47459786160215,
N15,6,CS_153,12.021683817305238,8.585801192275682,
N15,7,CS_108,12.105504955554252,8.641681951108358,
N16,1,CS_107,10.053318833677025,7.559816023651159,
N16,2,CS_100,10.60207465667549,7.925653238983467,
N16,3,CS_101,10.82716934023612,8.075716361357221,
N16,4,CS_148,11.345389345635871,8.421196364957055,
N16,5,CS_106,12.713653282677804,9.333372322985008,
N16,6,CS_153,12.880458278688097,9.44457565365854,
N16,7,CS_108,12.964279416937112,9.500456412491216,
N17,1,CS_107,10.787378378100245,8.293875568074377,
N17,2,CS_100,11.33613420109871,8.659712783406686,
N17,3,CS_101,11.56122888465934,8.80977590578044,
N17,4,CS_148,12.07944889005909,9.155255909380273,
N17,5,CS_106,13.447712827101022,10.067431867408226,
N17,6,CS_153,13.614517823111317,10.178635198081757,
N17,7,CS_108,13.698338961360331,10.234515956914434,
N18,1,CS_107,13.787910991551632,11.294408181525764,
N18,2,CS_100,14.336666814550098,11.660245396858073,
N18,3,CS_101,14.561761498110727,11.810308519231826,
N18,4,CS_148,15.079981503510478,12.15578852283166,
N18,5,CS_106,16.44824544055241,13.067964480859613,
N18,6,CS_153,16.615050436562704,13.179167811533144,
N18,7,CS_108,16.698871574811722,13.235048570365821,
N19,1,CS_107,24.04137261494828,16.709315918099687,
N19,2,CS_100,24.590128437946742,17.075153133431996,
N19,3,CS_101,24.815223121507373,17.225216255805748,
N19,4,CS_148,25.333443126907127,17.570696259405583,
N19,5,CS_106,26.701707063949062,18.48287221743354,
N19,6,CS_153,26.868512059959354,18.594075548107067,
N19,7,CS_108,26.952333198208372,18.649956306939742,
N20,1,CS_107,27.159243296087833,19.827186599239248,
N20,2,CS_100,27.707999119086296,20.193023814571557,
N20,3,CS_101,27.933093802646926,20.34308693694531,
N20,4,CS_148,28.45131380804668,20.688566940545144,
N20,5,CS_106,29.819577745088612,21.6007428985731,
N20,6,CS_153,29.986382741098907,21.711946229246628,
N20,7,CS_108,30.070203879347925,21.767826988079303,
N21,1,CS_107,27.169082486184223,19.409041160009753,
N21,2,CS_100,27.717838309182685,19.774878375342062,
N21,3,CS_101,27.942932992743316,19.924941497715814,
N21,4,CS_148,28.46115299814307,20.27042150131565,
N21,5,CS_106,29.829416935185005,21.182597459343604,
N21,6,CS_153,29.996221931195297,21.293800790017134,
N21,7,CS_108,30.080043069444315,21.34968154884981,
N22,1,CS_107,28.446907369738216,20.367397843216708,
N22,2,CS_100,28.99566319273668,20.733235058549017,
N22,3,CS_101,29.22075787629731,20.88329818092277,
N22,4,CS_148,29.738977881697064,21.228778184522604,
N22,5,CS_106,31.107241818738995,22.14095414255056,
N22,6,CS_153,31.27404681474929,22.252157473224088,
N22,7,CS_108,31.35786795299831,22.308038232056763,
N23,1,CS_107,29.417167614514696,21.337658087993187,
N23,2,CS_100,29.96592343751316,21.703495303325496,
N23,3,CS_101,30.19101812107379,21.853558425699248,
N23,4,CS_148,30.709238126473544,22.199038429299083,
N23,5,CS_106,32.077502063515475,23.11121438732704,
N23,6,CS_153,32.244307059525774,23.222417718000568,
N23,7,CS_108,32.32812819777479,23.278298476833243,
N24,1,CS_107,29.857035108179677,21.777525581658168,
N24,2,CS_100,30.40579093117814,22.143362796990477,
N24,3,CS_101,30.63088561473877,22.29342591936423,
N24,4,CS_148,31.149105620138524,22.638905922964064,
N24,5,CS_106,32.51736955718045,23.55108188099202,
N24,6,CS_153,32.68417455319075,23.662285211665548,
N24,7,CS_108,32.767995691439765,23.718165970498223,
N39,1,CS_107,4.24528965820508,2.788649228546212,
N39,2,CS_100,4.794045481203544,3.1544864438785214,
N39,3,CS_101,5.019140164764174,3.3045495662522746,
N39,4,CS_148,5.537360170163926,3.6500295698521086,
N39,5,CS_106,6.905624107205857,4.562205527880063,
N39,6,CS_153,7.072429103216152,4.673408858553593,
N39,7,CS_108,7.156250241465166,4.72928961738627,
N40,1,CS_107,4.537390390132725,2.9833830498313083,
N40,2,CS_100,5.086146213131188,3.3492202651636176,
N40,3,CS_101,5.311240896691817,3.499283387537371,
N40,4,CS_148,5.8294609020915695,3.8447633911372048,
N40,5,CS_106,7.1977248391335005,4.756939349165159,
N40,6,CS_153,7.364529835143795,4.868142679838689,
N40,7,CS_108,7.4483509733928095,4.924023438671366,
N41,1,CS_107,3.9667099452321013,2.6271537427647753,
N41,2,CS_100,4.515465768230565,2.9929909580970846,
N41,3,CS_101,4.740560451791195,3.143054080470838,
N41,4,CS_148,5.258780457190947,3.488534084070672,
N41,5,CS_106,6.627044394232878,4.400710042098626,
N41,6,CS_153,6.793849390243173,4.511913372772156,
N41,7,CS_108,6.877670528492187,4.567794131604833,
N42,1,CS_107,3.7675321175830376,2.494368524332066,
N42,2,CS_100,4.316287940581501,2.860205739664375,
N42,3,CS_101,4.5413826241421305,3.0102688620381284,
N42,4,CS_148,5.059602629541883,3.3557488656379624,
N42,5,CS_106,6.4278665665838135,4.267924823665917,
N42,6,CS_153,6.594671562594108,4.379128154339447,
N42,7,CS_108,6.6784927008431225,4.4350089131721235,
N43,1,CS_77,1.5310582927436678,1.0207055284957784,
N43,2,CS_76,6.488303192118398,4.325535461412266,
N43,3,CS_114,8.51946349854398,5.679642332362655,
N43,4,CS_83,8.997557644533513,5.998371763022344,
N43,5,CS_115,10.114227053050351,6.742818035366903,
N43,6,CS_112,10.46051287590001,6.973675250600008,
N43,7,CS_156,10.829635528031227,7.219757018687487,
N44,1,CS_77,2.091706988732888,1.394471325821925,
N44,2,CS_76,7.048951888107618,4.699301258738412,
N44,3,CS_114,9.0801121945332,6.053408129688801,
N44,4,CS_83,9.558206340522734,6.37213756034849,
N44,5,CS_115,10.67487574903957,7.116583832693049,
N44,6,CS_112,11.021161571889229,7.3474410479261545,
N44,7,CS_156,11.390284224020448,7.593522816013634,
N45,1,CS_78,6.439178387289851,4.249234285251531,
N45,2,CS_79,6.760151313533776,4.4632162360808145,
N45,3,CS_145,11.78931698307817,7.815993349110409,
N45,4,CS_80,12.829599619402742,8.509515106660125,
N45,5,CS_89,12.922001441448025,8.57111632135698,
N45,6,CS_119,13.321431914310883,8.837403303265551,
N45,7,CS_95,14.020214934157542,9.30325864982999,
N46,1,CS_77,2.654621045367798,1.7697473635785321,
N46,2,CS_76,7.6118659447425285,5.074577296495019,
N46,3,CS_114,9.64302625116811,6.428684167445408,
N46,4,CS_83,10.121120397157645,6.747413598105097,
N46,5,CS_115,11.237789805674481,7.491859870449656,
N46,6,CS_112,11.58407562852414,7.722717085682762,
N46,7,CS_156,11.953198280655357,7.96879885377024,
N47,1,CS_77,0.5468222025232975,0.3645481350155316,
N47,2,CS_76,5.504067101898028,3.6693780679320183,
N47,3,CS_114,7.53522740832361,5.023484938882407,
N47,4,CS_83,8.013321554313144,5.342214369542096,
N47,5,CS_115,9.129990962829982,6.086660641886655,
N47,6,CS_112,9.47627678567964,6.3175178571197605,
N47,7,CS_156,9.845399437810858,6.563599625207239,
N48,1,CS_77,0.1374778232246851,0.09165188214979006,
N48,2,CS_76,5.094722722599416,3.3964818150662768,
N48,3,CS_114,7.1258830290249975,4.750588686016665,
N48,4,CS_83,7.60397717501453,5.069318116676355,
N48,5,CS_115,8.72064658353137,5.813764389020913,
N48,6,CS_112,9.066932406381028,6.044621604254019,
N48,7,CS_156,9.436055058512245,6.290703372341497,
N49,1,CS_77,3.57206205776531,2.386826736431385,
N49,2,CS_76,8.529306957140042,5.691656669347872,
N49,3,CS_114,10.560467263565624,7.045763540298261,
N49,4,CS_83,11.038561409555157,7.36449297095795,
N49,5,CS_143,11.125044694861236,8.500000167122982,
N49,6,CS_115,12.155230818071994,8.108939243302508,
N49,7,CS_112,12.501516640921652,8.339796458535616,
N50,1,CS_77,3.7379485625912117,2.5290172004316425,
N50,2,CS_76,8.695193461965943,5.8338471333481285,
N50,3,CS_114,10.726353768391522,7.1879540042985175,
N50,4,CS_83,11.204447914381058,7.506683434958206,
N50,5,CS_143,11.290931199687138,8.64219063112324,
N50,6,CS_115,12.321117322897894,8.251129707302765,
N50,7,CS_112,12.667403145747553,8.481986922535873,
N51,1,CS_78,7.693466454980266,5.383807101834895,
N51,2,CS_79,8.014439381224191,5.5977890526641785,
N51,3,CS_145,13.043605050768583,8.950566165693774,
N51,4,CS_80,14.083887687093156,9.64408792324349,
N51,5,CS_89,14.176289509138439,9.705689137940343,
N51,6,CS_119,14.575719982001297,9.971976119848915,
N51,7,CS_95,15.274503001847956,10.437831466413353,
N52,1,CS_78,7.277256981373512,4.967597628228141,
N52,2,CS_79,7.598229907617437,5.181579579057424,
N52,3,CS_145,12.62739557716183,8.53435669208702,
N52,4,CS_80,13.667678213486402,9.227878449636737,
N52,5,CS_89,13.760080035531686,9.289479664333589,
N52,6,CS_119,14.159510508394543,9.55576664624216,
N52,7,CS_95,14.8582935282412,10.0216219928066,
N53,1,CS_77,5.694194870850151,3.796129913900101,
N53,2,CS_76,10.651439770224881,7.100959846816587,
N53,3,CS_114,12.682600076650463,8.455066717766975,
N53,4,CS_83,13.160694222639997,8.773796148426664,
N53,5,CS_115,14.277363631156833,9.518242420771223,
N53,6,CS_112,14.623649454006491,9.749099636004331,
N53,7,CS_156,14.99277210613771,9.99518140409181,
N54,1,CS_77,5.258940202104746,3.5059601347364975,
N54,2,CS_76,10.216185101479477,6.810790067652984,
N54,3,CS_114,12.247345407905058,8.164896938603372,
N54,4,CS_83,12.725439553894592,8.483626369263062,
N54,5,CS_115,13.842108962411428,9.22807264160762,
N54,6,CS_112,14.188394785261087,9.458929856840728,
N54,7,CS_156,14.557517437392306,9.705011624928206,
N55,1,CS_77,4.235846781142476,2.8238978540949837,
N55,2,CS_76,9.193091680517206,6.12872778701147,
N55,3,CS_114,11.224251986942786,7.482834657961859,
N55,4,CS_83,11.702346132932322,7.801564088621547,
N55,5,CS_115,12.819015541449158,8.546010360966106,
N55,6,CS_112,13.165301364298816,8.776867576199214,
N55,7,CS_156,13.534424016430034,9.02294934428669,
N56,1,CS_77,3.905939723221469,2.60395981548098,
N56,2,CS_76,8.863184622596199,5.908789748397466,
N56,3,CS_114,10.89434492902178,7.262896619347855,
N56,4,CS_83,11.372439075011314,7.581626050007544,
N56,5,CS_115,12.48910848352815,8.326072322352102,
N56,6,CS_112,12.83539430637781,8.55692953758521,
N56,7,CS_156,13.204516958509029,8.803011305672687,
N57,1,CS_77,2.6732055065430598,1.78213700436204,
N57,2,CS_76,7.630450405917791,5.086966937278527,
N57,3,CS_114,9.661610712343371,6.441073808228916,
N57,4,CS_83,10.139704858332907,6.759803238888605,
N57,5,CS_115,11.256374266849743,7.504249511233164,
N57,6,CS_112,11.602660089699402,7.735106726466269,
N57,7,CS_156,11.97178274183062,7.981188494553749,
N58,1,CS_77,0.7782350968621863,0.5188233979081242,
N58,2,CS_76,5.735479996236917,3.8236533308246106,
N58,3,CS_114,7.766640302662498,5.1777602017749995,
N58,4,CS_83,8.244734448652032,5.496489632434688,
N58,5,CS_115,9.36140385716887,6.240935904779247,
N58,6,CS_112,9.707689680018529,6.471793120012353,
N58,7,CS_156,10.076812332149746,6.717874888099832,
N59,1,CS_77,5.683632075309998,4.196769750655605,
N59,2,CS_143,9.01347467731655,6.6900571528987625,
N59,3,CS_76,10.640876974684728,7.501599683572091,
N59,4,CS_114,12.67203728111031,8.855706554522477,
N59,5,CS_83,13.150131427099844,9.174435985182168,
N59,6,CS_115,14.26680083561668,9.918882257526727,
N59,7,CS_112,14.613086658466338,10.149739472759835,
N60,1,CS_77,0.5239223084309281,0.3492815389539521,
N60,2,CS_76,4.708278237393173,3.138852158262115,
N60,3,CS_114,6.739438543818755,4.4929590292125035,
N60,4,CS_83,7.217532689808288,4.811688459872192,
N60,5,CS_115,8.334202098325127,5.556134732216751,
N60,6,CS_112,8.680487921174786,5.786991947449857,
N60,7,CS_156,9.049610573306003,6.033073715537336,
N61,1,CS_77,3.5434407336476803,2.3622938224317873,
N61,2,CS_76,8.500685633022412,5.667123755348274,
N61,3,CS_114,10.531845939447994,7.021230626298663,
N61,4,CS_83,11.009940085437528,7.339960056958351,
N61,5,CS_143,11.153666018978866,8.52453308112258,
N61,6,CS_115,12.126609493954364,8.08440632930291,
N61,7,CS_112,12.472895316804022,8.315263544536018,
N62,1,CS_78,0.5988197587580857,0.35566186623035434,
N62,2,CS_79,0.9197926850020106,0.5696438170596376,
N62,3,CS_145,5.948958354546404,3.9224209300892325,
N62,4,CS_80,6.989240990870979,4.61594268763895,
N62,5,CS_89,7.081642812916259,4.677543902335803,
N62,6,CS_119,7.481073285779117,4.943830884244375,
N62,7,CS_95,8.179856305625773,5.409686230808812,
N63,1,CS_78,1.052240338441542,0.6579422526859918,
N63,2,CS_79,1.373213264685467,0.8719242035152751,
N63,3,CS_145,6.40237893422986,4.22470131654487,
N63,4,CS_80,7.442661570554435,4.918223074094588,
N63,5,CS_89,7.5350633925997155,4.979824288791441,
N63,6,CS_119,7.934493865462573,5.246111270700013,
N63,7,CS_95,8.63327688530923,5.711966617264449,
N64,1,CS_77,2.926191053238091,1.9287952923011884,
N64,2,CS_76,7.883435952612822,5.233625225217675,
N64,3,CS_114,9.914596259038404,6.587732096168064,
N64,4,CS_83,10.392690405027938,6.906461526827752,
N64,5,CS_115,11.509359813544775,7.650907799172312,
N64,6,CS_112,11.855645636394433,7.881765014405417,
N64,7,CS_156,12.224768288525652,8.127846782492895,
N65,1,CS_77,4.791977945429576,3.1726532204288453,
N65,2,CS_76,9.749222844804306,6.477483153345331,
N65,3,CS_114,11.780383151229888,7.83159002429572,
N65,4,CS_83,12.258477297219422,8.15031945495541,
N65,5,CS_115,13.375146705736258,8.894765727299967,
N65,6,CS_112,13.721432528585916,9.125622942533075,
N65,7,CS_156,14.090555180717136,9.371704710620554,
N66,1,CS_77,5.7437470846693355,3.8291647231128905,
N66,2,CS_76,10.700991984044066,7.133994656029377,
N66,3,CS_114,12.732152290469646,8.488101526979765,
N66,4,CS_83,13.210246436459181,8.806830957639454,
N66,5,CS_115,14.326915844976018,9.551277229984013,
N66,6,CS_112,14.673201667825676,9.782134445217121,
N66,7,CS_156,15.042324319956894,10.0282162133046,
N67,1,CS_77,4.676409704086966,3.1176064693913106,
N67,2,CS_76,9.633654603461697,6.422436402307798,
N67,3,CS_114,11.664814909887276,7.776543273258187,
N67,4,CS_83,12.142909055876812,8.095272703917876,
N67,5,CS_115,13.259578464393648,8.839718976262434,
N67,6,CS_112,13.605864287243307,9.070576191495542,
N67,7,CS_156,13.974986939374524,9.31665795958302,
N68,1,CS_77,4.566981340247762,3.0446542268318413,
N68,2,CS_76,9.524226239622491,6.349484159748328,
N68,3,CS_114,11.555386546048073,7.703591030698717,
N68,4,CS_83,12.033480692037607,8.022320461358406,
N68,5,CS_115,13.150150100554443,8.766766733702964,
N68,6,CS_112,13.496435923404102,8.997623948936072,
N68,7,CS_156,13.86555857553532,9.243705717023548,
N69,1,CS_77,3.180701405856006,2.1204676039040047,
N69,2,CS_76,8.137946305230736,5.425297536820492,
N69,3,CS_114,10.169106611656318,6.779404407770881,
N69,4,CS_83,10.647200757645852,7.098133838430569,
N69,5,CS_115,11.763870166162688,7.8425801107751285,
N69,6,CS_112,12.110155989012346,8.073437326008234,
N69,7,CS_156,12.479278641143566,8.319519094095712,
N70,1,CS_77,4.285407563913681,2.918761989279202,
N70,2,CS_76,9.242652463288412,6.223591922195689,
N70,3,CS_114,11.273812769713992,7.5776987931460775,
N70,4,CS_83,11.751906915703527,7.896428223805766,
N70,5,CS_143,11.895632849244867,9.081001247969995,
N70,6,CS_115,12.868576324220363,8.640874496150325,
N70,7,CS_112,13.214862147070022,8.871731711383433,
N71,1,CS_78,8.29983750388906,5.990178150743689,
N71,2,CS_79,8.620810430132986,6.204160101572972,
N71,3,CS_145,13.649976099677378,9.556937214602566,
N71,4,CS_80,14.690258736001951,10.250458972152284,
N71,5,CS_89,14.782660558047233,10.312060186849136,
N71,6,CS_119,15.182091030910092,10.578347168757707,
N71,7,CS_95,15.88087405075675,11.044202515322146,
N72,1,CS_77,6.3410982905009465,4.768479502995561,
N72,2,CS_143,8.356008462125601,6.1183474005588065,
N72,3,CS_76,11.298343189875677,8.073309435912046,
N72,4,CS_114,13.329503496301257,9.427416306862431,
N72,5,CS_83,13.807597642290792,9.746145737522124,
N72,6,CS_115,14.924267050807629,10.490592009866681,
N72,7,CS_112,15.270552873657287,10.72144922509979,
N73,1,CS_77,6.997015553951627,5.424396766446242,
N73,2,CS_143,7.70009119867492,5.462430137108126,
N73,3,CS_76,11.954260453326357,8.729226699362728,
N73,4,CS_114,13.985420759751939,10.083333570313114,
N73,5,CS_83,14.463514905741473,10.402063000972806,
N73,6,CS_115,15.58018431425831,11.146509273317363,
N73,7,CS_112,15.926470137107968,11.377366488550472,
N74,1,CS_78,7.758192241766062,5.448532888620691,
N74,2,CS_79,8.079165168009986,5.662514839449974,
N74,3,CS_145,13.10833083755438,9.01529195247957,
N74,4,CS_80,14.148613473878953,9.708813710029284,
N74,5,CS_89,14.241015295924235,9.77041492472614,
N74,6,CS_119,14.640445768787094,10.036701906634711,
N74,7,CS_95,15.339228788633752,10.50255725319915,
N75,1,CS_78,8.707094006433758,6.397434653288387,
N75,2,CS_79,9.028066932677683,6.61141660411767,
N75,3,CS_145,14.057232602222076,9.964193717147264,
N75,4,CS_80,15.097515238546649,10.657715474696982,
N75,5,CS_89,15.189917060591931,10.719316689393834,
N75,6,CS_119,15.58934753345479,10.985603671302405,
N75,7,CS_95,16.288130553301446,11.451459017866844,
N76,1,CS_143,4.2703148379455165,2.890130020312534,
N76,2,CS_77,10.426791914681031,7.996696883241834,
N76,3,CS_76,15.38403681405576,11.30152681615832,
N76,4,CS_114,17.41519712048134,12.655633687108706,
N76,5,CS_83,17.893291266470875,12.974363117768398,
N76,6,CS_115,19.00996067498771,13.718809390112956,
N76,7,CS_112,19.356246497837375,13.949666605346064,
N77,1,CS_143,3.7512148997461736,2.500809933164116,
N77,2,CS_77,10.945891852880374,8.386016970390251,
N77,3,CS_76,15.903136752255103,11.690846903306738,
N77,4,CS_114,17.934297058680684,13.044953774257126,
N77,5,CS_83,18.41239120467022,13.363683204916816,
N77,6,CS_115,19.529060613187053,14.108129477261375,
N77,7,CS_112,19.87534643603672,14.338986692494483,
N78,1,CS_24,4.600520002510302,3.067013335006868,
N78,2,CS_32,5.533555744938793,3.6890371632925287,
N78,3,CS_69,5.835833383604033,3.890555589069356,
N78,4,CS_99,7.193172515826125,4.7954483438840825,
N78,5,CS_102,7.775985798943298,5.151397924069099,
N78,6,CS_105,9.961441780183165,6.581062803758867,
N78,7,CS_33,10.027380048497465,6.600855804993198,
N79,1,CS_24,3.527346177477592,2.3515641183183944,
N79,2,CS_32,4.460381919906083,2.9735879466040553,
N79,3,CS_69,4.762659558571323,3.175106372380882,
N79,4,CS_99,6.119998690793413,4.079999127195609,
N79,5,CS_102,6.7028119739105865,4.435948707380624,
N79,6,CS_105,8.888267955150454,5.865613587070392,
N79,7,CS_33,8.954206223464752,5.885406588304723,
N80,1,CS_32,0.9775007389206962,0.6516671592804641,
N80,2,CS_24,4.017152769314184,2.678101846209456,
N80,3,CS_69,4.452241473454608,2.9681609823030723,
N80,4,CS_99,5.809580605676698,3.8730537371177993,
N80,5,CS_102,6.392393888793871,4.229003317302815,
N80,6,CS_105,8.577849870033738,5.658668196992583,
N80,7,CS_33,8.643788138348036,5.6784611982269135,
N81,1,CS_32,1.9827865639179507,1.3218577092786337,
N81,2,CS_24,3.0118669443169304,2.007911296211287,
N81,3,CS_69,3.4469556484573536,2.2979704323049024,
N81,4,CS_99,4.804294780679444,3.20286318711963,
N81,5,CS_102,5.387108063796617,3.558812767304644,
N81,6,CS_105,7.572564045036484,4.988477646994411,
N81,7,CS_33,7.6385023133507834,5.008270648228742,
N82,1,CS_24,2.4309212213798492,1.6206141475865659,
N82,2,CS_32,2.563732286855032,1.7091548579033546,
N82,3,CS_69,2.866009925520272,1.9106732836801812,
N82,4,CS_99,4.223349057742362,2.8155660384949086,
N82,5,CS_102,4.806162340859535,3.171515618679923,
N82,6,CS_105,6.991618322099401,4.601180498369691,
N82,7,CS_33,7.057556590413701,4.6209734996040215,
N83,1,CS_24,2.8889101693198183,1.925940112879879,
N83,2,CS_32,6.327787882860787,4.218525255240525,
N83,3,CS_69,6.630065521526027,4.4200436810173525,
N83,4,CS_99,7.987404653748118,5.324936435832079,
N83,5,CS_102,8.57021793686529,5.680886016017095,
N83,6,CS_6,9.198527290939863,6.072013828417288,
N83,7,CS_12,10.165888143767704,6.716931724789989,
N84,1,CS_24,1.9938043593249433,1.3292029062166288,
N84,2,CS_32,4.343576296802664,2.8957175312017758,
N84,3,CS_69,4.645853935467904,3.097235956978603,
N84,4,CS_99,6.0031930676899945,4.00212871179333,
N84,5,CS_102,6.586006350807168,4.358078291978345,
N84,6,CS_6,8.303421480944989,5.4752766217540385,
N84,7,CS_105,8.771462332047035,5.787743171668113,
N85,1,CS_24,2.4887984204038256,1.6591989469358834,
N85,2,CS_32,5.927676133944794,3.9517840892965297,
N85,3,CS_69,6.229953772610034,4.153302515073357,
N85,4,CS_99,7.5872929048321245,5.058195269888084,
N85,5,CS_102,8.170106187949298,5.414144850073099,
N85,6,CS_6,8.798415542023871,5.805272662473293,
N85,7,CS_12,9.765776394851713,6.450190558845994,
N86,1,CS_24,2.249823992445111,1.4998826616300742,
N86,2,CS_32,5.688701705986079,3.79246780399072,
N86,3,CS_69,5.990979344651319,3.9939862297675472,
N86,4,CS_99,7.34831847687341,4.898878984582274,
N86,5,CS_102,7.931131759990583,5.25482856476729,
N86,6,CS_6,8.559441114065157,5.645956377167484,
N86,7,CS_12,9.526801966892998,6.290874273540184,
N87,1,CS_24,1.7337975101147578,1.1558650067431722,
N87,2,CS_32,5.172675223655728,3.448450149103818,
N87,3,CS_69,5.474952862320967,3.649968574880645,
N87,4,CS_99,6.832291994543058,4.554861329695372,
N87,5,CS_102,7.415105277660231,4.910810909880387,
N87,6,CS_6,8.043414631734803,5.301938722280582,
N87,7,CS_12,9.010775484562647,5.946856618653283,
N88,1,CS_24,0.7778878973469558,0.5185919315646372,
N88,2,CS_32,4.216765610887925,2.8111770739252835,
N88,3,CS_69,4.519043249553165,3.0126954997021103,
N88,4,CS_99,5.876382381775255,3.9175882545168372,
N88,5,CS_102,6.4591956648924285,4.273537834701853,
N88,6,CS_6,7.087505018967001,4.664665647102047,
N88,7,CS_12,8.054865871794846,5.309583543474748,
N89,1,CS_24,1.7731446834321969,1.1820964556214646,
N89,2,CS_32,5.2120223969731665,3.474681597982111,
N89,3,CS_69,5.5143000356384055,3.676200023758938,
N89,4,CS_6,6.09224823288176,4.00116112304522,
N89,5,CS_99,6.871639167860496,4.581092778573665,
N89,6,CS_12,7.059609085709604,4.646079019417919,
N89,7,CS_102,7.454452450977669,4.9370423587586805,
N90,1,CS_24,2.52794665722275,1.6852977714818334,
N90,2,CS_6,5.316500737746114,3.4839961262881247,
N90,3,CS_32,5.987769892108809,3.9918465947392066,
N90,4,CS_12,6.283861590573959,4.128914022660823,
N90,5,CS_69,6.290047530774049,4.193365020516034,
N90,6,CS_99,7.64738666299614,5.098257775330761,
N90,7,CS_30,7.99444569488103,5.32963046325402,
N91,1,CS_24,0.2919430220926767,0.1946286813951178,
N91,2,CS_32,4.702710486142204,3.1351403240948033,
N91,3,CS_69,5.0049881248074435,3.33665874987163,
N91,4,CS_99,6.362327257029535,4.241551504686357,
N91,5,CS_102,6.945140540146708,4.597501084871372,
N91,6,CS_6,7.552504372876189,4.974665216374839,
N91,7,CS_12,8.519865225704033,5.61958311274754,
N92,1,CS_24,2.0875136323848493,1.391675754923233,
N92,2,CS_6,5.756933762584016,3.777618142846725,
N92,3,CS_32,6.42820291694671,4.285468611297807,
N92,4,CS_12,6.724294615411861,4.422536039219424,
N92,5,CS_69,6.73048055561195,4.486987037074634,
N92,6,CS_99,8.087819687834042,5.391879791889361,
N92,7,CS_30,8.434878719718931,5.623252479812621,
N93,1,CS_24,2.238431062084138,1.4922873747227587,
N93,2,CS_6,5.907851192283305,3.8782297626462507,
N93,3,CS_32,6.5791203466459995,4.386080231097333,
N93,4,CS_12,6.87521204511115,4.523147659018949,
N93,5,CS_69,6.881397985311239,4.58759865687416,
N93,6,CS_99,8.238737117533331,5.492491411688887,
N93,7,CS_30,8.58579614941822,5.723864099612146,
N94,1,CS_24,2.5124608060884714,1.6749738707256476,
N94,2,CS_6,6.181880936287639,4.060916258649139,
N94,3,CS_32,6.853150090650333,4.568766727100222,
N94,4,CS_12,7.149241789115483,4.705834155021838,
N94,5,CS_69,7.155427729315572,4.770285152877049,
N94,6,CS_99,8.512766861537663,5.675177907691776,
N94,7,CS_30,8.859825893422554,5.906550595615035,
N95,1,CS_24,2.9125017182410424,1.941667812160695,
N95,2,CS_6,4.931945676727822,3.227626085609263,
N95,3,CS_12,5.899306529555668,3.8725439819819623,
N95,4,CS_32,6.372324953127102,4.248216635418068,
N95,5,CS_69,6.6746025917923415,4.449735061194896,
N95,6,CS_30,7.609890633862738,5.073260422575158,
N95,7,CS_99,8.031941724014434,5.354627816009622,
N96,1,CS_6,3.361561824737199,2.180703517615514,
N96,2,CS_12,4.328922677565045,2.825621413988214,
N96,3,CS_24,4.482885570231665,2.988590380154444,
N96,4,CS_30,6.039506781872115,4.02633785458141,
N96,5,CS_32,7.942708805117726,5.295139203411817,
N96,6,CS_69,8.244986443782965,5.496657629188644,
N96,7,CS_28,8.89564817078192,5.912026512366686,
N97,1,CS_6,2.3663999907699034,1.5172622949706498,
N97,2,CS_12,5.32408451153234,3.489062636633077,
N97,3,CS_24,5.4780474041989615,3.6520316027993074,
N97,4,CS_30,7.034668615839411,4.689779077226273,
N97,5,CS_32,8.937870639085023,5.95858042605668,
N97,6,CS_69,9.240148277750263,6.160098851833508,
N97,7,CS_28,9.890810004749216,6.57546773501155,
N98,1,CS_24,1.5096268821822159,1.0064179214548106,
N98,2,CS_32,5.920394346231743,3.946929564154496,
N98,3,CS_69,6.222671984896983,4.148447989931324,
N98,4,CS_6,6.334820512786649,4.162875976315147,
N98,5,CS_12,7.302181365614494,4.807793872687846,
N98,6,CS_99,7.580011117119073,5.05334074474605,
N98,7,CS_102,8.162824400236246,5.409290324931066,
N99,1,CS_12,4.044686282435465,2.6361304839018262,
N99,2,CS_6,4.7320349694235535,3.0943522807397508,
N99,3,CS_30,5.7552703867425326,3.8368469244950223,
N99,4,CS_24,5.85335871491802,3.9022391432786803,
N99,5,CS_28,8.611411775652337,5.722535582280298,
N99,6,CS_44,9.226401819607025,6.150934546404683,
N99,7,CS_32,9.31318194980408,6.208787966536053,
N100,1,CS_12,2.257212062157202,1.4444810037163185,
N100,2,CS_30,3.967796166464271,2.645197444309514,
N100,3,CS_6,6.59327113522986,4.335176391277287,
N100,4,CS_28,6.823937555374077,4.530886102094791,
N100,5,CS_44,7.438927599328764,4.959285066219175,
N100,6,CS_24,7.714594880724324,5.143063253816217,
N100,7,CS_34,10.593163231586885,7.062108821057923,
N101,1,CS_12,1.6772127146147942,1.05781477202138,
N101,2,CS_30,3.3877968189218635,2.2585312126145753,
N101,3,CS_6,6.013271787687451,3.948510159582348,
N101,4,CS_28,6.243938207831669,4.144219870399852,
N101,5,CS_44,6.858928251786356,4.572618834524238,
N101,6,CS_24,7.134595533181917,4.756397022121278,
N101,7,CS_34,10.013163884044477,6.6754425893629845,
N102,1,CS_58,5.474598921339618,3.6259031353240863,
N102,2,CS_24,6.226848003799291,4.15123200253286,
N102,3,CS_4,8.910319566884432,5.791433567008804,
N102,4,CS_16,8.985643856329256,5.990429237552837,
N102,5,CS_13,9.432260923217846,6.248691210230825,
N102,6,CS_32,10.63761546784882,7.091743645232545,
N102,7,CS_69,10.93989310651406,7.293262071009373,
N103,1,CS_30,0.4521014409560423,0.30140096063736155,
N103,2,CS_12,4.612908092580614,3.0149450239985938,
N103,3,CS_28,5.449325986657489,3.6144783896170654,
N103,4,CS_44,6.064316030612176,4.042877353741451,
N103,5,CS_6,8.948967165653272,5.9056404115595615,
N103,6,CS_34,9.218551662870299,6.145701108580198,
N103,7,CS_47,9.419546480678989,6.279697653785992,
N104,1,CS_28,2.4300917682590346,1.6016555773514294,
N104,2,CS_44,2.7256864884942504,1.8171243256628338,
N104,3,CS_34,5.879922120752372,3.9199480805015816,
N104,4,CS_47,6.080916938561065,4.053944625707376,
N104,5,CS_30,6.570669559839091,4.380446373226061,
N104,6,CS_12,8.590393054672022,5.666601665392866,
N104,7,CS_42,9.136890909223528,6.044496895821079,
N105,1,CS_28,0.8804248180167373,0.5685442771898976,
N105,2,CS_44,1.4954148619714243,0.9969432413142828,
N105,3,CS_34,4.649650494229546,3.0997669961530305,
N105,4,CS_47,4.850645312038237,3.2337635413588246,
N105,5,CS_30,5.021002609596794,3.347335073064529,
N105,6,CS_12,7.040726104429725,4.633490365231333,
N105,7,CS_42,7.9066192827007,5.224315811472528,
N106,1,CS_28,1.0401224798764728,0.675009385096388,
N106,2,CS_44,1.3357172001116888,0.8904781334077925,
N106,3,CS_34,4.48995283236981,2.9933018882465405,
N106,4,CS_47,4.690947650178502,3.1272984334523346,
N106,5,CS_30,5.180700271456528,3.4538001809710197,
N106,6,CS_12,7.200423766289461,4.739955473137824,
N106,7,CS_42,7.746921620840965,5.117850703566037,
N107,1,CS_28,1.0629364601167985,0.6902187052566053,
N107,2,CS_44,1.3129032198713628,0.8752688132475752,
N107,3,CS_34,4.467138852129484,2.978092568086323,
N107,4,CS_47,4.668133669938176,3.112089113292117,
N107,5,CS_30,5.203514251696855,3.4690095011312367,
N107,6,CS_12,7.223237746529787,4.755164793298041,
N107,7,CS_42,7.724107640600639,5.10264138340582,
N108,1,CS_28,1.131445099797955,0.7358911317107095,
N108,2,CS_44,1.2443945801902063,0.8295963867934709,
N108,3,CS_34,4.398630212448327,2.932420141632219,
N108,4,CS_47,4.59962503025702,3.066416686838013,
N108,5,CS_30,5.272022891378011,3.5146819275853405,
N108,6,CS_12,7.291746386210942,4.800837219752145,
N108,7,CS_42,7.655599000919483,5.056968956951716,
N109,1,CS_28,2.064764887817891,1.358104323724,
N109,2,CS_44,2.177714368210142,1.4518095788067613,
N109,3,CS_34,5.331950000468264,3.554633333645509,
N109,4,CS_47,5.532944818276956,3.688629878851303,
N109,5,CS_30,6.205342679397948,4.136895119598631,
N109,6,CS_12,8.225066174230879,5.423050411765437,
N109,7,CS_42,8.58891878893942,5.679182148965006,
N110,1,CS_58,0.795027009134252,0.5061885271871758,
N110,2,CS_4,4.230747654679066,2.671718958871894,
N110,3,CS_16,4.3060719441238895,2.8707146294159265,
N110,4,CS_13,4.752689011012479,3.1289766020939145,
N110,5,CS_19,9.350156127712369,6.233437418474914,
N110,6,CS_24,10.906419916004657,7.270946610669771,
N110,7,CS_71,12.862055927527589,8.462742139440598,
N111,1,CS_44,1.001986644356308,0.6679910962375386,
N111,2,CS_28,2.794543668489006,1.8446235108380766,
N111,3,CS_34,4.156222276614429,2.7708148510762864,
N111,4,CS_47,4.35721709442312,2.9048113962820805,
N111,5,CS_30,6.9351214600690625,4.623414306712708,
N111,6,CS_42,7.413191065085584,4.895363666395784,
N111,7,CS_12,8.954844954901994,5.909569598879513,
N112,1,CS_34,2.118776744543049,1.4125178296953662,
N112,2,CS_47,2.3197715623517405,1.5465143749011603,
N112,3,CS_44,3.170509223868113,2.1136728159120755,
N112,4,CS_28,4.963066248000811,3.290305230512614,
N112,5,CS_42,5.3757455330142045,3.537066645014863,
N112,6,CS_46,7.808892432175452,5.205928288116969,
N112,7,CS_30,9.103644039580868,6.069096026387245,
N113,1,CS_34,1.007734318152187,0.6718228787681246,
N113,2,CS_47,1.2087291359608785,0.8058194239739189,
N113,3,CS_44,2.7297839699613986,1.8198559799742655,
N113,4,CS_42,4.264703106623342,2.7963716940876227,
N113,5,CS_28,4.522340994094097,2.9964883945748038,
N113,6,CS_46,6.69785000578459,4.465233337189726,
N113,7,CS_3,8.27754986022757,5.501738549413912,
N114,1,CS_34,1.0967527276016293,0.7311684850677528,
N114,2,CS_47,1.2977475454103207,0.8651650302735472,
N114,3,CS_44,2.640765560511956,1.7605103736746373,
N114,4,CS_42,4.353721516072784,2.8557173003872505,
N114,5,CS_28,4.433322584644654,2.9371427882751755,
N114,6,CS_46,6.786868415234031,4.524578943489355,
N114,7,CS_3,8.366568269677012,5.561084155713541,
N115,1,CS_47,1.512050968721011,1.0080339791473407,
N115,2,CS_34,1.9920524854207624,1.3280349902805082,
N115,3,CS_44,3.714102137229974,2.476068091486649,
N115,4,CS_42,4.568024939383474,2.9985862492610442,
N115,5,CS_28,5.506659161362671,3.6527005060871875,
N115,6,CS_46,7.001171838544722,4.667447892363149,
N115,7,CS_3,8.580871692987703,5.703953104587335,
N116,1,CS_34,1.6284539597495915,1.0856359731663945,
N116,2,CS_47,1.829448777558283,1.2196325183721888,
N116,3,CS_44,3.350503611558803,2.233669074372535,
N116,4,CS_42,4.885422748220747,3.2101847884858916,
N116,5,CS_28,5.1430606356915005,3.4103014889730736,
N116,6,CS_46,7.318569647381994,4.879046431587997,
N116,7,CS_3,8.898269501824975,5.915551643812184,
N117,1,CS_44,2.6044038559472655,1.736269237298177,
N117,2,CS_28,4.3969608800799636,2.912901651898715,
N117,3,CS_34,5.758639488205387,3.839092992136925,
N117,4,CS_47,5.959634306014079,3.973089537342719,
N117,5,CS_30,8.53753867166002,5.691692447773346,
N117,6,CS_42,9.015608276676542,5.963641807456422,
N117,7,CS_12,10.557262166492949,6.9778477399401515,
N118,1,CS_47,0.8682309687066571,0.578820645804438,
N118,2,CS_34,1.3482324854064083,0.8988216569376055,
N118,3,CS_44,3.07028213721562,2.0468547581437466,
N118,4,CS_42,3.9242049393691207,2.5693729159181418,
N118,5,CS_28,4.862839161348318,3.2234871727442846,
N118,6,CS_46,6.357351838530369,4.2382345590202455,
N118,7,CS_3,7.937051692973348,5.274739771244431,
N119,1,CS_44,2.6729129517418713,1.781941967827914,
N119,2,CS_28,4.465469975874569,2.9585743824284525,
N119,3,CS_34,5.8271485839999935,3.884765722666662,
N119,4,CS_47,6.028143401808686,4.018762267872456,
N119,5,CS_30,8.606047767454625,5.737365178303084,
N119,6,CS_42,9.084117372471148,6.009314537986159,
N119,7,CS_12,10.625771262287554,7.023520470469889,
N120,1,CS_19,0.5148810137685942,0.3432540091790628,
N120,2,CS_16,4.805605008232642,3.2037366721550944,
N120,3,CS_13,5.252222075121232,3.4619986448330824,
N120,4,CS_71,5.852691766697012,3.789832698886878,
N120,5,CS_26,7.232460852548188,4.764166899404321,
N120,6,CS_25,9.468509463741738,6.196305069949414,
N120,7,CS_58,9.630302123078028,6.3963719364830265,
N121,1,CS_46,6.31703063607443,4.2113537573829545,
N121,2,CS_3,9.337179066541205,6.208158020289672,
N121,3,CS_50,9.378445659277082,6.188759156030187,
N121,4,CS_42,9.404229677931802,6.222722741626595,
N121,5,CS_47,10.034319037436802,6.689546024957868,
N121,6,CS_45,10.287155531027715,6.85810368735181,
N121,7,CS_70,10.45220678098538,6.963466358693802,
N122,1,CS_46,5.02555861014124,3.350372406760827,
N122,2,CS_3,8.045707040608017,5.347176669667544,
N122,3,CS_50,8.086973633343892,5.32777780540806,
N122,4,CS_42,8.112757651998614,5.361741391004469,
N122,5,CS_47,8.742847011503612,5.828564674335742,
N122,6,CS_45,8.995683505094526,5.997122336729682,
N122,7,CS_70,9.16073475505219,6.102485008071675,
N123,1,CS_42,3.081281389651954,2.0074238827733644,
N123,2,CS_47,3.711370749156954,2.474247166104636,
N123,3,CS_34,4.737153727515733,3.158102485010489,
N123,4,CS_46,5.514428288813202,3.6762855258754685,
N123,5,CS_44,6.459203379324945,4.30613558621663,
N123,6,CS_3,7.094128143256183,4.712790738099654,
N123,7,CS_45,8.044104607742693,5.362736405161794,
N124,1,CS_14,1.560886881588691,1.0405912543924605,
N124,2,CS_26,7.971162795443611,5.256634861334603,
N124,3,CS_25,10.20721140663716,6.6887730318796965,
N124,4,CS_19,11.38190817278401,7.587938781856007,
N124,5,CS_2,12.200682947907762,8.133788631938508,
N124,6,CS_16,13.846721214134863,9.231147476089907,
N124,7,CS_13,14.293338281023454,9.489409448767896,
N125,1,CS_42,2.613353547537349,1.6954719880302944,
N125,2,CS_47,3.2434429070423487,2.1622952713615655,
N125,3,CS_34,4.269225885401128,2.8461505902674187,
N125,4,CS_46,4.273589825996838,2.8490598839978922,
N125,5,CS_3,5.853289680439817,3.8855650962220785,
N125,6,CS_44,5.991275537210338,3.99418369147356,
N125,7,CS_45,6.803266144926326,4.535510763284217,
N126,1,CS_42,2.194737853806754,1.4163948588765642,
N126,2,CS_47,2.824827213311754,1.8832181422078358,
N126,3,CS_34,3.8506101916705333,2.5670734611136887,
N126,4,CS_46,3.854974132266244,2.5699827548441627,
N126,5,CS_3,5.434673986709223,3.6064879670683494,
N126,6,CS_44,5.5726598434797445,3.71510656231983,
N126,7,CS_45,6.384650451195732,4.256433634130487,
N127,1,CS_46,4.9407218147386365,3.2938145431590913,
N127,2,CS_3,7.960870245205413,5.290618806065808,
N127,3,CS_50,8.002136837941288,5.271219941806324,
N127,4,CS_42,8.02792085659601,5.3051835274027335,
N127,5,CS_47,8.658010216101008,5.772006810734006,
N127,6,CS_45,8.910846709691922,5.940564473127947,
N127,7,CS_70,9.075897959649586,6.045927144469939,
N128,1,CS_26,2.1682982444881924,1.3880584940309895,
N128,2,CS_25,4.404346855681741,2.820196664576084,
N128,3,CS_19,5.579043621828591,3.719362414552394,
N128,4,CS_2,6.397818396952343,4.265212264634895,
N128,5,CS_14,7.3637514325441105,4.909167621696073,
N128,6,CS_16,8.043856663179444,5.3625711087862955,
N128,7,CS_13,8.490473730068034,5.6208330814642835,
N129,1,CS_26,2.558482124816349,1.6481810809164275,
N129,2,CS_25,4.794530736009897,3.080319251461522,
N129,3,CS_19,5.188859741500434,3.459239827666956,
N129,4,CS_2,6.7880022772804995,4.525334851520333,
N129,5,CS_16,7.653672782851287,5.1024485219008575,
N129,6,CS_14,7.753935312872267,5.1692902085815104,
N129,7,CS_13,8.100289849739877,5.3607104945788455,
N130,1,CS_42,3.871786965242703,2.534427599833863,
N130,2,CS_46,4.326747025172627,2.8844980167817518,
N130,3,CS_47,4.501876324747702,3.0012508831651346,
N130,4,CS_34,5.527659303106481,3.6851062020709877,
N130,5,CS_3,5.906446879615606,3.9210032290059376,
N130,6,CS_45,6.856423344102115,4.570948896068076,
N130,7,CS_70,7.02147459405978,4.676311567410068,
N131,1,CS_42,2.613244923566298,1.6953995720495936,
N131,2,CS_47,3.243334283071298,2.162222855380865,
N131,3,CS_46,3.4364670625067,2.290978041671133,
N131,4,CS_34,4.269117261430077,2.8460781742867183,
N131,5,CS_3,5.016166916949678,3.32748325389532,
N131,6,CS_45,5.966143381436188,3.977428920957458,
N131,7,CS_44,5.991166913239288,3.9941112754928594,
N132,1,CS_42,2.797375963071537,1.8181535983864192,
N132,2,CS_46,3.2523360230014617,2.1682240153343075,
N132,3,CS_47,3.427465322576536,2.2849768817176908,
N132,4,CS_34,4.453248300935315,2.968832200623544,
N132,5,CS_3,4.832035877444439,3.204729227558494,
N132,6,CS_45,5.782012341930949,3.8546748946206324,
N132,7,CS_70,5.947063591888614,3.960037565962624,
N133,1,CS_46,2.735636315960283,1.8237575439735216,
N133,2,CS_3,5.755784746427057,3.8205618068802387,
N133,3,CS_50,5.797051339162932,3.801162942620755,
N133,4,CS_42,5.822835357817655,3.835126528217164,
N133,5,CS_47,6.452924717322654,4.301949811548436,
N133,6,CS_45,6.7057612109135665,4.470507473942377,
N133,7,CS_70,6.870812460871231,4.5758701452843695,
N134,1,CS_46,0.6550221038034051,0.4366814025356034,
N134,2,CS_3,5.327639270878995,3.5351314898481982,
N134,3,CS_50,5.368905863614872,3.5157326255887145,
N134,4,CS_42,5.394689882269594,3.5496962111851236,
N134,5,CS_47,6.024779241774593,4.016519494516396,
N134,6,CS_45,6.277615735365506,4.185077156910336,
N134,7,CS_70,6.442666985323171,4.290439828252328,
N135,1,CS_46,1.4812564721078134,0.9875043147385422,
N135,2,CS_3,4.5014049025745875,2.9843085776452596,
N135,3,CS_50,4.542671495310463,2.9649097133857754,
N135,4,CS_42,4.568455513965185,2.9988732989821845,
N135,5,CS_47,5.198544873470184,3.465696582313456,
N135,6,CS_45,5.4513813670610975,3.6342542447073978,
N135,7,CS_70,5.616432617018762,3.73961691604939,
N136,1,CS_46,2.2014807601197117,1.4676538400798076,
N136,2,CS_3,3.7811806145626887,2.504159052303994,
N136,3,CS_42,3.8482312259532865,2.518723773640919,
N136,4,CS_47,4.478320585458286,2.9855470569721905,
N136,5,CS_45,4.731157079049199,3.1541047193661322,
N136,6,CS_70,4.896208329006864,3.2594673907081244,
N136,7,CS_50,5.262895783322362,3.445059238727041,
N137,1,CS_3,2.8686430562003853,1.8958006800624583,
N137,2,CS_46,3.1140183184820156,2.076012212321343,
N137,3,CS_45,3.818619520686895,2.5457463471245965,
N137,4,CS_70,3.9836707706445598,2.6511090184665886,
N137,5,CS_54,4.662886542077388,3.0819042456568932,
N137,6,CS_42,4.760768784315591,3.1270821458824543,
N137,7,CS_52,4.972068640970714,3.271035537702266,
N138,1,CS_3,2.9438648273760126,1.9459485275128765,
N138,2,CS_46,3.189240089657643,2.1261600597717614,
N138,3,CS_45,3.7433977495112676,2.4955984996741787,
N138,4,CS_70,3.9084489994689324,2.6009611710161704,
N138,5,CS_54,4.58766477090176,3.031756398206475,
N138,6,CS_42,4.835990555491218,3.1772299933328734,
N138,7,CS_52,4.896846869795087,3.220887690251848,
N139,1,CS_3,2.906851111195969,1.9212727167261807,
N139,2,CS_45,3.19076406357225,2.1271760423815,
N139,3,CS_70,3.3558153135299147,2.2325387137234918,
N139,4,CS_46,3.7418737755966607,2.4945825170644405,
N139,5,CS_54,4.035031084962742,2.663333940913796,
N139,6,CS_52,4.344213183856069,2.8524652329591693,
N139,7,CS_53,4.427634750290253,2.908079610581959,
N140,1,CS_3,2.998121760146003,1.9821198160262032,
N140,2,CS_45,3.099493414622216,2.0663289430814777,
N140,3,CS_70,3.2645446645798812,2.1716916144234695,
N140,4,CS_46,3.833144424546694,2.5554296163644628,
N140,5,CS_54,3.9437604360127088,2.6024868416137736,
N140,6,CS_52,4.252942534906036,2.791618133659147,
N140,7,CS_53,4.33636410134022,2.8472325112819368,
N141,1,CS_45,2.8231748995299175,1.8821165996866118,
N141,2,CS_70,2.988226149487583,1.9874792710286042,
N141,3,CS_3,3.2744402752383013,2.1663321594210694,
N141,4,CS_54,3.6674419209204103,2.4182744982189077,
N141,5,CS_52,3.9766240198137375,2.607405790264281,
N141,6,CS_53,4.060045586247922,2.663020167887071,
N141,7,CS_46,4.109462939638992,2.7396419597593287,
N142,1,CS_3,2.8622228437239428,1.8915205384114964,
N142,2,CS_45,2.935671291976823,1.9571141946512154,
N142,3,CS_54,5.1193431717211535,3.3862086654194035,
N142,4,CS_52,5.42852527061448,3.575339957464777,
N142,5,CS_53,5.511946837048664,3.6309543350875666,
N142,6,CS_46,6.010783554302464,4.007189036201643,
N142,7,CS_70,6.054282825283953,4.03151705489285,
N143,1,CS_45,2.357088660645026,1.5713924404300172,
N143,2,CS_70,3.4543123883724745,2.2982034302851986,
N143,3,CS_3,3.740526514123193,2.4770563186776635,
N143,4,CS_54,4.1335281598053015,2.7289986574755027,
N143,5,CS_52,4.442710258698629,2.9181299495208757,
N143,6,CS_53,4.526131825132813,2.9737443271436654,
N143,7,CS_46,4.575549178523884,3.050366119015923,
N144,1,CS_3,3.721940075169625,2.4646653593752847,
N144,2,CS_45,3.8233117296458388,2.5488744864305595,
N144,3,CS_70,3.988362979603504,2.654237157772551,
N144,4,CS_46,4.5569627395703165,3.037975159713544,
N144,5,CS_54,4.6675787510363325,3.085032384962856,
N144,6,CS_52,4.976760849929659,3.2741636770082287,
N144,7,CS_53,5.060182416363843,3.3297780546310185,
N145,1,CS_45,2.344296647615492,1.5628644317436615,
N145,2,CS_70,2.415760542555428,1.6058355330738343,
N145,3,CS_54,3.094976313988255,2.036630760264138,
N145,4,CS_52,3.404158412881582,2.2257620523095114,
N145,5,CS_53,3.4875799793157665,2.281376429932301,
N145,6,CS_3,3.846905882170456,2.547975897375839,
N145,7,CS_46,4.6819285465711475,3.1212856977140984,
N146,1,CS_45,1.9302743921770178,1.2868495947846785,
N146,2,CS_70,3.8811266568404825,2.5827462759305373,
N146,3,CS_54,4.113946271921348,2.715944065552867,
N146,4,CS_3,4.167340782591202,2.7615991643230022,
N146,5,CS_52,4.423128370814675,2.90507535759824,
N146,6,CS_53,4.5065499372488595,2.9606897352210297,
N146,7,CS_46,5.002363446991892,3.3349089646612615,
N147,1,CS_45,2.5335547342609805,1.6890364895073207,
N147,2,CS_3,4.503880152723738,2.98595874441136,
N147,3,CS_54,4.717226614005311,3.118130960275509,
N147,4,CS_52,5.026408712898638,3.307262252320882,
N147,5,CS_53,5.109830279332822,3.362876629943672,
N147,6,CS_70,5.65216626756811,3.763439349748955,
N147,7,CS_46,6.7769227591744885,4.517948506116327,
N148,1,CS_45,1.979208469494349,1.3194723129962327,
N148,2,CS_70,2.0506723644342846,1.3624434143264057,
N148,3,CS_54,2.729888135867112,1.7932386415167092,
N148,4,CS_52,3.0390702347604392,1.9823699335620826,
N148,5,CS_53,3.1224918011946237,2.0379843111848723,
N148,6,CS_3,4.2119940602916,2.791368016123268,
N148,7,CS_46,5.04701672469229,3.364677816461527,
N149,1,CS_45,1.3412340593521965,0.8941560395681312,
N149,2,CS_54,2.09191372572496,1.367922368088608,
N149,3,CS_52,2.4010958246182863,1.557053660133981,
N149,4,CS_53,2.4845173910524707,1.6126680377567706,
N149,5,CS_70,2.688646774576437,1.7877596877545072,
N149,6,CS_3,4.849968470433751,3.2166842895513685,
N149,7,CS_46,5.684991134834443,3.7899940898896283,
N150,1,CS_45,0.45563465031075234,0.3037564335405016,
N150,2,CS_54,2.639306530055083,1.7328509043086897,
N150,3,CS_52,2.948488628948409,1.921982196354063,
N150,4,CS_53,3.0319101953825935,1.9775965739768526,
N150,5,CS_70,3.5742461836178814,2.3781592937821365,
N150,6,CS_3,5.342259485390015,3.5448782995222103,
N150,7,CS_46,6.4770031888581565,4.318002125905439,
N151,1,CS_45,1.1721307569965358,0.7814205046643573,
N151,2,CS_54,1.9228104233692993,1.255186833184834,
N151,3,CS_52,2.2319925222626256,1.444318125230207,
N151,4,CS_53,2.31541408869681,1.4999325028529966,
N151,5,CS_70,2.857750076932098,1.900495222658281,
N151,6,CS_3,5.019071772789411,3.3294198244551425,
N151,7,CS_46,5.854094437190104,3.902729624793402,
N152,1,CS_45,1.7725882140817495,1.1817254760544997,
N152,2,CS_54,3.9562600938260797,2.6108199468226885,
N152,3,CS_52,4.265442192719407,2.7999512388680614,
N152,4,CS_53,4.348863759153591,2.855565616490851,
N152,5,CS_3,4.881212535527116,3.237513666280278,
N152,6,CS_70,4.891199747388879,3.2561283362961344,
N152,7,CS_46,6.015956238995259,4.010637492663506,
N153,1,CS_45,1.5827713200936002,1.0551808800624,
N153,2,CS_54,3.766443199837931,2.4842753508305884,
N153,3,CS_52,4.075625298731258,2.6734066428759617,
N153,4,CS_53,4.159046865165442,2.7290210204987515,
N153,5,CS_3,4.691395641538966,3.1109690702881783,
N153,6,CS_70,4.701382853400729,3.1295837403040343,
N153,7,CS_46,5.8261393450071095,3.8840928966714063,
N154,1,CS_54,2.000238039010084,1.3068052436120239,
N154,2,CS_52,2.3094201379034107,1.495936535657397,
N154,3,CS_53,2.392841704337595,1.5515509132801866,
N154,4,CS_45,3.1634651706585983,2.108976780439066,
N154,5,CS_70,4.84908449059416,3.228051498432989,
N154,6,CS_73,6.008407115736981,3.9537328430025296,
N154,7,CS_37,6.937555089708278,4.543142195455939,
N155,1,CS_45,2.2752532530105305,1.5168355020070203,
N155,2,CS_54,3.14789197809321,2.0719078696674416,
N155,3,CS_52,3.4570740769865367,2.2610391617128145,
N155,4,CS_53,3.540495643420721,2.3166535393356043,
N155,5,CS_3,5.383877574455896,3.5726236922327987,
N155,6,CS_70,5.39386478631766,3.591238362248655,
N155,7,CS_73,6.240114016761085,4.108204110351931,
N156,1,CS_54,1.0325739803460705,0.6616958711693482,
N156,2,CS_52,1.341756079239397,0.8508271632147213,
N156,3,CS_53,1.4251776456735814,0.9064415408375108,
N156,4,CS_45,2.062367200019765,1.3749114666798432,
N156,5,CS_70,3.7479865199553264,2.4939861846737665,
N156,6,CS_73,5.040743057072968,3.3086234705598536,
N156,7,CS_3,5.909308215812642,3.9229107864706285,
N157,1,CS_54,1.355522249934233,0.8769947175614566,
N157,2,CS_52,1.6647043488275597,1.0661260096068297,
N157,3,CS_53,1.748125915261744,1.1217403872296192,
N157,4,CS_45,2.5187493815827473,1.6791662543884984,
N157,5,CS_70,4.20436870151831,2.7982409723824215,
N157,6,CS_73,5.3636913266611295,3.5239223169519622,
N157,7,CS_37,6.292839300632426,4.113331669405372,
N158,1,CS_54,1.5760723521814304,1.0240281190595881,
N158,2,CS_52,1.8852544510747569,1.2131594111049613,
N158,3,CS_53,1.9686760175089413,1.2687737887277508,
N158,4,CS_45,2.7392994838299445,1.82619965588663,
N158,5,CS_70,4.4249188037655065,2.945274373880553,
N158,6,CS_73,5.584241428908328,3.6709557184500934,
N158,7,CS_37,6.513389402879625,4.260365070903503,
N159,1,CS_54,1.8737043150177741,1.2224494276171505,
N159,2,CS_52,2.1828864139111004,1.4115807196625236,
N159,3,CS_53,2.266307980345285,1.4671950972853132,
N159,4,CS_45,3.0369314466662884,2.024620964444192,
N159,5,CS_70,4.7225507666018505,3.143695682438115,
N159,6,CS_73,5.881873391744671,3.869377027007656,
N159,7,CS_3,6.658065237531332,4.422082134283088,
N160,1,CS_45,2.5826565548198634,1.7217710365465755,
N160,2,CS_54,2.8404886762838775,1.8669723351278862,
N160,3,CS_52,3.1496707751772046,2.0561036271732593,
N160,4,CS_53,3.233092341611389,2.111718004796049,
N160,5,CS_70,5.689335127867955,3.788218589948851,
N160,6,CS_3,5.691280876265228,3.7775592267723535,
N160,7,CS_73,6.547517318570417,4.3131396448914865,
N161,1,CS_54,0.9658570243586604,0.6172179005110748,
N161,2,CS_52,1.2750391232519869,0.8063491925564479,
N161,3,CS_53,1.3584606896861713,0.8619635701792374,
N161,4,CS_45,2.129084156007175,1.4193894373381166,
N161,5,CS_70,3.8147034759427365,2.53846415533204,
N161,6,CS_73,4.974026101085558,3.26414549990158,
N161,7,CS_37,5.903174075056855,3.8535548523549896,
N162,1,CS_54,1.7387703734488613,1.1324934665712088,
N162,2,CS_52,2.0479524723421876,1.321624758616582,
N162,3,CS_53,2.131374038776372,1.3772391362393714,
N162,4,CS_45,2.9019975050973756,1.9346650033982506,
N162,5,CS_73,4.201112751995356,2.7488699338414464,
N162,6,CS_70,4.587616825032938,3.0537397213921738,
N162,7,CS_37,5.130260725966655,3.338279286294856,
N163,1,CS_73,2.9227977211103844,1.8966599132514648,
N163,2,CS_54,3.017085404333833,1.9847034871611897,
N163,3,CS_52,3.32626750322716,2.173834779206563,
N163,4,CS_53,3.4096890696613444,2.229449156829353,
N163,5,CS_37,3.8519456950816826,2.486069265704874,
N163,6,CS_45,4.180312535982347,2.7868750239882316,
N163,7,CS_74,5.709580259877975,3.80638683991865,
N164,1,CS_73,2.4620210100080464,1.5894754391832393,
N164,2,CS_37,3.3911689839793446,2.178884791636649,
N164,3,CS_54,3.4778621154361713,2.2918879612294156,
N164,4,CS_52,3.787044214329498,2.4810192532747886,
N164,5,CS_53,3.8704657807636824,2.5366336308975783,
N164,6,CS_45,4.641089247084686,3.094059498056457,
N164,7,CS_74,5.248803548775637,3.499202365850424,
N165,1,CS_74,2.664948757404021,1.776632504936014,
N165,2,CS_73,7.036541518283062,4.639155778033249,
N165,3,CS_37,7.965689492254359,5.228565130486659,
N165,4,CS_54,8.052382623711187,5.341568300079425,
N165,5,CS_45,8.349780278195212,5.5665201854634745,
N165,6,CS_52,8.361564722604513,5.5306995921247974,
N165,7,CS_53,8.444986289038697,5.586313969747588,
N166,1,CS_21,1.079004096840199,0.6613669328496548,
N166,2,CS_38,1.937991261446482,1.2919941742976548,
N166,3,,3.4622412051521705,2.2967476094710286,
N166,4,CS_22,3.5063573423905936,2.3261583676299775,
N166,5,CS_51,4.110114773080087,2.6865316939779973,
N166,6,CS_48,4.572110104646795,2.9814943638634004,
N166,7,CS_36,5.486437291039267,3.617738753247779,
N167,1,CS_38,0.20916556441984657,0.13944370961323105,
N167,2,,1.7334155081255347,1.1441971447866046,
N167,3,CS_22,1.7775316453639576,1.173607902945553,
N167,4,CS_21,2.807829793866835,1.8139173975340785,
N167,5,CS_36,3.757611594012631,2.465188288563355,
N167,6,CS_8,4.56324106361038,2.989344777679412,
N167,7,CS_51,5.8389404701067225,3.8390821586624213,
N168,1,CS_49,2.892054855285582,1.928036570190388,
N168,2,CS_66,5.229114657349956,3.4860764382333036,
N168,3,CS_36,5.712701379006428,3.7685814785592204,
N168,4,CS_27,5.754886304164747,3.836590869443164,
N168,5,CS_64,5.761456242038365,3.840970828025577,
N168,6,CS_1,5.82436272244909,3.864498538341389,
N168,7,,6.778741653556968,4.507747908407561,
N169,1,CS_36,0.7122110651191265,0.4349212693010196,
N169,2,,1.7782513396696662,1.1740876991493592,
N169,3,CS_22,1.822367476908089,1.2034984573083076,
N169,4,CS_38,3.2545660933133504,2.1697107288755673,
N169,5,CS_49,3.490767648544939,2.3271784323632927,
N169,6,CS_8,4.119277560573648,2.693369108988257,
N169,7,CS_68,4.823917971659092,3.1602314391244417,
N170,1,CS_36,2.494388232262816,1.6230393807301453,
N170,2,CS_49,3.113340050741802,2.075560033827868,
N170,3,,3.560428506813355,2.3622058105784847,
N170,4,CS_22,3.604544644051778,2.3916165687374336,
N170,5,CS_68,4.446490373855954,2.908613040589017,
N170,6,CS_38,5.0367432604570395,3.357828840304693,
N170,7,CS_8,5.901454727717337,3.8814872204173825,
N171,1,CS_75,1.361201783833379,0.8657091760658016,
N171,2,CS_27,1.442552308608312,0.9617015390722081,
N171,3,CS_63,1.498752427279988,0.9790926157259036,
N171,4,CS_65,1.6265979612169295,1.0426399609881685,
N171,5,CS_39,1.6654302290097385,1.0459314797412893,
N171,6,CS_66,2.8681932144958875,1.912128809663925,
N171,7,CS_64,2.967418936358633,1.9782792909057554,
N172,1,CS_36,1.7920134475925396,1.1547895242832948,
N172,2,CS_49,2.410965266071526,1.6073101773810177,
N172,3,,2.858053722143079,1.8939559541316344,
N172,4,CS_22,2.9021698593815017,1.9233667122905829,
N172,5,CS_68,3.744115589185678,2.4403631841421656,
N172,6,CS_38,4.334368475786763,2.8895789838578425,
N172,7,CS_8,5.199079943047061,3.413237363970532,
N173,1,CS_27,0.6417971600334049,0.4278647733556033,
N173,2,CS_66,2.0674380659209803,1.3782920439473203,
N173,3,CS_75,2.161956932408286,1.3995459417824065,
N173,4,CS_64,2.166663787783726,1.4444425251891506,
N173,5,CS_63,2.299507575854895,1.5129293814425084,
N173,6,CS_65,2.4273531097918366,1.5764767267047735,
N173,7,CS_39,2.466185377584645,1.5797682454578945,
N174,1,CS_27,0.7985385822326279,0.5323590548217518,
N174,2,CS_66,1.9106966437217574,1.2737977624811716,
N174,3,CS_75,2.3186983546075095,1.504040223248555,
N174,4,CS_64,2.3234052099829485,1.548936806655299,
N174,5,CS_63,2.456248998054118,1.617423662908657,
N174,6,CS_65,2.58409453199106,1.680971008170922,
N174,7,CS_39,2.6229267997838686,1.684262526924043,
N175,1,CS_49,1.8924757426170693,1.2616504950780463,
N175,2,CS_36,4.713122266337916,3.1021954034468786,
N175,3,CS_1,4.824783609780577,3.1981124632290476,
N175,4,CS_66,4.928146174267985,3.285430782845323,
N175,5,CS_27,5.453917821082775,3.6359452140551833,
N175,6,CS_64,5.460487758956394,3.640325172637596,
N175,7,,5.779162540888456,3.841361833295218,
N176,1,CS_49,0.6911660949716096,0.46077739664773976,
N176,2,CS_36,3.5118126186924563,2.3013223050165723,
N176,3,CS_1,3.623473962135117,2.3972393647987413,
N176,4,CS_66,3.726836526622526,2.484557684415017,
N176,5,CS_27,4.252608173437316,2.835072115624877,
N176,6,CS_64,4.259178111310936,2.83945207420729,
N176,7,,4.577852893242996,3.040488734864912,
N177,1,CS_49,0.7950148603839229,0.5300099069226152,
N177,2,CS_66,3.039783678701252,2.0265224524675016,
N177,3,CS_27,3.565555325516041,2.377036883677361,
N177,4,CS_64,3.572125263389662,2.3814168422597746,
N177,5,CS_1,3.7273227275474303,2.4664718750736165,
N177,6,CS_36,4.1988654666137295,2.759357536964088,
N177,7,CS_29,5.0094372442471276,3.3396248294980846,
N178,1,CS_49,1.0531498549252887,0.7020999032835258,
N178,2,CS_66,2.781648684159886,1.8544324561065908,
N178,3,CS_27,3.3074203309746752,2.20494688731645,
N178,4,CS_64,3.313990268848296,2.2093268458988637,
N178,5,CS_1,3.5228809318923147,2.330177344636873,
N178,6,CS_36,4.457000461155095,2.9314475333249987,
N178,7,CS_29,5.267572238788494,3.5117148258589954,
N179,1,CS_66,1.1190723222204095,0.7460482148136065,
N179,2,CS_27,1.6448439690351988,1.0965626460234659,
N179,3,CS_64,1.6514139069088194,1.1009426046058794,
N179,4,CS_49,2.7157262168647653,1.8104841445765103,
N179,5,CS_1,2.8938054556911186,1.9107936938360757,
N179,6,CS_75,3.6067483244924787,2.3627402031718683,
N179,7,CS_63,3.744298967939088,2.4761236428319706,
N180,1,CS_66,0.8708594980285984,0.5805729986857322,
N180,2,CS_27,1.396631144843388,0.9310874298955918,
N180,3,CS_64,1.403201082717008,0.9354673884780054,
N180,4,CS_49,2.9639390410565767,1.9759593607043844,
N180,5,CS_1,3.14201827988293,2.0762689099639497,
N180,6,CS_75,3.358535500300668,2.197264987043994,
N180,7,CS_63,3.496086143747277,2.310648426704096,
N181,1,CS_27,0.9995130999005659,0.6663420666003772,
N181,2,CS_66,2.4469988027361493,1.631332535157433,
N181,3,CS_64,2.524379727650887,1.6829198184339245,
N181,4,CS_75,3.3875532371548114,2.2166101449467566,
N181,5,CS_63,3.5251038806014208,2.329993584606859,
N181,6,CS_65,3.652949414538362,2.3935409298691237,
N181,7,CS_39,3.6917816823311704,2.3968324486222445,
N182,1,CS_66,1.034550889420351,0.6897005929469008,
N182,2,CS_27,1.232939753451635,0.8219598356344233,
N182,3,CS_64,1.5668924741087609,1.0445949827391738,
N182,4,CS_49,3.127630432448329,2.085086954965553,
N182,5,CS_75,3.194844108908915,2.0881373927828255,
N182,6,CS_1,3.3057096712746827,2.185396504225118,
N182,7,CS_63,3.3323947523555244,2.201520832442928,
N183,1,CS_66,0.8818512538420313,0.5879008358946876,
N183,2,CS_27,0.9813484041809973,0.6542322694539981,
N183,3,CS_64,1.414192838530441,0.9427952256869605,
N183,4,CS_75,3.3693885414352427,2.2045003478003773,
N183,5,CS_49,3.3792217817189667,2.252814521145978,
N183,6,CS_63,3.506939184881852,2.3178837874604796,
N183,7,CS_1,3.5573010205453204,2.3531240704055434,
N184,1,CS_27,0.9034202135136863,0.6022801423424575,
N184,2,CS_66,0.9597794445093424,0.6398529630062283,
N184,3,CS_64,1.4921210291977522,0.9947473527985013,
N184,4,CS_75,3.291460350767932,2.152548220688837,
N184,5,CS_63,3.4290109942145413,2.265931660348939,
N184,6,CS_49,3.457149972386278,2.3047666482575186,
N184,7,CS_65,3.5568565281514823,2.329479005611204,
N185,1,CS_27,0.5761218127088096,0.3840812084725397,
N185,2,CS_66,1.287077845314219,0.8580518968761461,
N185,3,CS_64,1.3644587702289566,0.9096391801526378,
N185,4,CS_75,2.964161949963055,1.9343492868189194,
N185,5,CS_63,3.1017125934096645,2.047732726479021,
N185,6,CS_65,3.2295581273466056,2.1112800717412865,
N185,7,CS_39,3.268390395139414,2.1145715904944073,
N186,1,CS_27,1.0451686870758123,0.6967791247172082,
N186,2,CS_66,2.492654389911396,1.661769593274264,
N186,3,CS_64,2.5321322311433843,1.6880881540955894,
N186,4,CS_75,3.4332088243300576,2.2470472030635875,
N186,5,CS_63,3.570759467776667,2.36043064272369,
N186,6,CS_65,3.698605001713608,2.4239779879859547,
N186,7,CS_39,3.7374372695064166,2.4272695067390755,
N187,1,CS_49,0.24751021521054106,0.1650068101403607,
N187,2,CS_1,3.1798180823740485,2.101468778291362,
N187,3,CS_66,3.5872883238746343,2.3915255492497556,
N187,4,CS_36,3.9554684984535244,2.5970928915239515,
N187,5,CS_27,4.113059970689424,2.742039980459616,
N187,6,CS_64,4.119629908563044,2.746419939042029,
N187,7,CS_29,4.461932599073746,2.9746217327158306,
N188,1,CS_66,1.63582276508955,1.0905485100597,
N188,2,CS_27,2.161594411904339,1.4410629412695592,
N188,3,CS_64,2.16816434977796,1.445442899851973,
N188,4,CS_49,2.198975773995625,1.4659838493304167,
N188,5,CS_1,2.3770550128219785,1.566293398589982,
N188,6,CS_75,4.123498767361619,2.7072404984179617,
N188,7,CS_29,4.1756646090685035,2.783776406045669,
N189,1,CS_27,1.8863023196639377,1.2575348797759582,
N189,2,CS_64,2.7508332709948795,1.8338888473299195,
N189,3,CS_66,3.2629686767155652,2.1753124511437103,
N189,4,CS_75,4.274342456918184,2.8078029581223376,
N189,5,CS_63,4.411893100364792,2.92118639778244,
N189,6,CS_65,4.5397386343017345,2.9847337430447047,
N189,7,CS_39,4.578570902094543,2.9880252617978256,
N190,1,CS_27,0.8429896366557975,0.5619930911038651,
N190,2,CS_64,1.0975909462819686,0.7317272975213125,
N190,3,CS_66,1.4327123764976668,0.9551415843317781,
N190,4,CS_75,3.231029773910043,2.1122611694502442,
N190,5,CS_63,3.3685804173566525,2.2256446091103466,
N190,6,CS_65,3.4964259512935936,2.2891919543726114,
N190,7,CS_39,3.535258219086402,2.292483473125732,
N191,1,CS_1,1.9200006648859056,1.2615904999659333,
N191,2,CS_66,2.092877113025623,1.3952514086837489,
N191,3,CS_49,2.1225568097887484,1.4150378731924989,
N191,4,CS_27,2.6186487598404122,1.745765839893608,
N191,5,CS_64,2.625218697714033,1.7501457984760218,
N191,6,CS_29,3.7186102611324303,2.4790735074216204,
N191,7,CS_75,4.580553115297693,3.011943397042011,
N192,1,CS_1,1.6123860763408735,1.0565141076025786,
N192,2,CS_49,1.814942221243716,1.2099614808291441,
N192,3,CS_66,2.4004917015706555,1.6003278010471034,
N192,4,CS_27,2.926263348385444,1.9508422322569625,
N192,5,CS_64,2.932833286259065,1.9552221908393763,
N192,6,CS_29,3.4109956725873984,2.273997115058266,
N192,7,CS_35,4.492015372095494,2.9946769147303303,
N193,1,CS_49,0.9084200912013751,0.6056133941342501,
N193,2,CS_1,2.518908206383214,1.6608621942974726,
N193,3,CS_66,3.3070138316129962,2.2046758877419976,
N193,4,CS_29,3.801022723082911,2.534015148721941,
N193,5,CS_27,3.8327854784277853,2.555190318951857,
N193,6,CS_64,3.839355416301406,2.5595702775342706,
N193,7,CS_36,4.616378374444359,3.037699475517841,
N194,1,CS_66,0.5394808347459875,0.3596538898306584,
N194,2,CS_64,1.071822419434397,0.7145482796229314,
N194,3,CS_27,1.3237188232770412,0.8824792155180274,
N194,4,CS_49,3.2953177043391872,2.1968784695594583,
N194,5,CS_1,3.473396943165541,2.2971880188190235,
N194,6,CS_29,3.600060157025924,2.4000401046839497,
N194,7,CS_75,3.6899141635832784,2.418184095899068,
N195,1,CS_64,0.9952883793719638,0.6635255862479759,
N195,2,CS_27,1.2112545384617086,0.8075030256411391,
N195,3,CS_66,1.330409809587662,0.8869398730584415,
N195,4,CS_75,3.599294675715954,2.357771103987518,
N195,5,CS_29,3.699655163953493,2.4664367759689956,
N195,6,CS_63,3.7368453191625632,2.4711545436476205,
N195,7,CS_65,3.8646908530995043,2.5347018889098853,
N196,1,CS_64,0.6380909119823432,0.42539394132156216,
N196,2,CS_66,0.9732123421980414,0.6488082281320277,
N196,3,CS_27,1.302489670955423,0.8683264473036152,
N196,4,CS_29,3.55926504391658,2.372843362611053,
N196,5,CS_75,3.6905298082096682,2.4185945256499943,
N196,6,CS_49,3.7290492117912413,2.4860328078608274,
N196,7,CS_63,3.8280804516562776,2.5319779653100967,
N197,1,CS_64,1.0356639661248046,0.690442644083203,
N197,2,CS_27,1.4286441007195367,0.9524294004796912,
N197,3,CS_66,1.5477993718454903,1.0318662478969935,
N197,4,CS_29,3.482265601695665,2.3215104011304435,
N197,5,CS_75,3.816684237973782,2.5026974788260703,
N197,6,CS_63,3.9542348814203914,2.6160809184861726,
N197,7,CS_65,4.082080415357333,2.6796282637484374,
N198,1,CS_64,0.888383665075742,0.5922557767171612,
N198,2,CS_27,1.5759244017685992,1.050616267845733,
N198,3,CS_66,1.6950796728945527,1.1300531152630353,
N198,4,CS_29,3.3349853006466024,2.2233235337644017,
N198,5,CS_75,3.9639645390228444,2.600884346192112,
N198,6,CS_63,4.101515182469454,2.7142677858522144,
N198,7,CS_65,4.229360716406395,2.777815131114479,
N199,1,CS_64,0.3303274331247382,0.22021828874982546,
N199,2,CS_66,1.2809758210556463,0.8539838807037643,
N199,3,CS_27,1.6102531498130277,1.073502099875352,
N199,4,CS_29,3.2515015650589745,2.1676677100393165,
N199,5,CS_75,3.998293287067273,2.623770178221731,
N199,6,CS_49,4.036812690648846,2.6912084604325637,
N199,7,CS_63,4.135843930513882,2.7371536178818334,
N200,1,CS_64,1.5265674743851694,1.0177116495901128,
N200,2,CS_27,2.2141082110780266,1.4760721407186843,
N200,3,CS_66,2.3332634822039804,1.555508988135987,
N200,4,CS_29,2.696801491337175,1.79786766089145,
N200,5,CS_35,3.7778211908452715,2.5185474605635143,
N200,6,CS_49,4.233723488871945,2.82248232591463,
N200,7,CS_1,4.5476624235159315,3.0133650057192836,
N201,1,CS_64,2.0790034360885112,1.386002290725674,
N201,2,CS_29,2.1443655296338333,1.4295770197558888,
N201,3,CS_66,2.4428791605182005,1.6285861070121337,
N201,4,CS_27,2.766544172781368,1.8443627818542454,
N201,5,CS_35,3.2253852291419296,2.150256819427953,
N201,6,CS_49,3.681287527168603,2.4541916847790683,
N201,7,CS_1,3.9952264618125892,2.6450743645837225,
N202,1,CS_29,1.7153396815242106,1.143559787682807,
N202,2,CS_64,1.8664893166595022,1.244326211106335,
N202,3,CS_66,2.013853312408578,1.3425688749390519,
N202,4,CS_35,2.796359381032307,1.8642395873548714,
N202,5,CS_27,3.146415033347792,2.0976100222318617,
N202,6,CS_49,3.2522616790589804,2.1681744527059865,
N202,7,CS_1,3.566200613702966,2.3590571325106406,
N203,1,CS_64,1.4391497517747158,0.9594331678498105,
N203,2,CS_66,1.586513747523791,1.0576758316825274,
N203,3,CS_29,2.142679246408997,1.4284528309393314,
N203,4,CS_27,2.7190754684630054,1.812716978975337,
N203,5,CS_35,3.2236989459170933,2.149132630611396,
N203,6,CS_49,3.6796012439437673,2.453067495962511,
N203,7,CS_1,3.993540178587753,2.643950175767165,
N204,1,CS_29,1.5862604083747582,1.0575069389165055,
N204,2,CS_64,1.9955685898089546,1.3303790598726364,
N204,3,CS_66,2.14293258555803,1.4286217237053533,
N204,4,CS_35,2.6672801078828545,1.7781867385885697,
N204,5,CS_49,3.123182405909528,2.0821216039396853,
N204,6,CS_27,3.275494306497244,2.1836628709981634,
N204,7,CS_1,3.4371213405535137,2.273004283744339,
N205,1,CS_49,1.5566946814703018,1.0377964543135347,
N205,2,CS_1,1.8706336161142878,1.2286791341181882,
N205,3,CS_66,2.6587392413440694,1.7724928275627128,
N205,4,CS_29,3.152748132813984,2.1018320885426562,
N205,5,CS_27,3.1845108881588584,2.123007258772572,
N205,6,CS_64,3.1910808260324792,2.1273872173549857,
N205,7,CS_35,4.23376783232208,2.8225118882147204,
N206,1,CS_64,2.4222013838221215,1.614800922548081,
N206,2,CS_29,2.5868551675258185,1.7245701116838787,
N206,3,CS_66,2.8853687984101852,1.9235791989401236,
N206,4,CS_27,3.1097421205149787,2.0731614136766527,
N206,5,CS_35,3.6678748670339147,2.445249911355943,
N206,6,CS_57,3.806749244214864,2.5378328294765766,
N206,7,CS_56,3.889001350836678,2.5926675672244524,
N207,1,CS_64,2.8050227743643803,1.8700151829095866,
N207,2,CS_29,2.9696765580680764,1.9797843720453843,
N207,3,CS_66,3.268190188952444,2.178793459301629,
N207,4,CS_57,3.4239278536726054,2.2826185691150704,
N207,5,CS_27,3.4925635110572366,2.3283756740381585,
N207,6,CS_56,3.5061799602944195,2.337453306862946,
N207,7,CS_35,4.050696257576172,2.7004641717174485,
N208,1,CS_64,3.1040704508589387,2.069380300572626,
N208,2,CS_57,3.302884840368847,2.201923226912565,
N208,3,CS_56,3.385136946990661,2.2567579646604408,
N208,4,CS_27,3.7916111875517955,2.5277407917011976,
N208,5,CS_29,3.7946475085635987,2.529765005709066,
N208,6,CS_66,3.9107664586777493,2.6071776391185,
N208,7,CS_41,4.547730504535041,2.981511172507855,
N209,1,CS_64,1.8723015757901704,1.2482010505267802,
N209,2,CS_27,2.5598423124830276,1.7065615416553517,
N209,3,CS_66,2.6789975836089814,1.7859983890726543,
N209,4,CS_29,3.042535592742176,2.0283570618281175,
N209,5,CS_35,4.1235552922502725,2.7490368615001817,
N209,6,CS_49,4.579457590276946,3.052971726851297,
N209,7,CS_1,4.893396524920933,3.24385440665595,
N210,1,CS_64,3.120749689855261,2.0804997932368408,
N210,2,CS_57,3.3195640793651693,2.2130427195767797,
N210,3,CS_56,3.4018161859869833,2.2678774573246554,
N210,4,CS_27,3.8082904265481177,2.5388602843654122,
N210,5,CS_29,3.811326747559921,2.540884498373281,
N210,6,CS_66,3.9274456976740715,2.618297131782714,
N210,7,CS_41,4.564409743531363,2.9926306651720695,
N211,1,CS_57,2.9125758503038988,1.9417172335359325,
N211,2,CS_56,2.994827956925713,1.9965519712838082,
N211,3,CS_64,3.494379440923888,2.3295862939492586,
N211,4,CS_41,4.157421514470093,2.7213051791312224,
N211,5,CS_27,4.181920177616745,2.78794678507783,
N211,6,CS_29,4.184956498628548,2.7899709990856985,
N211,7,CS_15,4.266246687367579,2.8441644582450523,
N212,1,CS_64,3.3033824539614622,2.2022549693076416,
N212,2,CS_57,3.5021968434713706,2.3347978956475806,
N212,3,CS_56,3.5844489500931846,2.3896326333954563,
N212,4,CS_27,3.990923190654319,2.660615460436213,
N212,5,CS_29,3.993959511666122,2.662639674444082,
N212,6,CS_66,4.110078461780272,2.740052307853515,
N212,7,CS_41,4.747042507637565,3.1143858412428704,
N213,1,CS_64,3.9168529351589623,2.6112352901059745,
N213,2,CS_27,4.309833069753695,2.873222046502463,
N213,3,CS_66,4.4289883408796475,2.952658893919765,
N213,4,CS_55,5.249433341754778,3.4996222278365194,
N213,5,CS_15,5.295292230237107,3.5301948201580715,
N213,6,CS_57,5.56909832353102,3.712732215687347,
N213,7,CS_56,5.651350430152834,3.7675669534352227,
N214,1,CS_64,4.045939574247725,2.697293049498483,
N214,2,CS_27,4.438919708842457,2.959279805894971,
N214,3,CS_66,4.55807497996841,3.038716653312273,
N214,4,CS_15,5.166205591148344,3.4441370607655633,
N214,5,CS_55,5.3785199808435395,3.5856799872290277,
N214,6,CS_57,5.440011684442258,3.6266744562948388,
N214,7,CS_56,5.522263791064072,3.6815091940427145,
N215,1,CS_57,2.4924828115885327,1.6616552077256888,
N215,2,CS_56,2.5747349182103467,1.7164899454735645,
N215,3,CS_41,3.737328475754727,2.4412431533209786,
N215,4,CS_15,3.8461536486522125,2.5641024324348085,
N215,5,CS_64,4.25281885534262,2.8352125702284128,
N215,6,CS_29,4.417472639046316,2.9449817593642105,
N215,7,CS_66,4.715986269930682,3.1439908466204556,
N216,1,CS_57,2.2343072921414495,1.4895381947609665,
N216,2,CS_56,2.3165593987632636,1.5443729325088422,
N216,3,CS_41,3.4791529563076438,2.2691261403562564,
N216,4,CS_15,3.5879781292051294,2.3919854194700862,
N216,5,CS_64,3.994643335895537,2.6630955572636905,
N216,6,CS_29,4.159297119599232,2.7728647463994887,
N216,7,CS_66,4.457810750483599,2.9718738336557333,
N217,1,CS_15,4.445241429603121,2.963494286402081,
N217,2,CS_57,4.719047522897035,3.1460316819313565,
N217,3,CS_56,4.801299629518849,3.2008664196792322,
N217,4,CS_55,4.805926576805494,3.203951051203664,
N217,5,CS_64,5.110979112412538,3.407319408275026,
N217,6,CS_27,5.5039592470072725,3.6693061646715144,
N217,7,CS_66,5.6231145181332245,3.7487430120888168,
N218,1,CS_57,2.113461979368663,1.408974652912442,
N218,2,CS_56,2.1957140859904767,1.4638093906603178,
N218,3,CS_41,3.3583076435348573,2.188562598507732,
N218,4,CS_15,3.467132816432342,2.311421877621562,
N218,5,CS_64,4.1154886486683235,2.743659099112215,
N218,6,CS_29,4.280142432372019,2.8534282882480126,
N218,7,CS_66,4.5786560632563855,3.0524373755042573,
N219,1,CS_55,4.492083236238028,2.9947221574920198,
N219,2,CS_64,4.674203040675711,3.1161353604504742,
N219,3,CS_15,4.882017501339949,3.2546783342266328,
N219,4,CS_27,5.067183175270444,3.3781221168469626,
N219,5,CS_57,5.155823594633863,3.4372157297559083,
N219,6,CS_66,5.186338446396396,3.457558964264265,
N219,7,CS_56,5.238075701255677,3.492050467503784,
N220,1,CS_55,3.041161397677361,2.0274409317849074,
N220,2,CS_15,3.4943139276432427,2.3295426184288286,
N220,3,CS_57,3.768120020937156,2.512080013958104,
N220,4,CS_56,3.85037212755897,2.56691475170598,
N220,5,CS_43,4.151483849951537,2.7676558999676915,
N220,6,CS_157,4.243919794134005,2.8292798627560027,
N220,7,CS_41,5.01296568510335,3.291667959553394,
N221,1,CS_55,3.47651025784475,2.317673505229834,
N221,2,CS_15,3.929662787810632,2.619775191873755,
N221,3,CS_57,4.203468881104546,2.8023125874030304,
N221,4,CS_56,4.28572098772636,2.857147325150906,
N221,5,CS_43,4.586832710118927,3.057888473412618,
N221,6,CS_157,4.679268654301393,3.119512436200929,
N221,7,CS_41,5.4483145452707396,3.5819005329983202,
N222,1,CS_55,3.3547222274847623,2.236481484989842,
N222,2,CS_15,3.807874757450644,2.5385831716337632,
N222,3,CS_57,4.081680850744558,2.7211205671630387,
N222,4,CS_56,4.163932957366372,2.7759553049109145,
N222,5,CS_43,4.465044679758939,2.9766964531726257,
N222,6,CS_157,4.557480623941406,3.038320415960937,
N222,7,CS_41,5.326526514910753,3.5007085127583286,
N223,1,CS_55,2.8559935541497428,1.903995702766495,
N223,2,CS_15,3.3091460841156235,2.206097389410416,
N223,3,CS_57,3.5829521774095374,2.3886347849396916,
N223,4,CS_56,3.6652042840313515,2.4434695226875673,
N223,5,CS_43,3.9663160064239182,2.644210670949279,
N223,6,CS_157,4.058751950606386,2.7058346337375903,
N223,7,CS_41,4.827797841575731,3.1682227305349815,
N224,1,CS_41,0.7216964831731055,0.4308218249332313,
N224,2,CS_57,1.183715884165014,0.7891439227766761,
N224,3,CS_56,1.265967990786828,0.8439786605245518,
N224,4,CS_17,2.1651827413726186,1.3931459970662399,
N224,5,CS_15,2.537386721228694,1.6915911474857959,
N224,6,CS_35,3.330502165910074,2.220334777273383,
N224,7,CS_55,3.757573131597532,2.505048754398355,
N225,1,CS_35,0.791156569093823,0.5274377127292154,
N225,2,CS_29,1.809884941859163,1.206589961239442,
N225,3,CS_41,3.2610420799893562,2.1237188894773986,
N225,4,CS_57,3.723061480981265,2.4820409873208438,
N225,5,CS_56,3.805313587603079,2.5368757250687195,
N225,6,CS_17,4.704528338188869,3.0860430616104075,
N225,7,CS_15,5.076732318044945,3.3844882120299635,
N226,1,CS_55,2.4704811943187677,1.6469874628791785,
N226,2,CS_15,2.9236337242846493,1.9490891495230995,
N226,3,CS_57,3.1974398175785628,2.1316265450523755,
N226,4,CS_56,3.279691924200377,2.186461282800251,
N226,5,CS_43,3.580803646592944,2.3872024310619624,
N226,6,CS_157,3.6732395907754114,2.448826393850274,
N226,7,CS_41,4.442285481744757,2.9112144906476654,
N227,1,CS_41,1.0374707380294752,0.6413379948374777,
N227,2,CS_57,1.4994901390213835,0.9996600926809225,
N227,3,CS_56,1.5817422456431975,1.0544948304287982,
N227,4,CS_17,2.4809569962289886,1.6036621669704867,
N227,5,CS_15,2.853160976085063,1.9021073173900422,
N227,6,CS_35,3.0147279110537046,2.0098186073691364,
N227,7,CS_29,4.033456283819044,2.6889708558793632,
N228,1,CS_55,2.447650787291294,1.631767191527529,
N228,2,CS_15,2.946464131312123,1.9643094208747494,
N228,3,CS_57,3.220270224606037,2.146846816404025,
N228,4,CS_56,3.302522331227851,2.2016815541519006,
N228,5,CS_43,3.5579732395654693,2.371982159710313,
N228,6,CS_157,3.6504091837479367,2.4336061224986243,
N228,7,CS_41,4.465115888772231,2.9264347619993147,
N229,1,CS_15,1.792415887034457,1.1949439246896383,
N229,2,CS_57,2.066221980328371,1.377481320218914,
N229,3,CS_56,2.1484740869501846,1.4323160579667897,
N229,4,CS_55,2.1531010342368315,1.4354006894912208,
N229,5,CS_41,3.311067644494565,2.157069265814204,
N229,6,CS_43,3.4040537373577218,2.2693691582384807,
N229,7,CS_157,4.527411357522587,3.018274238348391,
N230,1,CS_15,1.8090951260313095,1.2060634173542066,
N230,2,CS_57,2.0829012193252234,1.3886008128834824,
N230,3,CS_56,2.165153325947037,1.443435550631358,
N230,4,CS_55,2.169780273233684,1.4465201821557891,
N230,5,CS_41,3.3277468834914172,2.1681887584787725,
N230,6,CS_43,3.420732976354574,2.2804886509030493,
N230,7,CS_157,4.54409059651944,3.0293937310129597,
N231,1,CS_55,2.2059585430711675,1.4706390287141116,
N231,2,CS_15,3.1881563755322495,2.125437583688167,
N231,3,CS_43,3.316280995345343,2.2108539968968954,
N231,4,CS_157,3.4087169395278103,2.2724779596852067,
N231,5,CS_57,3.4619624688261634,2.3079749792174424,
N231,6,CS_56,3.5442145754479775,2.362809716965318,
N231,7,CS_23,4.531774955103897,3.021183303402598,
N232,1,CS_55,4.491143575041884,2.99409571669459,
N232,2,CS_15,4.9442961050077665,3.296197403338511,
N232,3,CS_57,5.21810219830168,3.4787347988677864,
N232,4,CS_56,5.300354304923494,3.533569536615662,
N232,5,CS_43,5.601466027316061,3.7343106848773737,
N232,6,CS_157,5.693901971498528,3.795934647665685,
N232,7,CS_41,6.462947862467874,4.258322744463077,
N233,1,CS_55,1.8280006693842756,1.2186671129228503,
N233,2,CS_15,2.117516251887013,1.411677501258009,
N233,3,CS_57,2.3913223451809267,1.5942148967872845,
N233,4,CS_56,2.4735744518027407,1.6490496345351602,
N233,5,CS_43,3.0789533725051657,2.0526355816701107,
N233,6,CS_41,3.636168009347121,2.3738028423825743,
N233,7,CS_157,4.202310992670031,2.8015406617800207,
N234,1,CS_55,2.22263778206802,1.48175852137868,
N234,2,CS_15,3.204835614529102,2.136557076352735,
N234,3,CS_43,3.3329602343421953,2.2219734895614636,
N234,4,CS_157,3.392037700530958,2.2613584670206386,
N234,5,CS_57,3.478641707823016,2.319094471882011,
N234,6,CS_56,3.56089381444483,2.3739292096298867,
N234,7,CS_23,4.548454194100749,3.0323027960671665,
N235,1,CS_55,1.638771566178196,1.0925143774521306,
N235,2,CS_43,2.7490940184523716,1.8327293456349147,
N235,3,CS_157,3.47599821316139,2.317332142107593,
N235,4,CS_15,3.755343352425221,2.503562234950148,
N235,5,CS_23,3.9645879782109255,2.643058652140617,
N235,6,CS_57,4.029149445719135,2.6860996304794234,
N235,7,CS_56,4.111401552340949,2.740934368227299,
N236,1,CS_55,1.9874274046876825,1.3249516031251216,
N236,2,CS_15,2.2769429871904197,1.51796199146028,
N236,3,CS_57,2.5507490804843336,1.7004993869895557,
N236,4,CS_56,2.6330011871061476,1.7553341247374314,
N236,5,CS_43,3.2383801078085725,2.1589200718723816,
N236,6,CS_41,3.7955947446505274,2.4800873325848456,
N236,7,CS_157,4.361737727973439,2.907825151982292,
N237,1,CS_55,1.543156017397631,1.0287706782650874,
N237,2,CS_43,2.6534784696718066,1.7689856464478713,
N237,3,CS_157,3.380382664380825,2.2535884429205497,
N237,4,CS_15,3.6732036612896377,2.448802440859759,
N237,5,CS_23,3.8689724294303605,2.579314952953574,
N237,6,CS_57,3.9470097545835516,2.6313398363890346,
N237,7,CS_56,4.029261861205366,2.6861745741369103,
N238,1,CS_55,1.4597350977124426,0.973156731808295,
N238,2,CS_15,2.369680238018623,1.579786825345749,
N238,3,CS_57,2.6434863313125367,1.762324220875025,
N238,4,CS_43,2.710687800833333,1.8071252005555554,
N238,5,CS_56,2.7257384379343508,1.8171589586229007,
N238,6,CS_157,3.834045420998199,2.5560302806654653,
N238,7,CS_41,3.8883319954787305,2.541912166470315,
N239,1,CS_15,0.8702157234708457,0.5801438156472305,
N239,2,CS_57,1.1440218167647593,0.7626812111765062,
N239,3,CS_56,1.2262739233865734,0.8175159489243822,
N239,4,CS_55,2.0904021338396843,1.3936014225597895,
N239,5,CS_41,2.388867480930953,1.5422691567717965,
N239,6,CS_17,3.832353739130466,2.5045933289048055,
N239,7,CS_29,4.127294326136287,2.751529550757525,
N240,1,CS_15,0.28908972802408217,0.19272648534938813,
N240,2,CS_57,1.7251478122115231,1.1500985414743488,
N240,3,CS_56,1.8073999188333367,1.2049332792222245,
N240,4,CS_55,2.6715281292864477,1.7810187528576318,
N240,5,CS_41,2.9699934763777174,1.929686487069639,
N240,6,CS_17,4.41347973457723,2.892010659202648,
N240,7,CS_29,4.70842032158305,3.1389468810553676,
N241,1,CS_55,2.6256623891197144,1.750441592746476,
N241,2,CS_157,2.9890130934792634,1.9926753956528425,
N241,3,CS_15,3.6078602215807964,2.4052401477205314,
N241,4,CS_43,3.73598484139389,2.49065656092926,
N241,5,CS_57,3.8816663148747104,2.587777543249807,
N241,6,CS_56,3.9639184214965244,2.6426122809976826,
N241,7,CS_23,4.258420276422512,2.838946850948341,
N242,1,CS_55,1.4430558587155902,0.9620372391437266,
N242,2,CS_15,2.3863594770154752,1.5909063180103176,
N242,3,CS_57,2.660165570309389,1.773443713539593,
N242,4,CS_43,2.6940085618364806,1.796005707890987,
N242,5,CS_56,2.742417676931203,1.8282784512874688,
N242,6,CS_157,3.8173661820013467,2.544910788000897,
N242,7,CS_41,3.905011234475583,2.553031659134883,
N243,1,CS_55,1.1304544464275046,0.7536362976183364,
N243,2,CS_43,2.381407149548395,1.5876047663655966,
N243,3,CS_15,3.260502090319511,2.1736680602130076,
N243,4,CS_157,3.5047647697132613,2.336509846475507,
N243,5,CS_57,3.5343081836134247,2.3562054557422836,
N243,6,CS_23,3.5969011093069487,2.3979340728712994,
N243,7,CS_56,3.6165602902352387,2.4110401934901593,
N244,1,CS_55,1.1847878627059885,0.7898585751373257,
N244,2,CS_43,2.4357405658268787,1.6238270438845859,
N244,3,CS_15,2.644627473025077,1.7630849820167187,
N244,4,CS_57,2.918433566318991,1.9456223775459942,
N244,5,CS_56,3.000685672940805,2.00045711529387,
N244,6,CS_157,3.559098185991745,2.3727321239944965,
N244,7,CS_23,3.6512345255854326,2.434156350390288,
N245,1,CS_55,1.0517624751588899,0.70117498343926,
N245,2,CS_15,2.3952229149808653,1.5968152766539108,
N245,3,CS_57,2.669029008274779,1.7793526721831863,
N245,4,CS_43,2.7090415706958417,1.8060277137972283,
N245,5,CS_56,2.751281114896593,1.834187409931062,
N245,6,CS_157,3.8323991908607082,2.5549327939071382,
N245,7,CS_41,3.913874672440973,2.558940617778476,
N246,1,CS_55,1.088131355724785,0.7254209038165232,
N246,2,CS_15,1.8724865015857453,1.2483243343904968,
N246,3,CS_57,2.1462925948796587,1.4308617299197728,
N246,4,CS_56,2.2285447015014728,1.4856964676676485,
N246,5,CS_43,3.2078815372662106,2.1385876915108075,
N246,6,CS_41,3.391138259045853,2.2104496755150627,
N246,7,CS_23,4.079219721814813,2.7194798145432086,
N247,1,CS_55,0.6317217335213028,0.4211478223475352,
N247,2,CS_43,1.882674436642193,1.2551162910947955,
N247,3,CS_157,3.0060320568070598,2.004021371204706,
N247,4,CS_23,3.0981683964007467,2.0654455976004984,
N247,5,CS_15,3.1976936022097626,2.131795734806509,
N247,6,CS_57,3.4714996955036765,2.314333130335785,
N247,7,CS_56,3.5537518021254906,2.3691678680836605,
N248,1,CS_55,0.194872089669601,0.12991472644640067,
N248,2,CS_43,2.3195240804938946,1.54634938699593,
N248,3,CS_15,2.765745767640929,1.8438305117606197,
N248,4,CS_57,3.0395518609348424,2.0263679072898952,
N248,5,CS_56,3.1218039675566565,2.081202645037771,
N248,6,CS_157,3.442881700658761,2.2952544671058406,
N248,7,CS_23,3.5350180402524485,2.3566786935016326,
N249,1,CS_55,0.8085787087442771,0.5390524724961847,
N249,2,CS_15,2.152039148566253,1.4346927657108355,
N249,3,CS_57,2.4258452418601664,1.6172301612401112,
N249,4,CS_56,2.5080973484819804,1.672064898987987,
N249,5,CS_43,2.9332306995685706,1.955487133045714,
N249,6,CS_41,3.67069090602636,2.396818106835401,
N249,7,CS_23,3.7996670748343058,2.53311138322287,
N250,1,CS_15,0.897374103110888,0.5982494020739253,
N250,2,CS_57,2.333432187298329,1.5556214581988859,
N250,3,CS_56,2.415684293920143,1.6104561959467616,
N250,4,CS_55,3.279812504373253,2.1865416695821693,
N250,5,CS_41,3.578277851464523,2.3352094037941757,
N250,6,CS_17,5.021764109664035,3.2975335759271847,
N250,7,CS_29,5.3167046966698575,3.5444697977799042,
N251,1,CS_55,1.8605530469236753,1.2403686979491169,
N251,2,CS_15,2.6449081927846354,1.7632721285230906,
N251,3,CS_57,2.918714286078549,1.945809524052366,
N251,4,CS_56,3.000966392700363,2.000644261800242,
N251,5,CS_43,3.980303228465101,2.653535485643401,
N251,6,CS_41,4.163559950244743,2.725397469647656,
N251,7,CS_23,4.851641413013704,3.2344276086758024,
N252,1,CS_55,1.2111852064673745,0.8074568043115831,
N252,2,CS_43,1.928015942868945,1.2853439619126301,
N252,3,CS_157,2.6549201375779634,1.7699467583853088,
N252,4,CS_23,3.143509902627499,2.0956732684183326,
N252,5,CS_15,3.7771570751558348,2.518104716770557,
N252,6,CS_57,4.050963168449749,2.7006421122998328,
N252,7,CS_56,4.133215275071563,2.7554768500477085,
N253,1,CS_55,1.7795910758387905,1.1863940505591937,
N253,2,CS_157,1.8581627144895714,1.2387751429930478,
N253,3,CS_43,2.201846410521886,1.467897607014591,
N253,4,CS_23,3.12756989743282,2.085046598288547,
N253,5,CS_15,4.345562944527251,2.8970419630181676,
N253,6,CS_57,4.619369037821165,3.079579358547443,
N253,7,CS_56,4.701621144442979,3.134414096295319,
N254,1,CS_157,1.639257906233948,1.0928386041559655,
N254,2,CS_55,1.9984958840944136,1.3323305893962758,
N254,3,CS_43,2.4207512187775095,1.6138341458516732,
N254,4,CS_23,2.908665089177197,1.9391100594514643,
N254,5,CS_15,4.564467752782874,3.04297850185525,
N254,6,CS_57,4.838273846076787,3.2255158973845255,
N254,7,CS_56,4.920525952698601,3.280350635132401,
N255,1,CS_55,1.436192487317698,0.9574616582117987,
N255,2,CS_43,1.8584478220007938,1.2389652146671961,
N255,3,CS_157,2.201561303010664,1.4677075353404427,
N255,4,CS_23,3.0023139530549847,2.0015426353699897,
N255,5,CS_15,4.002164356006158,2.6681095706707727,
N255,6,CS_57,4.275970449300072,2.850646966200048,
N255,7,CS_56,4.358222555921886,2.905481703947924,
N256,1,CS_55,1.4730144212924972,0.9820096141949981,
N256,2,CS_43,1.895269755975593,1.2635131706503955,
N256,3,CS_157,2.238383236985463,1.4922554913236423,
N256,4,CS_23,3.0391358870297838,2.0260905913531895,
N256,5,CS_15,4.038986289980958,2.692657526653972,
N256,6,CS_57,4.312792383274871,2.8751949221832476,
N256,7,CS_56,4.395044489896685,2.9300296599311233,
N257,1,CS_157,1.6541571406393065,1.102771427092871,
N257,2,CS_55,2.513681929183435,1.6757879527889568,
N257,3,CS_23,2.9235643235825552,1.94904288238837,
N257,4,CS_43,2.9359372638665304,1.9572915092443541,
N257,5,CS_31,4.985851912925259,3.293518606794,
N257,6,CS_15,5.079653797871895,3.3864358652479303,
N257,7,CS_57,5.353459891165809,3.568973260777206,
N258,1,CS_55,0.4619999853496213,0.3079999902330809,
N258,2,CS_15,2.4986178719609087,1.6657452479739394,
N258,3,CS_43,2.586651976173915,1.72443465078261,
N258,4,CS_57,2.7724239652548226,1.848282643503215,
N258,5,CS_56,2.8546760718766366,1.9031173812510906,
N258,6,CS_23,3.4530883514396495,2.302058900959767,
N258,7,CS_157,3.7100095963387814,2.4733397308925205,
N259,1,CS_157,2.2768662875079073,1.517910858338605,
N259,2,CS_23,3.5462734704511556,2.364182313634104,
N259,3,CS_43,3.732371676230163,2.488247784153442,
N259,4,CS_55,4.318832805591009,2.879221870394006,
N259,5,CS_31,5.6085610597938595,3.708658038039734,
N259,6,CS_15,6.884804674279469,4.589869782852979,
N259,7,CS_57,7.158610767573382,4.772407178382255,
N260,1,CS_157,1.7110665221692174,1.1407110147794783,
N260,2,CS_23,2.980473705112466,1.9869824700749774,
N260,3,CS_43,3.1665719108914736,2.111047940594316,
N260,4,CS_55,3.753033040252319,2.5020220268348794,
N260,5,CS_31,5.04276129445517,3.3314581944806076,
N260,6,CS_15,6.319004908940778,4.2126699392938525,
N260,7,CS_57,6.592811002234692,4.395207334823128,
N261,1,CS_157,1.4610534205161745,0.9740356136774497,
N261,2,CS_23,2.730460603459423,1.8203070689729486,
N261,3,CS_43,2.9165588092384307,1.944372539492287,
N261,4,CS_55,3.5030199385992757,2.335346625732851,
N261,5,CS_31,4.792748192802128,3.1647827933785786,
N261,6,CS_15,6.068991807287736,4.045994538191824,
N261,7,CS_57,6.342797900581649,4.2285319337211,
N262,1,CS_157,0.9674794399837459,0.6449862933224974,
N262,2,CS_23,2.236886622926994,1.4912577486179963,
N262,3,CS_43,2.422984828706002,1.6153232191373348,
N262,4,CS_55,3.0094459580668476,2.006297305377898,
N262,5,CS_31,4.2991742122696985,2.8357334730236263,
N262,6,CS_15,5.575417826755308,3.7169452178368716,
N262,7,CS_57,5.849223920049221,3.899482613366147,
N263,1,CS_157,1.0787211343206944,0.719147422880463,
N263,2,CS_23,2.3481283172639427,1.565418878175962,
N263,3,CS_43,2.5342265230429506,1.6894843486953006,
N263,4,CS_55,3.539971432435909,2.3599809549572726,
N263,5,CS_31,4.410415906606647,2.909894602581592,
N263,6,CS_15,6.105943301124368,4.070628867416246,
N263,7,CS_57,6.3797493944182815,4.253166262945522,
N264,1,CS_43,0.10032042326398916,0.06688028217599278,
N264,2,CS_23,1.315814383022543,0.8772095886816953,
N264,3,CS_157,2.027439775058392,1.3516265167055945,
N264,4,CS_55,2.414075746899506,1.6093838312663378,
N264,5,CS_31,3.3073740289888685,2.1745333508364064,
N264,6,CS_15,4.980047615587967,3.3200317437253113,
N264,7,CS_57,5.253853708881881,3.502569139254587,
N265,1,CS_23,1.3570010131593133,0.9046673421062088,
N265,2,CS_43,1.4723712755619422,0.9815808503746281,
N265,3,CS_31,1.9353231766909151,1.2598327826377709,
N265,4,CS_157,2.0686264051951624,1.379084270130108,
N265,5,CS_55,2.558087323629958,1.7053915490866385,
N265,6,CS_15,4.594705210241245,3.063136806827497,
N265,7,CS_57,4.868511303535159,3.2456742023567724,
N266,1,CS_23,1.3904893621121936,0.9269929080747958,
N266,2,CS_43,1.5765875678912014,1.0510583785941343,
N266,3,CS_157,1.8738615887092582,1.2492410591395056,
N266,4,CS_31,3.4527769514548976,2.271468632480426,
N266,5,CS_55,3.8903428915267186,2.5935619276844792,
N266,6,CS_15,6.1121589850052285,4.074772656670151,
N266,7,CS_57,6.385965078299142,4.257310052199427,
N267,1,CS_23,0.6503822719419516,0.43358818129463444,
N267,2,CS_43,0.7657525343445806,0.5105016895630536,
N267,3,CS_157,1.3620076639778003,0.9080051093185336,
N267,4,CS_31,2.6419419179082766,1.7309119434493452,
N267,5,CS_55,3.079507857980098,2.053005238653399,
N267,6,CS_15,5.301323951458606,3.534215967639071,
N267,7,CS_57,5.57513004475252,3.7167533631683467,
N268,1,CS_23,0.6150183002537623,0.41001220016917483,
N268,2,CS_43,0.80111650603277,0.5340776706885133,
N268,3,CS_157,1.326643692289611,0.8844291281930741,
N268,4,CS_31,2.6773058895964663,1.7544879245748048,
N268,5,CS_55,3.114871829668287,2.0765812197788582,
N268,6,CS_15,5.336687923146796,3.5577919487645313,
N268,7,CS_57,5.610494016440709,3.740329344293807,
N269,1,CS_157,0.3361274048000625,0.224084936533375,
N269,2,CS_23,1.6055345877433107,1.0703563918288739,
N269,3,CS_43,1.7916327935223184,1.1944218623482123,
N269,4,CS_55,3.3016263855282997,2.2010842570188665,
N269,5,CS_31,3.6678221770860144,2.414832116234504,
N269,6,CS_15,5.867598254216759,3.91173216947784,
N269,7,CS_57,6.141404347510672,4.0942695650071155,
N270,1,CS_23,0.9318382616428462,0.6212255077618974,
N270,2,CS_157,1.0098237309005271,0.6732158206003513,
N270,3,CS_43,1.117936467421854,0.7452909782812359,
N270,4,CS_31,2.99412585098555,1.9657012321675276,
N270,5,CS_55,3.4316917910573714,2.287794527371581,
N270,6,CS_15,5.65350788453588,3.769005256357253,
N270,7,CS_57,5.927313977829794,3.9515426518865286,
N271,1,CS_60,1.3577259031488942,0.9051506020992629,
N271,2,CS_59,1.3903089750752793,0.9268726500501863,
N271,3,CS_10,1.9145673929112286,1.276378261940819,
N271,4,CS_62,3.8918707340300034,2.5945804893533357,
N271,5,CS_20,4.966669171914937,3.3111127812766243,
N271,6,CS_11,5.761305946076973,3.758481780176226,
N271,7,CS_61,7.727653816473541,5.069380360440605,
N272,1,CS_60,0.45941127763145906,0.3062741850876394,
N272,2,CS_59,0.49199434955784405,0.3279962330385627,
N272,3,CS_10,1.0162527673937933,0.6775018449291956,
N272,4,CS_62,2.993556108512568,1.995704072341712,
N272,5,CS_20,4.068354546397501,2.712236364265001,
N272,6,CS_11,4.862991320559537,3.159605363164603,
N272,7,CS_61,6.829339190956105,4.470503943428982,
N273,1,CS_23,1.7437565519920701,1.1625043679947134,
N273,2,CS_43,1.9298547577710778,1.2865698385140518,
N273,3,CS_157,2.227128778589135,1.484752519059423,
N273,4,CS_31,3.806044141334774,2.5069800924003434,
N273,5,CS_55,4.243610081406595,2.829073387604397,
N273,6,CS_60,6.311187704929807,4.207458469953204,
N273,7,CS_59,6.343770776856192,4.229180517904128,
N274,1,CS_62,0.49194626592201246,0.32796417728134164,
N274,2,CS_20,1.5667447038069455,1.0444964692046304,
N274,3,CS_10,2.3942537370467942,1.5961691580311963,
N274,4,CS_60,2.9610211202220147,1.9740140801480102,
N274,5,CS_59,2.9936041921484,1.9957361280989334,
N274,6,CS_11,4.0763172696143855,2.635155995867835,
N274,7,CS_61,6.0426651400109535,3.9460545761322137,
N275,1,CS_62,1.6697551354863989,1.113170090324266,
N275,2,CS_10,1.857126814965776,1.2380845433105176,
N275,3,CS_60,2.423894198140997,1.6159294654273315,
N275,4,CS_59,2.4564772700673823,1.6376515133782548,
N275,5,CS_20,2.744553573371332,1.8297023822475547,
N275,6,CS_11,2.89850840005,1.8499500828249107,
N275,7,CS_61,4.864856270446568,3.1608486630892894,
N276,1,CS_62,1.1848880641525497,0.7899253761016998,
N276,2,CS_10,1.701311938816257,1.1342079592108378,
N276,3,CS_20,2.2596865020374826,1.5064576680249884,
N276,4,CS_60,2.268079321991478,1.512052881327652,
N276,5,CS_59,2.3006623939178628,1.5337749292785752,
N276,6,CS_11,3.3833754713838493,2.173194797047477,
N276,7,CS_61,5.349723341780418,3.4840933773118556,
N277,1,CS_62,1.2202602512057343,0.8135068341371562,
N277,2,CS_10,1.665939751763072,1.1106265011753815,
N277,3,CS_60,2.232707134938293,1.4884714232921954,
N277,4,CS_59,2.2652902068646776,1.5101934712431186,
N277,5,CS_20,2.2950586890906672,1.530039126060445,
N277,6,CS_11,3.348003284330664,2.1496133390120207,
N277,7,CS_61,5.314351154727232,3.4605119192764,
N278,1,CS_62,1.3494141617447146,0.8996094411631431,
N278,2,CS_10,1.5367858412240918,1.0245238941493946,
N278,3,CS_60,2.1035532243993127,1.4023688162662085,
N278,4,CS_59,2.136136296325698,1.4240908642171317,
N278,5,CS_20,2.424212599629648,1.6161417330864318,
N278,6,CS_11,3.218849373791684,2.063510731986034,
N278,7,CS_61,5.185197244188252,3.3744093122504126,
N279,1,CS_10,0.45444833092501585,0.30296555395001057,
N279,2,CS_60,1.0212157141002365,0.6808104760668244,
N279,3,CS_59,1.0537987860266216,0.7025325240177478,
N279,4,CS_62,2.4317516720437906,1.6211677813625274,
N279,5,CS_20,3.5065501099287237,2.337700073285816,
N279,6,CS_11,4.301186884090759,2.785069072185418,
N279,7,CS_61,6.267534754487327,4.095967652449797,
N280,1,CS_62,1.2663766794236313,0.8442511196157542,
N280,2,CS_10,1.7828005540873384,1.1885337027248926,
N280,3,CS_20,2.3411751173085644,1.5607834115390429,
N280,4,CS_60,2.3495679372625595,1.5663786248417064,
N280,5,CS_59,2.382151009188944,1.5881006727926297,
N280,6,CS_11,3.4648640866549307,2.2275205405615313,
N280,7,CS_61,5.431211957051499,3.53841912082591,
N281,1,CS_60,2.051717981569578,1.367811987713052,
N281,2,CS_59,2.084301053495963,1.3895340356639752,
N281,3,CS_10,2.136852126220782,1.4245680841471877,
N281,4,CS_62,4.114155467339557,2.7427703115597044,
N281,5,CS_20,5.188953905224489,3.459302603482993,
N281,6,CS_11,5.983590679386525,3.906671602382595,
N281,7,CS_61,7.949938549783093,5.217570182646974,
N282,1,CS_62,1.5065687652246407,1.0043791768164272,
N282,2,CS_10,2.0229926398883484,1.3486617599255655,
N282,3,CS_20,2.581367203109574,1.720911468739716,
N282,4,CS_60,2.589760023063569,1.7265066820423793,
N282,5,CS_59,2.622343094989954,1.7482287299933026,
N282,6,CS_11,3.70505617245594,2.3876485977622046,
N282,7,CS_61,5.671404042852508,3.6985471780265837,
N283,1,CS_60,3.199250899064774,2.1328339327098496,
N283,2,CS_59,3.231833970991159,2.1545559806607733,
N283,3,CS_10,3.2843850437159783,2.189590029143986,
N283,4,CS_62,4.022053315254187,2.681368876836125,
N283,5,CS_20,5.09685175313912,3.3979011687594136,
N283,6,CS_11,6.220540722485486,4.064638297781902,
N283,7,CS_61,8.186888592882054,5.375536878046281,
N284,1,CS_62,3.0204265056624138,2.0136176704416093,
N284,2,CS_10,3.5368503803261215,2.357900253550748,
N284,3,CS_20,4.095224943547347,2.730149962364898,
N284,4,CS_60,4.103617763501342,2.735745175667562,
N284,5,CS_59,4.1362008354277275,2.757467223618485,
N284,6,CS_11,5.218913912893713,3.3968870913873865,
N284,7,CS_61,7.185261783290281,4.707785671651766,
N285,1,CS_24,1.6417704271394598,1.0945136180929733,
N285,2,CS_32,3.3528830810954213,2.2352553873969474,
N285,3,CS_69,3.6551607197606613,2.436773813173774,
N285,4,CS_99,5.012499851982752,3.3416665679885016,
N285,5,CS_102,5.595313135099925,3.6976161481735157,
N285,6,CS_105,7.780769116339791,5.127281027863283,
N285,7,CS_33,7.846707384654091,5.147074029097614,
N286,1,CS_24,2.030808882903195,1.3538725886021301,
N286,2,CS_32,2.963844625331686,1.9758964168877906,
N286,3,CS_69,3.266122263996926,2.1774148426646174,
N286,4,CS_99,4.6234613962190165,3.082307597479345,
N286,5,CS_102,5.20627467933619,3.4382571776643593,
N286,6,CS_105,7.391730660576056,4.867922057354127,
N286,7,CS_33,7.457668928890356,4.887715058588458,
N287,1,CS_24,1.3224407853785802,0.8816271902523869,
N287,2,CS_32,3.6722127228563006,2.4481418152375336,
N287,3,CS_69,3.974490361521541,2.649660241014361,
N287,4,CS_99,5.331829493743631,3.554552995829088,
N287,5,CS_102,5.914642776860804,3.9105025760141023,
N287,6,CS_6,7.632057906998625,5.027700905789796,
N287,7,CS_105,8.10009875810067,5.34016745570387,
N288,1,CS_12,3.5015679076570776,2.274051567382902,
N288,2,CS_6,4.188916594645167,2.732273364220826,
N288,3,CS_30,5.212152011964147,3.474768007976098,
N288,4,CS_24,5.310240340139634,3.540160226759756,
N288,5,CS_28,8.068293400873952,5.360456665761375,
N288,6,CS_44,8.68328344482864,5.788855629885759,
N288,7,CS_32,8.770063575025695,5.846709050017129,
N289,1,CS_12,2.4783482370756,1.5919051203285841,
N289,2,CS_30,2.586661296461057,1.7244408643073716,
N289,3,CS_28,5.4428026853708635,3.6101295220926484,
N289,4,CS_44,6.05779272932555,4.038528486217034,
N289,5,CS_6,6.814407310148258,4.4826005078895514,
N289,6,CS_24,7.935731055642723,5.290487370428482,
N289,7,CS_34,9.212028361583673,6.141352241055781,
N290,1,CS_30,1.5226430193518623,1.0150953462345749,
N290,2,CS_12,3.542366514184795,2.3012506384013807,
N290,3,CS_28,4.3787844082616685,2.900784004019852,
N290,4,CS_44,4.993774452216355,3.329182968144237,
N290,5,CS_6,7.8784255872574525,5.1919460259623476,
N290,6,CS_34,8.148010084474478,5.432006722982984,
N290,7,CS_47,8.34900490228317,5.566003268188778,
N291,1,CS_44,0.2916413279277319,0.19442755195182126,
N291,2,CS_28,2.08419835206043,1.3710599665523593,
N291,3,CS_34,3.4458769601858528,2.2972513067905687,
N291,4,CS_47,3.6468717779945443,2.431247851996363,
N291,5,CS_30,6.2247761436404865,4.149850762426991,
N291,6,CS_42,6.702845748657008,4.421800122110066,
N291,7,CS_12,8.244499638473417,5.436006054593796,
N292,1,CS_34,1.3428929043942606,0.8952619362628405,
N292,2,CS_47,1.5438877222029521,1.0292584814686347,
N292,3,CS_44,2.3946253837193248,1.5964169224795497,
N292,4,CS_28,4.187182407852022,2.773049337080088,
N292,5,CS_42,4.5998616928654155,3.0198107515823382,
N292,6,CS_46,7.033008592026664,4.688672394684443,
N292,7,CS_30,8.32776019943208,5.551840132954719,
N293,1,CS_47,0.5953402378771429,0.39689349191809525,
N293,2,CS_34,1.6211232162359226,1.0807488108239485,
N293,3,CS_44,3.343172868045134,2.2287819120300894,
N293,4,CS_42,3.651314208539606,2.387445762031799,
N293,5,CS_28,5.135729892177831,3.405414326630628,
N293,6,CS_46,6.084461107700855,4.056307405133903,
N293,7,CS_3,7.664160962143834,5.0928126173580885,
N294,1,CS_42,1.8082825434558747,1.1587579853093113,
N294,2,CS_47,2.438371902960874,1.6255812686405828,
N294,3,CS_34,3.4641548813196534,2.3094365875464358,
N294,4,CS_46,4.2414294426171235,2.8276196284114157,
N294,5,CS_44,5.1862045331288655,3.4574696887525764,
N294,6,CS_3,5.821129297060102,3.8641248406356015,
N294,7,CS_45,6.771105761546611,4.51407050769774,
N295,1,CS_42,2.2948132877873384,1.4831118148636209,
N295,2,CS_47,2.9249026472923383,1.9499350981948922,
N295,3,CS_46,3.7548986982856594,2.5032657988571065,
N295,4,CS_34,3.9506856256511176,2.633790417100745,
N295,5,CS_3,5.334598552728638,3.5397710110812928,
N295,6,CS_44,5.672735277460328,3.781823518306886,
N295,7,CS_45,6.284575017215147,4.189716678143431,
N296,1,CS_3,2.9210473681016236,1.9307368879966171,
N296,2,CS_46,3.166422630383254,2.110948420255502,
N296,3,CS_45,3.766215208785656,2.5108101391904376,
N296,4,CS_70,3.9312664587433215,2.61617281053243,
N296,5,CS_54,4.610482230176149,3.0469680377227344,
N296,6,CS_42,4.813173096216829,3.162018353816614,
N296,7,CS_52,4.919664329069476,3.2360993297681073,
N297,1,CS_46,2.8018312746648015,1.867887516443201,
N297,2,CS_3,3.6530488635636336,2.4187378849712906,
N297,3,CS_45,4.4982167042476675,2.998811136165111,
N297,4,CS_50,4.511098875247618,2.943861300010546,
N297,5,CS_70,4.663267954205332,3.1041738075071033,
N297,6,CS_54,5.342483725638159,3.5349690346974074,
N297,7,CS_42,5.5451745916788395,3.650019350791287,
N298,1,CS_46,2.717133260531605,1.8114221736877363,
N298,2,CS_3,3.737746877696831,2.4752032277267557,
N298,3,CS_50,4.426400861114422,2.887395957255081,
N298,4,CS_45,4.582914718380865,3.0552764789205757,
N298,5,CS_70,4.747965968338529,3.1606391502625675,
N298,6,CS_54,5.427181739771356,3.5914343774528725,
N298,7,CS_42,5.629872605812037,3.706484693546752,
N299,1,CS_46,2.15733018341773,1.4382201222784865,
N299,2,CS_50,3.8665977840005468,2.5141939058458314,
N299,3,CS_3,4.297549954810705,2.8484052791360055,
N299,4,CS_45,5.14271779549474,3.428478530329826,
N299,5,CS_42,5.244529225275102,3.4495891065221285,
N299,6,CS_70,5.307769045452404,3.5338412016718177,
N299,7,CS_47,5.874618584780102,3.9164123898534,
N300,1,CS_46,1.7003112205407533,1.1335408136938354,
N300,2,CS_50,4.323616746877523,2.818873214430482,
N300,3,CS_3,4.720459651007527,3.130345076600553,
N300,4,CS_42,4.787510262398126,3.144909797937477,
N300,5,CS_47,5.417599621903125,3.611733081268749,
N300,6,CS_45,5.599736758371716,3.7331578389144764,
N300,7,CS_70,5.76478800832938,3.838520510256469,
N301,1,CS_45,1.3446349071277002,0.8964232714184668,
N301,2,CS_54,3.5283067868720304,2.3255177421866553,
N301,3,CS_52,3.8374888857653575,2.5146490342320282,
N301,4,CS_53,3.920910452199542,2.570263411854818,
N301,5,CS_3,4.453259228573065,2.952211461644245,
N301,6,CS_70,4.46324644043483,2.9708261316601012,
N301,7,CS_46,5.588002932041209,3.7253352880274733,
N302,1,CS_45,2.4885230332010173,1.659015355467345,
N302,2,CS_3,3.3093711024997483,2.1896193775953674,
N302,3,CS_54,4.672194912945349,3.088109826235533,
N302,4,CS_52,4.981377011838675,3.2772411182809065,
N302,5,CS_53,5.0647985782728595,3.3328554959036962,
N302,6,CS_70,5.6071345665081465,3.73341821570898,
N302,7,CS_46,6.457931813078269,4.305287875385513,
N303,1,CS_45,1.913784358619004,1.275856239079336,
N303,2,CS_3,3.8841097770817616,2.572778493983376,
N303,3,CS_54,4.097456238363335,2.7049507098475245,
N303,4,CS_52,4.406638337256662,2.8940820018928974,
N303,5,CS_53,4.490059903690846,2.949696379515687,
N303,6,CS_70,5.032395891926133,3.3502590993209704,
N303,7,CS_46,6.157152383532513,4.1047682556883425,
N304,1,CS_45,2.1617983967269754,1.441198931151317,
N304,2,CS_3,4.1321238151897335,2.738121186055357,
N304,3,CS_54,4.345470276471307,2.8702934019195054,
N304,4,CS_52,4.654652375364633,3.0594246939648784,
N304,5,CS_53,4.738073941798818,3.115039071587668,
N304,6,CS_70,5.2804099300341045,3.5156017913929514,
N304,7,CS_46,6.405166421640485,4.270110947760323,
N305,1,CS_3,1.4170503320519392,0.9280721972968277,
N305,2,CS_45,4.380843803648827,2.9205625357658844,
N305,3,CS_46,4.5656110426304615,3.0437406950869743,
N305,4,CS_70,4.8456160926739456,3.2257392331528454,
N305,5,CS_54,5.524831864106773,3.6565344603431496,
N305,6,CS_52,5.834013963000099,3.845665752388523,
N305,7,CS_53,5.917435529434283,3.9012801300113127,
N306,1,CS_3,1.7927374469141086,1.1785302738716072,
N306,2,CS_46,4.189923927768292,2.793282618512195,
N306,3,CS_45,4.304877727854111,2.8699184852360737,
N306,4,CS_70,4.469928977811776,2.9752811565780655,
N306,5,CS_54,5.149144749244604,3.40607638376837,
N306,6,CS_52,5.458326848137929,3.5952076758137435,
N306,7,CS_53,5.541748414572114,3.650822053436533,
N307,1,CS_46,3.42667369274892,2.28444912849928,
N307,2,CS_50,5.1359412933317365,3.3604229120666247,
N307,3,CS_3,5.566893464141897,3.6946342853567984,
N307,4,CS_45,6.412061304825929,4.274707536550619,
N307,5,CS_42,6.513872734606292,4.295818112742922,
N307,6,CS_70,6.577112554783594,4.3800702078926115,
N307,7,CS_47,7.143962094111291,4.762641396074193,
N308,1,CS_46,2.5500710731070537,1.700047382071369,
N308,2,CS_50,6.466531849176937,4.247483282630091,
N308,3,CS_3,6.897484019987097,4.581694655920264,
N308,4,CS_42,7.289738851573243,4.813062190720889,
N308,5,CS_45,7.742651860671129,5.1617679071140845,
N308,6,CS_70,7.907703110628794,5.267130578456077,
N308,7,CS_47,7.919828211078242,5.27988547405216,
N309,1,CS_73,3.6010642549297316,2.348837602464363,
N309,2,CS_74,4.109760303853951,2.739840202569301,
N309,3,CS_37,4.53021222890103,2.9382469549177723,
N309,4,CS_54,4.6169053603578565,3.051250124510539,
N309,5,CS_45,4.914303014841884,3.2762020098945888,
N309,6,CS_52,4.9260874592511845,3.240381416555912,
N309,7,CS_53,5.009509025685369,3.295995794178702,
N310,1,CS_73,4.040972426217364,2.6421097166561176,
N310,2,CS_45,4.474394843554252,2.982929895702834,
N310,3,CS_74,4.5496684751415835,3.033112316761055,
N310,4,CS_37,4.970120400188661,3.231519069109527,
N310,5,CS_54,5.0568135316454885,3.3445222387022935,
N310,6,CS_52,5.365995630538815,3.5336535307476664,
N310,7,CS_53,5.449417196972999,3.589267908370456,
N311,1,CS_72,4.543272276515144,2.865958022778646,
N311,2,CS_74,7.8117155051626685,5.207810336775112,
N311,3,CS_75,11.738773198198917,7.7840901189761595,
N311,4,CS_27,11.82012372297385,7.880082481982566,
N311,5,CS_63,11.876323841645526,7.897473558636261,
N311,6,CS_65,12.004169375582467,7.961020903898526,
N311,7,CS_39,12.043001643375275,7.964312422651647,
N312,1,CS_74,1.6696158989523218,1.1130772659682144,
N312,2,CS_73,6.041208659831362,3.9756005390654496,
N312,3,CS_37,6.970356633802659,4.5650098915188595,
N312,4,CS_54,7.057049765259487,4.678013061111625,
N312,5,CS_45,7.354447419743513,4.9029649464956755,
N312,6,CS_52,7.366231864152813,4.867144353156998,
N312,7,CS_53,7.449653430586998,4.922758730779788,
N313,1,CS_51,2.193435411376089,1.4087454528419985,
N313,2,CS_48,2.655430742942796,1.7037081227274016,
N313,3,CS_21,2.9956834585441974,1.9391531739856536,
N313,4,CS_38,3.85467062315048,2.5697804154336534,
N313,5,,5.378920566856168,3.5745338506070277,
N313,6,CS_22,5.423036704094591,3.6039446087659766,
N313,7,CS_36,7.403116652743265,4.895524994383778,
N314,1,,0.8431993660268589,0.5507197167208208,
N314,2,CS_22,0.8873155032652817,0.5801304748797694,
N314,3,CS_38,1.0993817065185225,0.732921137679015,
N314,4,CS_36,2.8673954519139544,1.8717108604975714,
N314,5,CS_8,3.6730249215117046,2.3958673496136282,
N314,6,CS_21,3.698045935965511,2.4073948255998627,
N314,7,CS_49,5.645952035339768,3.7639680235598445,
N315,1,,0.4775328267412805,0.3069420238637686,
N315,2,CS_22,0.5216489639797034,0.33635278202271723,
N315,3,CS_38,1.9538475803849646,1.3025650535899764,
N315,4,CS_36,2.0129295780475123,1.30206694458661,
N315,5,CS_8,2.8185590476452624,1.8262234337026666,
N315,6,CS_21,4.552511809831953,2.977038741510824,
N315,7,CS_49,4.791486161473325,3.1943241076488835,
N316,1,,0.23313315945084861,0.144008912336814,
N316,2,CS_22,0.2772492966892715,0.17341967049576262,
N316,3,CS_38,1.7094479130945328,1.1396319420630219,
N316,4,CS_36,2.257329245337944,1.4650000561135648,
N316,5,CS_8,3.0629587149356943,1.9891565452296212,
N316,6,CS_21,4.30811214254152,2.8141056299838696,
N316,7,CS_49,5.035885828763757,3.357257219175838,
N317,1,CS_36,1.6878927808895101,1.0853757464812752,
N317,2,CS_49,2.515085932774556,1.6767239551830373,
N317,3,,2.75393305544005,1.8245421763296148,
N317,4,CS_22,2.798049192678473,1.8539529344885632,
N317,5,CS_68,3.848236255888707,2.509776961944185,
N317,6,CS_38,4.230247809083734,2.8201652060558224,
N317,7,CS_8,5.094959276344032,3.343823586168513,
N318,1,CS_49,1.0404714097648806,0.6936476065099203,
N318,2,CS_66,3.3775312118292553,2.2516874745528366,
N318,3,CS_36,3.861117933485727,2.534192514878753,
N318,4,CS_27,3.9033028586440444,2.602201905762696,
N318,5,CS_64,3.909872796517665,2.6065818643451095,
N318,6,CS_1,3.9727792769283883,2.630109574660922,
N318,7,,4.927158208036267,3.2733589447270925,
N319,1,CS_27,1.15562820200745,0.7704188013383,
N319,2,CS_64,2.421672716211747,1.6144484774744976,
N319,3,CS_66,2.6031139048430334,1.7354092698953556,
N319,4,CS_75,3.543668339261695,2.320686879684679,
N319,5,CS_63,3.6812189827083044,2.4340703193447815,
N319,6,CS_65,3.8090645166452455,2.4976176646070463,
N319,7,CS_39,3.847896784438054,2.500909183360167,
N320,1,CS_27,1.3563849834441275,0.9042566556294183,
N320,2,CS_64,2.2209159347750695,1.480610623183379,
N320,3,CS_66,2.7330513404957553,1.8220342269971699,
N320,4,CS_75,3.7444251206983727,2.4545247339757976,
N320,5,CS_63,3.881975764144982,2.5679081736359,
N320,6,CS_65,4.009821298081923,2.6314555188981648,
N320,7,CS_39,4.048653565874732,2.6347470376512856,
N321,1,CS_27,0.20785697759372265,0.1385713183958151,
N321,2,CS_66,1.6553426804293059,1.1035617869528707,
N321,3,CS_64,1.7327236053440438,1.1551490702293623,
N321,4,CS_75,2.5958971148479684,1.6888393967421946,
N321,5,CS_63,2.7334477582945773,1.8022228364022965,
N321,6,CS_65,2.861293292231519,1.8657701816645615,
N321,7,CS_39,2.9001255600243274,1.8690617004176826,
N322,1,CS_64,1.2831430159460566,0.8554286772973709,
N322,2,CS_27,1.676123150540789,1.1174154336938593,
N322,3,CS_66,1.7952784216667426,1.1968522811111617,
N322,4,CS_29,3.729744651516917,2.4864964343446117,
N322,5,CS_75,4.064163287795035,2.6676835120402385,
N322,6,CS_63,4.201713931241644,2.781066951700341,
N322,7,CS_65,4.329559465178585,2.8446142969626056,
N323,1,CS_64,2.0196730055554113,1.3464486703702738,
N323,2,CS_27,2.412653140150143,1.6084354267667622,
N323,3,CS_66,2.531808411276097,1.6878722741840648,
N323,4,CS_29,4.466274641126272,2.9775164274175148,
N323,5,CS_75,4.80069327740439,3.1587035051131416,
N323,6,CS_63,4.938243920850998,3.272086944773244,
N323,7,CS_65,5.0660894547879405,3.3356342900355087,
N324,1,CS_64,2.0293575910093242,1.3529050606728825,
N324,2,CS_29,2.1940113747130203,1.4626742498086802,
N324,3,CS_66,2.4925250055973875,1.661683337064925,
N324,4,CS_27,2.716898327702181,1.811265551801454,
N324,5,CS_35,3.2750310742211166,2.1833540494807444,
N324,6,CS_49,3.73093337224779,2.48728891483186,
N324,7,CS_1,4.044872306891777,2.6781715946365137,
N325,1,CS_64,1.7663959540088423,1.1775973026725612,
N325,2,CS_27,2.453936690701699,1.635957793801133,
N325,3,CS_29,2.4569730117135022,1.6379820078090015,
N325,4,CS_66,2.573091961827653,1.7153946412184355,
N325,5,CS_35,3.5379927112215985,2.3586618074810657,
N325,6,CS_49,3.9938950092482717,2.6625966728321813,
N325,7,CS_1,4.307833943892258,2.853479352636835,
N326,1,CS_64,3.371411437369276,2.2476076249128507,
N326,2,CS_27,3.79249698909581,2.528331326063874,
N326,3,CS_66,3.9116522602217643,2.6077681734811757,
N326,4,CS_29,4.541645454321282,3.0277636362141878,
N326,5,CS_15,5.117586725048957,3.4117244833659717,
N326,6,CS_57,5.3913928183428705,3.594261878895247,
N326,7,CS_56,5.473644924964685,3.649096616643123,
N327,1,CS_64,4.001016275996681,2.667344183997787,
N327,2,CS_27,4.422101827723217,2.948067885148811,
N327,3,CS_15,4.487981886421551,2.9919879242810343,
N327,4,CS_66,4.54125709884917,3.0275047325661135,
N327,5,CS_57,4.761787979715464,3.17452531981031,
N327,6,CS_56,4.844040086337278,3.2293600575581856,
N327,7,CS_55,4.848667033623925,3.2324446890826173,
N328,1,CS_64,3.055696447478394,2.037130964985596,
N328,2,CS_57,3.1732541805585917,2.1155027870390612,
N328,3,CS_29,3.2203502311820906,2.146900154121394,
N328,4,CS_56,3.2555062871804057,2.170337524786937,
N328,5,CS_66,3.518863862066458,2.3459092413776386,
N328,6,CS_27,3.743237184171251,2.4954914561141677,
N328,7,CS_35,4.301369930690187,2.867579953793458,
N329,1,CS_57,2.6524520622084475,1.768301374805632,
N329,2,CS_56,2.7347041688302616,1.8231361125535077,
N329,3,CS_64,3.5764985658285386,2.384332377219026,
N329,4,CS_29,3.7411523495322347,2.4941015663548236,
N329,5,CS_41,3.8972977263746413,2.547889320400922,
N329,6,CS_15,4.006122899272127,2.6707485995147517,
N329,7,CS_66,4.0396659804166015,2.6931106536110683,
N330,1,CS_57,1.4480147897484574,0.9653431931656382,
N330,2,CS_56,1.530266896370271,1.0201779309135142,
N330,3,CS_41,2.6928604539146512,1.7449311387609288,
N330,4,CS_15,2.801685626812137,1.8677904178747582,
N330,5,CS_29,3.9310140271817766,2.6206760181211846,
N330,6,CS_55,4.021872037180975,2.681248024787317,
N330,7,CS_17,4.136346712114164,2.7072553108939377,
N331,1,CS_57,1.3145808777746981,0.8763872518497988,
N331,2,CS_56,1.3968329843965117,0.9312219895976745,
N331,3,CS_41,2.5594265419408924,1.6559751974450891,
N331,4,CS_15,2.6682517148383775,1.7788344765589188,
N331,5,CS_29,3.7975801152080177,2.531720076805345,
N331,6,CS_55,3.888438125207216,2.5922920834714778,
N331,7,CS_17,4.002912800140405,2.618299369578098,
N332,1,CS_15,3.7735438423806937,2.515695894920463,
N332,2,CS_57,4.047349935674608,2.6982332904497386,
N332,3,CS_56,4.129602042296422,2.7530680281976143,
N332,4,CS_55,4.134228989583068,2.7561526597220456,
N332,5,CS_64,4.715454320037539,3.143636213358359,
N332,6,CS_27,5.136539871764074,3.424359914509383,
N332,7,CS_66,5.255695142890026,3.503796761926685,
N333,1,CS_15,2.018735034090429,1.3458233560602864,
N333,2,CS_57,2.292541127384343,1.5283607515895619,
N333,3,CS_56,2.3747932340061566,1.5831954893374376,
N333,4,CS_55,2.3794201812928035,1.5862801208618689,
N333,5,CS_41,3.537386791550537,2.3079486971848517,
N333,6,CS_43,3.6303728844136938,2.420248589609129,
N333,7,CS_157,4.753730504578559,3.1691536697190394,
N334,1,CS_15,3.156215150185574,2.1041434334570503,
N334,2,CS_57,3.430021243479488,2.286680828986326,
N334,3,CS_56,3.512273350101302,2.3415155667342016,
N334,4,CS_55,3.5169002973879486,2.344600198258633,
N334,5,CS_41,4.674866907645682,3.0662687745816157,
N334,6,CS_43,4.767853000508838,3.178568667005893,
N334,7,CS_64,5.332783012232657,3.5551886748217716,
N335,1,CS_15,2.438330521237432,1.6255536808249547,
N335,2,CS_57,2.712136614531346,1.8080910763542306,
N335,3,CS_56,2.79438872115316,1.8629258141021063,
N335,4,CS_55,2.7990156684398064,1.8660104456265374,
N335,5,CS_41,3.9569822786975397,2.5876790219495205,
N335,6,CS_43,4.049968371560697,2.6999789143737973,
N335,7,CS_157,5.173325991725562,3.4488839944837077,
N336,1,CS_55,2.8404043524236338,1.8936029016157558,
N336,2,CS_15,3.2935568823895145,2.195704588259677,
N336,3,CS_57,3.5673629756834284,2.3782419837889526,
N336,4,CS_56,3.6496150823052425,2.4330767215368283,
N336,5,CS_43,3.9507268046978097,2.63381786979854,
N336,6,CS_157,4.0431627488802775,2.6954418325868508,
N336,7,CS_41,4.812208639849623,3.1578299293842425,
N337,1,CS_55,2.7060628719867,1.8040419146578,
N337,2,CS_15,3.1592154019525807,2.106143601301721,
N337,3,CS_57,3.4330214952464946,2.2886809968309967,
N337,4,CS_56,3.5152736018683086,2.3435157345788724,
N337,5,CS_43,3.816385324260876,2.544256882840584,
N337,6,CS_157,3.908821268443343,2.605880845628895,
N337,7,CS_41,4.677867159412688,3.0682689424262866,
N338,1,CS_16,0.1382009192063776,0.09213394613758506,
N338,2,CS_13,0.5848179860949679,0.3503959188155732,
N338,3,CS_58,4.962898034051764,3.2847692104655173,
N338,4,CS_19,5.182285102794858,3.454856735196572,
N338,5,CS_4,8.398618679596577,5.450299642150235,
N338,6,CS_71,8.69418490261008,5.684161456162258,
N338,7,CS_26,10.073953988461259,6.658495656679701,
N339,1,CS_2,3.698991627083933,2.4659944180559554,
N339,2,CS_26,4.867125014356601,3.187276340609929,
N339,3,CS_46,6.783848688217536,4.5225657921450235,
N339,4,CS_25,7.10317362555015,4.619414511155024,
N339,5,CS_19,8.277870391697,5.5185802611313335,
N339,6,CS_14,10.06257820241252,6.708385468275013,
N339,7,CS_50,10.70030946428742,7.070001692703745,
N340,1,CS_46,3.4965832862784327,2.3310555241856212,
N340,2,CS_2,6.986257029023037,4.657504686015358,
N340,3,CS_50,7.413044062348316,4.878491424744343,
N340,4,CS_3,7.843996233158476,5.212702798034517,
N340,5,CS_26,8.154390416295705,5.3787866085693326,
N340,6,CS_42,8.236251064744621,5.444070332835142,
N340,7,CS_45,8.689164073842509,5.792776049228338,
N341,1,CS_19,1.4278364903251914,0.9518909935501276,
N341,2,CS_16,3.892649531676044,2.5950996877840296,
N341,3,CS_13,4.339266598564635,2.8533616604620176,
N341,4,CS_71,4.939736290140414,3.181195714515812,
N341,5,CS_26,6.319505375991591,4.155529915033256,
N341,6,CS_25,8.55555398718514,5.58766808557835,
N341,7,CS_58,8.71734664652143,5.787734952111961,
N342,1,CS_35,1.070707384807088,0.7138049232047254,
N342,2,CS_29,2.089435757572428,1.3929571717149518,
N342,3,CS_41,4.826535376367397,3.1673810870627586,
N342,4,CS_57,5.2885547773593045,3.5257031849062037,
N342,5,CS_56,5.3708068839811185,3.5805379226540794,
N342,6,CS_64,5.437185424976026,3.6247902833173513,
N342,7,CS_66,5.584549420725101,3.723032947150068,
N343,1,CS_35,0.14818532876143556,0.09879021917429037,
N343,2,CS_29,1.1669137015267754,0.777942467684517,
N343,3,CS_41,3.904013320321744,2.5523663830323233,
N343,4,CS_57,4.366032721313652,2.9106884808757685,
N343,5,CS_56,4.448284827935466,2.965523218623644,
N343,6,CS_64,4.514663368930374,3.009775579286916,
N343,7,CS_66,4.662027364679449,3.108018243119633,
N344,1,CS_29,0.11703966539005739,0.07802644359337159,
N344,2,CS_35,1.1980593648981537,0.7987062432654357,
N344,3,CS_64,3.4647893327936554,2.30985955519577,
N344,4,CS_57,3.5267995471533955,2.351199698102264,
N344,5,CS_56,3.6090516537752095,2.4060344358501395,
N344,6,CS_66,3.6121533285427305,2.4081022190284873,
N344,7,CS_49,4.5924031488942285,3.061602099262819,
N345,1,CS_57,1.2132986298336226,0.808865753222415,
N345,2,CS_56,1.2955507364554362,0.8637004909702908,
N345,3,CS_41,2.4581442939998164,1.5884536988177054,
N345,4,CS_15,2.566969466897302,1.7113129779315348,
N345,5,CS_29,3.6962978672669418,2.4641985781779616,
N345,6,CS_55,3.78715587726614,2.524770584844094,
N345,7,CS_17,3.9016305521993293,2.5507778709507143,
N346,1,CS_57,0.5804199875550669,0.38694665837004455,
N346,2,CS_56,0.6626720941768807,0.4417813961179204,
N346,3,CS_41,1.8252656517212607,1.1665346039653348,
N346,4,CS_15,1.9340908246187465,1.2893938830791645,
N346,5,CS_29,3.0634192249883863,2.042279483325591,
N346,6,CS_55,3.1542772349875845,2.102851489991723,
N346,7,CS_17,3.268751909920774,2.1288587760983435,
N347,1,CS_57,0.3302833515859628,0.22018890105730854,
N347,2,CS_56,0.4125354582077766,0.2750236388051844,
N347,3,CS_41,1.5751290157521567,0.9997768466525988,
N347,4,CS_15,1.6839541886496425,1.1226361257664283,
N347,5,CS_55,2.904140599018481,1.9360937326789873,
N347,6,CS_17,3.0186152739516694,1.9621010187856078,
N347,7,CS_29,3.31355586095749,2.209037240638327,
N348,1,CS_55,0.8496838459195296,0.5664558972796864,
N348,2,CS_43,2.10063654904042,1.4004243660269466,
N348,3,CS_15,2.979731489811536,1.9864876598743577,
N348,4,CS_157,3.2239941692052865,2.1493294461368575,
N348,5,CS_57,3.25353758310545,2.169025055403633,
N348,6,CS_23,3.316130508798974,2.2107536725326495,
N348,7,CS_56,3.335789689727264,2.223859793151509,
N349,1,CS_55,0.8987827168809627,0.5991884779206418,
N349,2,CS_43,1.615613453282533,1.0770756355216888,
N349,3,CS_157,2.7389710734473995,1.8259807156315995,
N349,4,CS_23,2.831107413041087,1.8874049420273915,
N349,5,CS_15,3.464754585569423,2.3098363903796155,
N349,6,CS_57,3.7385606788633368,2.4923737859088915,
N349,7,CS_56,3.820812785485151,2.547208523656767,
N350,1,CS_55,1.0460704177402,0.6973802784934666,
N350,2,CS_43,1.4683257524232958,0.9788838349488639,
N350,3,CS_157,2.5916833725881623,1.7277889150587746,
N350,4,CS_23,2.6838197121818497,1.7892131414545667,
N350,5,CS_15,3.6120422864286605,2.4080281909524404,
N350,6,CS_57,3.885848379722574,2.5905655864817163,
N350,7,CS_56,3.968100486344388,2.645400324229592,
N351,1,CS_157,2.510331368631123,1.6735542457540817,
N351,2,CS_55,2.8695693464915886,1.9130462309943923,
N351,3,CS_43,3.2918246811746843,2.1945497874497897,
N351,4,CS_23,3.779738551574371,2.51982570104958,
N351,5,CS_15,4.086541946428937,2.7243612976192924,
N351,6,CS_57,4.360348039722851,2.906898693148568,
N351,7,CS_56,4.442600146344665,2.9617334308964436,
N352,1,CS_157,2.3630443861577226,1.5753629241051483,
N352,2,CS_55,2.722282364018188,1.8148549093454587,
N352,3,CS_43,3.1445376987012836,2.0963584658008556,
N352,4,CS_23,3.632451569100971,2.421634379400647,
N352,5,CS_15,4.233828928902338,2.822552619268226,
N352,6,CS_57,4.507635022196252,3.0050900147975015,
N352,7,CS_56,4.589887128818066,3.059924752545377,
N353,1,CS_157,1.3891145008921166,0.9260763339280779,
N353,2,CS_55,2.2486392894362455,1.4990928596241635,
N353,3,CS_23,2.658521683835365,1.7723477892235768,
N353,4,CS_43,2.6708946241193408,1.7805964160795609,
N353,5,CS_31,4.7208092731780695,3.116823513629207,
N353,6,CS_15,4.8146111581247055,3.2097407720831375,
N353,7,CS_57,5.088417251418618,3.392278167612413,
N354,1,CS_157,0.7978936361226303,0.5319290907484202,
N354,2,CS_23,2.0673008190658786,1.378200546043919,
N354,3,CS_43,2.253399024844886,1.5022660165632575,
N354,4,CS_55,2.8398601542057316,1.8932401028038213,
N354,5,CS_31,4.1295884084085825,2.7226762704495493,
N354,6,CS_15,5.405832022894192,3.6038880152627946,
N354,7,CS_57,5.679638116188105,3.78642541079207,
N355,1,CS_157,0.5882517461065738,0.3921678307377159,
N355,2,CS_23,1.8576589290498222,1.2384392860332147,
N355,3,CS_43,2.04375713482883,1.3625047565525532,
N355,4,CS_55,3.0495020442217884,2.0330013628145256,
N355,5,CS_31,3.9199465183925266,2.5829150104388447,
N355,6,CS_15,5.615473912910248,3.743649275273499,
N355,7,CS_57,5.889280006204162,3.9261866708027746,
N356,1,CS_23,0.7291448829731543,0.48609658864876953,
N356,2,CS_43,0.9152430887521621,0.610162059168108,
N356,3,CS_157,1.212517109570219,0.8083447397134793,
N356,4,CS_31,2.7914324723158583,1.8305723130543998,
N356,5,CS_55,3.2289984123876794,2.152665608258453,
N356,6,CS_15,5.450814505866188,3.6338763372441254,
N356,7,CS_57,5.724620599160102,3.816413732773401,
N357,1,CS_23,0.8890630547319032,0.5927087031546021,
N357,2,CS_43,1.0751612605109109,0.7167741736739406,
N357,3,CS_157,1.3724352813289677,0.9149568542193119,
N357,4,CS_31,2.951350644074607,1.9371844275602323,
N357,5,CS_55,3.388916584146428,2.2592777227642857,
N357,6,CS_15,5.610732677624937,3.740488451749958,
N357,7,CS_57,5.884538770918851,3.9230258472792334,
N358,1,CS_60,0.6952649501870243,0.4635099667913496,
N358,2,CS_59,0.7278480221134094,0.48523201474227284,
N358,3,CS_10,0.7803990948382282,0.5202660632254854,
N358,4,CS_62,2.7577024359570026,1.8384682906380019,
N358,5,CS_20,3.8325008738419357,2.5550005825612905,
N358,6,CS_11,4.627137648003972,3.0023695814608926,
N358,7,CS_61,6.59348551840054,4.313268161725272,
N359,1,CS_62,1.8956851101536456,1.2637900734357639,
N359,2,CS_10,2.412108984817353,1.608072656544902,
N359,3,CS_20,2.9704835480385787,1.9803223653590525,
N359,4,CS_60,2.9788763679925734,1.985917578661716,
N359,5,CS_59,3.0114594399189585,2.0076396266126393,
N359,6,CS_11,4.094172517384946,2.647059494381541,
N359,7,CS_61,6.060520387781514,3.9579580746459198,
N360,1,CS_62,2.3514981859078445,1.5676654572718962,
N360,2,CS_10,2.867922060571552,1.9119480403810347,
N360,3,CS_20,3.4262966237927777,2.284197749195185,
N360,4,CS_60,3.4346894437467723,2.289792962497849,
N360,5,CS_59,3.4672725156731574,2.311515010448772,
N360,6,CS_11,4.549985593139144,2.950934878217674,
N360,7,CS_61,6.516333463535712,4.261833458482053,
N366,1,CS_24,2.2107210512118405,1.4738140341412271,
N366,2,CS_32,5.64959876475281,3.766399176501873,
N366,3,CS_69,5.951876403418049,3.9679176022787,
N366,4,CS_6,6.529824600661403,4.292878701564983,
N366,5,CS_99,7.309215535640139,4.872810357093427,
N366,6,CS_12,7.497185453489247,4.937796597937683,
N366,7,CS_102,7.892028818757312,5.228759937278443,
N367,1,CS_6,1.0392260073192214,0.661200502841903,
N367,2,CS_12,6.651258494983022,4.345124428761824,
N367,3,CS_24,6.8052213876496435,4.508093394928054,
N367,4,CS_30,8.361842599290092,5.54584086935502,
N367,5,CS_32,10.265044622535704,6.814642218185426,
N367,6,CS_69,10.567322261200944,7.0161606439622535,
N367,7,CS_28,11.217983988199897,7.431529527140297,
N368,1,CS_12,1.0810128439233786,0.712191658577081,
N368,2,CS_30,3.9839966896132792,2.6041543260588744,
N368,3,CS_6,6.609471658378868,4.294133273026647,
N368,4,CS_28,6.840138078523085,4.489842983844151,
N368,5,CS_44,7.455128122477772,4.918241947968536,
N368,6,CS_24,7.730795403873332,5.102020135565577,
N368,7,CS_34,10.609363754735895,7.021065702807284,
N369,1,CS_24,2.941321804303793,1.948108775868401,
N369,2,CS_32,6.380199517844762,4.240693918229047,
N369,3,CS_69,6.682477156510002,4.442212344005875,
N369,4,CS_6,7.260425353753356,4.7671734432921555,
N369,5,CS_99,8.039816288732094,5.3471050988206015,
N369,6,CS_12,8.2277862065812,5.4120913396648564,
N369,7,CS_102,8.622629571849266,5.703054679005617,
N372,1,,0.5037832950600878,0.3221596866572802,
N372,2,CS_22,0.5478994322985107,0.35157044481622873,
N372,3,CS_38,1.980098048703772,1.3177827163834879,
N372,4,CS_36,2.0391800463663197,1.3172846073801217,
N372,5,CS_8,2.792308579326455,1.8110057709091552,
N372,6,CS_21,4.5787622781507595,2.9922564043043356,
N372,7,CS_49,4.817736629792133,3.209541770442395,
N373,1,CS_73,1.2467987980805733,0.8020435648530619,
N373,2,CS_37,2.175946772051872,1.3914529173064718,
N373,3,CS_54,4.6930843273636444,3.0793198355595925,
N373,4,CS_52,5.002266426256971,3.268451127604966,
N373,5,CS_53,5.085687992691155,3.3240655052277557,
N373,6,CS_45,5.85631145901216,3.8814913723866344,
N373,7,CS_74,6.46402576070311,4.286634240180602,
N374,1,CS_73,2.29267267779669,1.4913024929737575,
N374,2,CS_37,3.221820651767988,2.080711845427167,
N374,3,CS_54,3.6472104476475273,2.390060907438897,
N374,4,CS_52,3.9563925465408545,2.5791921994842704,
N374,5,CS_53,4.039814112975039,2.63480657710706,
N374,6,CS_45,4.8104375792960425,3.192232444265939,
N374,7,CS_74,5.4181518809869935,3.5973753120599063,
N375,1,CS_73,2.4125350990803187,1.5607879545874552,
N375,2,CS_37,3.341683073051617,2.1501973070408646,
N375,3,CS_54,3.9508503444689507,2.5660840360310266,
N375,4,CS_52,4.260032443362277,2.7552153280764,
N375,5,CS_53,4.343454009796462,2.8108297056991898,
N375,6,CS_45,5.114077476117465,3.3682555728580685,
N375,7,CS_74,5.721791777808416,3.773398440652036,
N377,1,CS_136,4.460239798246665,2.863567523029529,
N377,2,CS_67,4.461556332566657,2.8644452125761903,
N377,3,CS_40,5.052634783468124,3.2539084182501883,
N377,4,CS_64,5.768026624981152,3.7941092094953834,
N377,5,CS_57,5.885584358061351,3.872481031548849,
N377,6,CS_29,5.932680408684851,3.9038783986311816,
N377,7,CS_56,5.967836464683165,3.9273157692967247,
N378,1,CS_1,1.9727271910907314,1.3151514607271544,
N378,2,CS_49,2.598712031694327,1.714064744504881,
N378,3,CS_66,3.184261512021266,2.1044310647228404,
N378,4,CS_27,3.710033158836055,2.4549454959326997,
N378,5,CS_64,3.716603096709676,2.4593254545151133,
N378,6,CS_29,4.19476548303801,2.778100378734003,
N378,7,CS_35,5.275785182546105,3.4987801784060673,
N379,1,CS_1,1.400671728490497,0.9337811523269981,
N379,2,CS_49,2.0266565690940928,1.3326944361047246,
N379,3,CS_66,2.6122060494210317,1.723060756322684,
N379,4,CS_27,3.137977696235821,2.073575187532543,
N379,5,CS_64,3.1445476341094416,2.0779551461149572,
N379,6,CS_29,3.622710020437775,2.3967300703338466,
N379,7,CS_35,4.703729719945871,3.1174098700059107,
N380,1,CS_3,3.3363291141783975,2.2075913853811335,
N380,2,CS_46,3.581704376460028,2.387802917640019,
N380,3,CS_45,4.135862036313653,2.7572413575424353,
N380,4,CS_70,4.300913286271318,2.862604028884427,
N380,5,CS_54,4.980129057704145,3.2933992560747316,
N380,6,CS_42,5.228454842293603,3.43887285120113,
N380,7,CS_52,5.2893111565974715,3.4825305481201045,
N381,1,CS_3,5.33484578392946,3.525210433411238,
N381,2,CS_46,5.580221046211089,3.705421965670123,
N381,3,CS_45,6.134378706064714,4.074860405572539,
N381,4,CS_70,6.29942995602238,4.180223076914531,
N381,5,CS_54,6.978645727455206,4.611018304104836,
N381,6,CS_42,7.226971512044664,4.756491899231235,
N381,7,CS_52,7.287827826348532,4.8001495961502085,
N382,1,CS_3,4.507435692961156,2.9736037060990355,
N382,2,CS_46,4.7528109552427855,3.1538152383579208,
N382,3,CS_45,5.306968615096411,3.523253678260337,
N382,4,CS_70,5.472019865054075,3.6286163496023294,
N382,5,CS_54,6.151235636486902,4.059411576792634,
N382,6,CS_42,6.399561421076362,4.204885171919032,
N382,7,CS_52,6.4604177353802275,4.2485428688380065,
N383,1,CS_71,2.1744386610232134,1.419695308735406,
N383,2,CS_19,4.193134119442393,2.7133913993305345,
N383,3,CS_16,6.6579471607932454,4.3566000935644364,
N383,4,CS_13,7.104564227681835,4.6148620662424245,
N383,5,CS_26,9.084803005108792,5.917030320813664,
N383,6,CS_25,11.320851616302342,7.349168491358758,
N383,7,CS_58,11.48264427563863,7.5492353578923685,
N384,1,CS_71,3.115442747892505,2.0470313666482673,
N384,2,CS_19,3.2521300325731,2.086055341417673,
N384,3,CS_16,5.716943073923953,3.729264035651575,
N384,4,CS_13,6.163560140812542,3.987526008329563,
N384,5,CS_26,8.143798918239499,5.289694262900802,
N384,6,CS_25,10.379847529433048,6.721832433445896,
N384,7,CS_58,10.541640188769339,6.921899299979507,
N387,1,CS_57,1.3777773420466812,0.918518228031121,
N387,2,CS_56,1.4600294486684953,0.9733529657789968,
N387,3,CS_29,2.2660618704967717,1.5107079136645143,
N387,4,CS_41,2.6226230062128755,1.6981061736264114,
N387,5,CS_15,2.731448179110361,1.820965452740241,
N387,6,CS_35,3.347081570004868,2.2313877133365785,
N387,7,CS_55,3.951634589479199,2.6344230596528,
N388,1,CS_3,2.5425001688504802,1.6783720884958548,
N388,2,CS_46,3.4401612058319206,2.293440803887947,
N388,3,CS_45,4.1447624080368,2.7631749386912,
N388,4,CS_70,4.309813657994465,2.868537610033192,
N388,5,CS_54,4.989029429427292,3.299332837223496,
N388,6,CS_42,5.086911671665496,3.344510737449058,
N388,7,CS_52,5.298211528320619,3.4884641292688694,
N389,1,CS_24,3.85075904263945,2.5671726950929665,
N389,2,CS_6,5.870203001126232,3.853130968541535,
N389,3,CS_12,6.837563853954076,4.498048864914234,
N389,4,CS_32,7.310582277525509,4.87372151835034,
N389,5,CS_69,7.612859916190748,5.075239944127167,
N389,6,CS_30,8.548147958261147,5.698765305507431,
N389,7,CS_99,8.97019904841284,5.980132698941894,
N390,1,CS_24,5.8784368893518035,3.918957926234535,
N390,2,CS_6,7.897880847838584,5.204916199683103,
N390,3,CS_12,8.865241700666427,5.849834096055804,
N390,4,CS_32,9.338260124237864,6.225506749491909,
N390,5,CS_69,9.640537762903104,6.427025175268737,
N390,6,CS_30,10.5758258049735,7.050550536648999,
N390,7,CS_99,10.997876895125195,7.331917930083463,
N391,1,CS_62,3.630234348867944,2.4201562325786297,
N391,2,CS_10,4.146658223531651,2.764438815687768,
N391,3,CS_20,4.705032786752877,3.1366885245019183,
N391,4,CS_60,4.713425606706873,3.142283737804582,
N391,5,CS_59,4.746008678633258,3.1640057857555055,
N391,6,CS_11,5.8287217560992435,3.8034256535244073,
N391,7,CS_61,7.7950696264958115,5.114324233788786,
N392,1,CS_66,0.33430683582642595,0.222871223884284,
N392,2,CS_64,1.2769964183539586,0.8513309455693059,
N392,3,CS_27,1.5288928221966027,1.0192618814644019,
N392,4,CS_29,3.3948861581063623,2.263257438737575,
N392,5,CS_49,3.500491703258749,2.3336611355058325,
N392,6,CS_1,3.6785709420851025,2.433970684765398,
N392,7,CS_75,3.89508816250284,2.554966761845442,
N393,1,CS_157,2.980549202674553,1.9836969539836649,
N393,2,CS_55,3.3397871805350183,2.2231889392239754,
N393,3,CS_43,3.7620425152181145,2.504692495679372,
N393,4,CS_23,4.249956385617801,2.8299684092791635,
N393,5,CS_15,4.556759780472368,3.0345040058488753,
N393,6,CS_57,4.8305658737662815,3.2170414013781508,
N393,7,CS_56,4.912817980388096,3.2718761391260265,
N394,1,CS_157,2.8315822627612346,1.884385660708119,
N394,2,CS_55,3.1908202406217,2.123877645948429,
N394,3,CS_43,3.613075575304796,2.405381202403827,
N394,4,CS_23,4.100989445704482,2.7306571160036173,
N394,5,CS_15,4.40779284055905,2.93519271257333,
N394,6,CS_57,4.681598933852963,3.1177301081026054,
N394,7,CS_56,4.763851040474777,3.172564845850481,
N395,1,CS_62,2.766664309638993,1.837592300743058,
N395,2,CS_10,3.2830881843027004,2.1818748838521964,
N395,3,CS_20,3.8414627475239262,2.5541245926663465,
N395,4,CS_60,3.849855567477921,2.55971980596901,
N395,5,CS_59,3.882438639404306,2.5814418539199337,
N395,6,CS_11,4.965151716870292,3.2208617216888356,
N395,7,CS_61,6.93149958726686,4.531760301953215,
N396,1,CS_62,2.0163870242906086,1.337407443844135,
N396,2,CS_10,2.5328108989543163,1.681690026953273,
N396,3,CS_20,3.0911854621755417,2.0539397357674236,
N396,4,CS_60,3.099578282129537,2.059534949070087,
N396,5,CS_59,3.132161354055922,2.0812569970210104,
N396,6,CS_11,4.214874431521908,2.720676864789912,
N396,7,CS_61,6.181222301918476,4.031575445054291,
N397,1,CS_41,0.1431410989114552,0.09542739927430346,
N397,2,CS_17,1.5866273571109684,1.0577515714073122,
N397,3,CS_57,1.7622712684266642,1.124538348435604,
N397,4,CS_56,1.8445233750484782,1.1793730861834797,
N397,5,CS_15,3.1159421054903436,2.026985573144724,
N397,6,CS_35,3.9090575501717244,2.555729202932311,
N397,7,CS_55,4.3361285158591825,2.840443180057283,
N398,1,CS_17,0.7246768728678512,0.4831179152452342,
N398,2,CS_41,1.0050915831545724,0.6700610554363815,
N398,3,CS_57,2.6242217526697815,1.699172004597682,
N398,4,CS_56,2.7064738592915956,1.7540067423455576,
N398,5,CS_15,3.9778925897334614,2.601619229306802,
N398,6,CS_35,4.771008034414842,3.130362859094389,
N398,7,CS_55,5.1980790001023,3.415076836219361,
N399,1,CS_24,7.723587296646341,5.121260983977042,
N399,2,CS_32,8.65662303907483,5.743284812262703,
N399,3,CS_69,8.958900677740072,5.9448032380395315,
N399,4,CS_99,10.316239809962163,6.849695992854258,
N399,5,CS_102,10.899053093079337,7.205645573039274,
N399,6,CS_105,13.084509074319204,8.635310452729042,
N399,7,CS_33,13.150447342633504,8.655103453963374,
N400,1,CS_24,5.821646325820223,3.85330033675963,
N400,2,CS_32,6.754682068248712,4.475324165045291,
N400,3,CS_69,7.056959706913951,4.676842590822119,
N400,4,CS_99,8.414298839136043,5.5817353456368455,
N400,5,CS_102,8.997112122253215,5.937684925821862,
N400,6,CS_105,11.182568103493082,7.36734980551163,
N400,7,CS_33,11.248506371807382,7.387142806745961,
N401,1,CS_60,21.546663953200454,14.346634875685455,
N401,2,CS_59,21.57924702512684,14.368356923636378,
N401,3,CS_10,21.631798097851657,14.40339097211959,
N401,4,CS_62,23.609101438970438,15.721593199532107,
N401,5,CS_20,24.68389987685537,16.438125491455395,
N401,6,CS_11,25.478536651017404,16.885494490354997,
N401,7,CS_61,27.44488452141397,18.196393070619376,
N402,1,CS_60,19.669705764085855,13.095329416275723,
N402,2,CS_59,19.702288836012237,13.117051464226646,
N402,3,CS_10,19.754839908737058,13.152085512709858,
N402,4,CS_62,21.732143249855838,14.470287740122375,
N402,5,CS_20,22.80694168774077,15.186820032045663,
N402,6,CS_11,23.601578461902804,15.634189030945265,
N402,7,CS_61,25.567926332299372,16.94508761120964,
N403,1,CS_12,4.827657456351138,3.1581112665122757,
N403,2,CS_30,4.935970515736596,3.290647010491064,
N403,3,CS_28,7.792111904646402,5.17633566827634,
N403,4,CS_44,8.407101948601088,5.604734632400724,
N403,5,CS_6,9.163716529423795,6.0488066540732435,
N403,6,CS_24,10.285040274918261,6.856693516612175,
N403,7,CS_34,11.561337580859211,7.707558387239472,
N404,1,CS_12,3.9674650544337857,2.5846496652340414,
N404,2,CS_30,4.0757781138192435,2.7171854092128287,
N404,3,CS_28,6.931919502729049,4.602874066998106,
N404,4,CS_44,7.546909546683736,5.03127303112249,
N404,5,CS_6,8.303524127506444,5.475345052795008,
N404,6,CS_24,9.424847873000909,6.28323191533394,
N404,7,CS_34,10.701145178941857,7.134096785961238,
N405,1,CS_28,6.074116802207942,4.108520457325493,
N405,2,CS_44,6.369711522443158,4.323989205636898,
N405,3,CS_34,9.52394715470128,6.426812960475645,
N405,4,CS_47,9.72494197250997,6.560809505681439,
N405,5,CS_30,10.214694593787998,6.887311253200124,
N405,6,CS_12,12.234418088620927,8.173466545366932,
N405,7,CS_42,12.780915943172435,8.551361775795142,
N406,1,CS_28,5.1438338585874765,3.4108169709037246,
N406,2,CS_44,5.439428578822692,3.626285719215129,
N406,3,CS_34,8.593664211080815,5.729109474053876,
N406,4,CS_47,8.794659028889505,5.8631060192596705,
N406,5,CS_30,9.284411650167533,6.189607766778356,
N406,6,CS_12,11.304135145000462,7.475763058945161,
N406,7,CS_42,11.85063299955197,7.8536582893733735,
N407,1,CS_70,1.6320086135492566,1.08333424706972,
N407,2,CS_45,2.397872220379377,1.5985814802529181,
N407,3,CS_54,3.1485518867521405,2.0723478087733946,
N407,4,CS_52,3.4577339856454676,2.261479100818768,
N407,5,CS_53,3.541155552079652,2.3170934784415578,
N407,6,CS_3,4.6306578111766274,3.0704771833799525,
N407,7,CS_46,5.465680475577318,3.643786983718212,
N408,1,CS_73,4.447444862014045,2.9130913405205723,
N408,2,CS_45,4.880867279350934,3.253911519567289,
N408,3,CS_74,4.956140910938265,3.30409394062551,
N408,4,CS_37,5.376592835985343,3.5025006929739817,
N408,5,CS_54,5.46328596744217,3.6155038625667477,
N408,6,CS_52,5.772468066335496,3.8046351546121207,
N408,7,CS_53,5.8558896327696806,3.8602495322349104,
N409,1,CS_49,1.4616114937662286,0.974407662510819,
N409,2,CS_66,3.1901103230008263,2.126740215333884,
N409,3,CS_27,3.7158819698156154,2.4772546465437433,
N409,4,CS_64,3.722451907689236,2.481634605126157,
N409,5,CS_1,3.9313425707332548,2.6024851038641663,
N409,6,CS_36,4.865462099996035,3.203755292552292,
N409,7,CS_29,5.676033877629433,3.7840225850862885,
N410,1,CS_64,0.7469668824007203,0.49797792160048016,
N410,2,CS_66,1.6976152703316285,1.1317435135544192,
N410,3,CS_27,1.7173411844436208,1.1448941229624139,
N410,4,CS_29,3.476402083321624,2.317601388881083,
N410,5,CS_75,4.105381321697866,2.695162201308793,
N410,6,CS_63,4.242931965144475,2.8085456409688954,
N410,7,CS_65,4.3707774990814166,2.87209298623116,
N411,1,,0.6104717001855393,0.39556793949327457,
N411,2,CS_22,0.6545878374239622,0.4249786976522231,
N411,3,CS_38,2.0867864538292236,1.3911909692194824,
N411,4,CS_36,2.634667786072635,1.7165590832700253,
N411,5,CS_8,3.440297255670385,2.2407155723860814,
N411,6,CS_21,4.685450683276211,3.06566465714033,
N411,7,CS_49,5.413224369498447,3.6088162463322986,
N412,1,CS_157,3.0408500325918233,2.0272333550612154,
N412,2,CS_55,3.400088010452289,2.266725340301526,
N412,3,CS_43,3.8223433451353848,2.5482288967569233,
N412,4,CS_23,4.310257215535072,2.873504810356714,
N412,5,CS_15,4.911634575336439,3.2744230502242933,
N412,6,CS_57,5.185440668630353,3.4569604457535688,
N412,7,CS_56,5.267692775252167,3.5117951835014445,
N413,1,CS_3,2.4718828816992073,1.631293897061673,
N413,2,CS_45,3.6257322930690115,2.417154862046008,
N413,3,CS_70,3.7907835430266763,2.5225175333879997,
N413,4,CS_46,4.176842005093422,2.784561336728948,
N413,5,CS_54,4.469999314459505,2.9533127605783043,
N413,6,CS_52,4.779181413352831,3.142444052623677,
N413,7,CS_53,4.862602979787016,3.198058430246467,
N414,1,CS_27,1.3999544455567146,0.9333029637044763,
N414,2,CS_66,2.8474401483922978,1.898293432261532,
N414,3,CS_64,2.8869179896242865,1.9246119930828576,
N414,4,CS_75,3.78799458281096,2.4835710420508557,
N414,5,CS_63,3.925545226257569,2.596954481710958,
N414,6,CS_65,4.05339076019451,2.660501826973223,
N414,7,CS_39,4.092223027987319,2.6637933457263436,
N415,1,CS_60,3.677188121615414,2.430704296224045,
N415,2,CS_59,3.709771193541799,2.452426344174968,
N415,3,CS_10,3.7623222662666183,2.4874603926581806,
N415,4,CS_62,5.739625607385394,3.805662620070697,
N415,5,CS_20,6.814424045270327,4.522194911993985,
N415,6,CS_11,7.6090608194323615,4.969563910893587,
N415,7,CS_61,9.57540868982893,6.280462491157967,
N416,1,CS_60,4.949503666051413,3.2789146591813765,
N416,2,CS_59,4.982086737977798,3.3006367071323,
N416,3,CS_10,5.034637810702616,3.3356707556155127,
N416,4,CS_62,7.011941151821392,4.6538729830280285,
N416,5,CS_20,8.086739589706324,5.370405274951318,
N416,6,CS_11,8.88137636386836,5.81777427385092,
N416,7,CS_61,10.847724234264929,7.128672854115299,
N417,1,CS_15,2.446623599579534,1.6310823997196895,
N417,2,CS_57,2.7204296928734477,1.813619795248965,
N417,3,CS_56,2.8026817994952617,1.8684545329968407,
N417,4,CS_55,2.8073087467819082,1.871539164521272,
N417,5,CS_41,3.9652753570396415,2.593207740844255,
N417,6,CS_43,4.0582614499027985,2.705507633268532,
N417,7,CS_157,4.9445619191196215,3.2963746127464146,
N418,1,CS_12,5.77509597230576,3.7897369438153574,
N418,2,CS_30,5.883409031691217,3.9222726877941456,
N418,3,CS_28,8.739550420601024,5.807961345579423,
N418,4,CS_44,9.354540464555708,6.236360309703807,
N418,5,CS_6,10.11115504537842,6.680432331376325,
N418,6,CS_24,11.232478790872884,7.488319193915257,
N418,7,CS_34,12.50877609681383,8.339184064542554,
N419,1,CS_60,2.316690987109172,1.5444606580727813,
N419,2,CS_59,2.349274059035557,1.5661827060237046,
N419,3,CS_10,2.401825131760376,1.6012167545069174,
N419,4,CS_62,4.379128472879151,2.9194189819194336,
N419,5,CS_20,5.453926910764084,3.635951273842722,
N419,6,CS_11,6.24856368492612,4.083320272742324,
N419,7,CS_61,8.214911555322688,5.394218853006704,
N420,1,CS_46,3.331727963192534,2.221151975461689,
N420,2,CS_3,4.1829455520913665,2.772002343989779,
N420,3,CS_45,5.028113392775399,3.3520755951835994,
N420,4,CS_50,5.0409955637753505,3.2971257590290337,
N420,5,CS_70,5.193164642733064,3.4574382665255916,
N420,6,CS_54,5.872380414165892,3.8882334937158958,
N420,7,CS_42,6.075071280206572,4.003283809809775,
N421,1,CS_28,1.4085473420084924,0.9206259598510678,
N421,2,CS_44,1.6585141017630565,1.1056760678420376,
N421,3,CS_34,4.812749734021177,3.2084998226807855,
N421,4,CS_47,5.01374455182987,3.3424963678865796,
N421,5,CS_30,5.549125133588548,3.699416755725699,
N421,6,CS_12,7.568848628421479,4.9855720478925045,
N421,7,CS_42,8.069718522492334,5.333048638000283,
N422,1,CS_51,2.4272318228242167,1.5646097271407504,
N422,2,CS_48,2.889227154390924,1.859572397026153,
N422,3,CS_21,3.229479869992325,2.095017448284405,
N422,4,CS_38,4.088467034598608,2.7256446897324054,
N422,5,,5.612716978304296,3.7303981249057787,
N422,6,CS_22,5.656833115542719,3.7598088830647276,
N422,7,CS_36,7.6369130641913925,5.05138926868253,
N424,1,CS_33,0.8500819651511637,0.5425554657922405,
N424,2,CS_103,0.8875184093447193,0.529791644354282,
N424,3,CS_104,0.8875184093447193,0.529791644354282,
N424,4,CS_102,1.6195787177238592,1.0524133706790955,
N424,5,CS_105,1.7008452817087618,1.1338968544725079,
N424,6,CS_69,5.218143968360104,3.418864262543493,
N424,7,CS_99,6.022236597160948,3.9549260150773886,
N425,1,CS_102,1.1612279252879103,0.7468461757217961,
N425,2,CS_105,1.2424944892728131,0.8283296595152088,
N425,3,CS_33,1.3084327575871124,0.8481226607495396,
N425,4,CS_103,1.345869201780668,0.8353588393115813,
N425,5,CS_104,1.345869201780668,0.8353588393115813,
N425,6,CS_69,4.759793175924156,3.1132970675861933,
N425,7,CS_99,5.563885804724999,3.6493588201200886,
N426,1,CS_51,1.941132933579593,1.2373792097976273,
N426,2,CS_48,5.88660188906612,3.747567986145455,
N426,3,CS_21,6.22685460466752,3.983013037403708,
N426,4,CS_38,7.085841769273804,4.613640278851708,
N426,5,,8.610091712979493,5.618393714025082,
N426,6,CS_22,8.654207850217915,5.64780447218403,
N426,7,CS_36,10.634287798866588,6.939384857801833,
N427,1,CS_51,1.6890095822480224,1.0692969755765802,
N427,2,CS_48,5.63447853773455,3.579485751924408,
N427,3,CS_21,5.97473125333595,3.8149308031826608,
N427,4,CS_38,6.833718417942233,4.445558044630661,
N427,5,,8.35796836164792,5.450311479804035,
N427,6,CS_22,8.402084498886344,5.479722237962983,
N427,7,CS_36,10.382164447535017,6.771302623580785,
N428,1,CS_48,1.8826023067986442,1.2550682045324297,
N428,2,CS_51,3.477678437429902,2.1983284309767446,
N428,3,CS_21,4.279926484598009,2.7287361521203994,
N428,4,CS_38,5.138913649204293,3.3593633935683993,
N428,5,,6.663163592909981,4.364116828741773,
N428,6,CS_22,6.707279730148404,4.3935275869007215,
N428,7,CS_36,8.687359678797076,5.685107972518524,
N429,1,CS_48,1.626895011843814,1.0845966745625426,
N429,2,CS_51,3.2219711424750717,2.0278569010068574,
N429,3,CS_21,4.02421918964318,2.5582646221505123,
N429,4,CS_38,4.883206354249463,3.1888918635985126,
N429,5,,6.407456297955151,4.193645298771886,
N429,6,CS_22,6.451572435193574,4.223056056930835,
N429,7,CS_36,8.431652383842247,5.514636442548636,
N430,1,CS_48,2.306675789251207,1.501531337978654,
N430,2,CS_51,2.5421903650676785,1.610922237590746,
N430,3,CS_21,3.3444384122357866,2.141329958734401,
N430,4,CS_38,4.203425576842069,2.771957200182401,
N430,5,,5.727675520547757,3.776710635355775,
N430,6,CS_22,5.7717916577861805,3.806121393514724,
N430,7,CS_36,7.751871606434854,5.097701779132525,
N431,1,CS_48,2.0437990093485485,1.3262801513768818,
N431,2,CS_51,2.805067144970337,1.7861734241925182,
N431,3,CS_21,3.607315192138445,2.3165811453361735,
N431,4,CS_38,4.466302356744728,2.9472083867841734,
N431,5,,5.990552300450416,3.9519618219575467,
N431,6,CS_22,6.034668437688839,3.9813725801164956,
N431,7,CS_36,8.014748386337512,5.272952965734297,
N432,1,CS_51,1.9166232633241378,1.2482746423770992,
N432,2,CS_48,2.9322428909947478,1.8641789331923009,
N432,3,CS_21,3.2724956065961486,2.099623984450553,
N432,4,CS_38,4.131482771202432,2.730251225898553,
N432,5,,5.65573271490812,3.7350046610719265,
N432,6,CS_22,5.699848852146543,3.7644154192308754,
N432,7,CS_36,7.679928800795216,5.055995804848677,
N433,1,CS_51,1.6070856761644288,1.0419162509372932,
N433,2,CS_48,3.241780478154457,2.070537324632107,
N433,3,CS_21,3.5820331937558576,2.305982375890359,
N433,4,CS_38,4.44102035836214,2.936609617338359,
N433,5,,5.965270302067828,3.9413630525117322,
N433,6,CS_22,6.009386439306251,3.970773810670681,
N433,7,CS_36,7.989466387954924,5.262354196288483,
N434,1,CS_51,0.16068835373570112,0.10712556915713407,
N434,2,CS_48,4.688177800583184,3.005328006412266,
N434,3,CS_21,5.028430516184585,3.2407730576705185,
N434,4,CS_38,5.887417680790868,3.871400299118519,
N434,5,,7.411667624496556,4.876153734291893,
N434,6,CS_22,7.455783761734979,4.905564492450841,
N434,7,CS_36,9.435863710383652,6.1971448780686424,
N435,1,CS_51,0.4516985994161791,0.3011323996107861,
N435,2,CS_48,4.3971675549027065,2.8113211759586134,
N435,3,CS_21,4.737420270504106,3.046766227216866,
N435,4,CS_38,5.59640743511039,3.6773934686648664,
N435,5,,7.120657378816078,4.68214690383824,
N435,6,CS_22,7.164773516054501,4.711557661997189,
N435,7,CS_36,9.144853464703173,6.00313804761499,
N442,1,CS_26,3.0527629677602417,1.9347207000143363,
N442,2,CS_25,5.288811578953791,3.3668588705594304,
N442,3,CS_19,5.683140584444327,3.745779446764865,
N442,4,CS_2,7.282283120224393,4.811874470618243,
N442,5,CS_16,8.14795362579518,5.388988140998766,
N442,6,CS_14,8.248216155816161,5.45582982767942,
N442,7,CS_13,8.59457069268377,5.647250113676754,
N443,1,CS_26,3.364136908521386,2.1423033271884324,
N443,2,CS_25,5.600185519714934,3.5744414977335266,
N443,3,CS_19,5.994514525205471,3.953362073938961,
N443,4,CS_2,7.593657060985537,5.019457097792338,
N443,5,CS_16,8.459327566556324,5.596570768172862,
N443,6,CS_14,8.559590096577304,5.663412454853516,
N443,7,CS_13,8.905944633444914,5.85483274085085,
N450,1,CS_71,1.8302383103024136,1.2201588735349425,
N450,2,CS_19,4.5373344701631915,2.912927834530998,
N450,3,CS_16,7.002147511514044,4.556136528764899,
N450,4,CS_13,7.448764578402634,4.814398501442887,
N450,5,CS_26,9.429003355829591,6.116566756014127,
N450,6,CS_25,11.66505196702314,7.54870492655922,
N450,7,CS_58,11.82684462635943,7.748771793092831,
N451,1,CS_71,1.5500188755624065,1.0333459170416044,
N451,2,CS_19,4.817553904903199,3.099740791024336,
N451,3,CS_16,7.282366946254052,4.7429494852582375,
N451,4,CS_13,7.728984013142641,5.0012114579362255,
N451,5,CS_26,9.7092227905696,6.303379712507465,
N451,6,CS_25,11.945271401763149,7.735517883052559,
N451,7,CS_58,12.107064061099436,7.9355847495861696,
N452,1,CS_26,1.507351051435097,1.0049007009567315,
N452,2,CS_25,3.7433996626286454,2.437038871501826,
N452,3,CS_19,6.239990814881686,4.102520207626652,
N452,4,CS_2,7.058765590005438,4.648370057709153,
N452,5,CS_14,8.024698625597207,5.292325414770331,
N452,6,CS_16,8.70480385623254,5.745728901860554,
N452,7,CS_13,9.15142092312113,6.003990874538542,
N453,1,CS_26,1.1530116607393879,0.7686744404929252,
N453,2,CS_25,3.3890602719329364,2.20081261103802,
N453,3,CS_19,6.5943302055773945,4.3387464680904575,
N453,4,CS_2,7.4131049807011475,4.88459631817296,
N453,5,CS_14,8.379038016292915,5.528551675234137,
N453,6,CS_16,9.059143246928247,5.981955162324359,
N453,7,CS_13,9.505760313816838,6.240217135002347,
N454,1,CS_26,1.7694775863672807,1.1479586697445456,
N454,2,CS_25,2.7725943463050435,1.8215283817863992,
N454,3,CS_19,7.210796131205289,4.718030697342078,
N454,4,CS_2,8.02957090632904,5.263880547424581,
N454,5,CS_14,8.99550394192081,5.907835904485758,
N454,6,CS_16,9.675609172556142,6.36123939157598,
N454,7,CS_13,10.122226239444732,6.619501364253968,
N455,1,CS_26,2.0091481104478044,1.3077390191315614,
N455,2,CS_25,2.53292382222452,1.6617480323993834,
N455,3,CS_19,7.450466655285812,4.877811046729095,
N455,4,CS_2,8.269241430409563,5.423660896811596,
N455,5,CS_14,9.235174466001332,6.067616253872774,
N455,6,CS_16,9.915279696636665,6.521019740962996,
N455,7,CS_13,10.361896763525255,6.779281713640984,
N460,1,CS_71,1.9501312779813147,1.2896620432038706,
N460,2,CS_19,4.417441502484291,2.8434246648620696,
N460,3,CS_16,6.882254543835144,4.486633359095971,
N460,4,CS_13,7.328871610723733,4.744895331773959,
N460,5,CS_26,9.30911038815069,6.047063586345199,
N460,6,CS_25,11.54515899934424,7.479201756890292,
N460,7,CS_58,11.706951658680529,7.679268623423903,
N461,1,CS_71,2.374268104556828,1.5724199275875461,
N461,2,CS_19,4.841578329059804,3.126182549245745,
N461,3,CS_16,7.3063913704106564,4.769391243479646,
N461,4,CS_13,7.753008437299246,5.027653216157634,
N461,5,CS_26,9.733247214726203,6.329821470728874,
N461,6,CS_25,11.969295825919753,7.761959641273967,
N461,7,CS_58,12.131088485256042,7.962026507807578,
N462,1,CS_71,1.8564762496640792,1.2353692731648935,
N462,2,CS_19,4.5110965308015265,2.897717434901047,
N462,3,CS_16,6.975909572152379,4.540926129134949,
N462,4,CS_13,7.422526639040969,4.799188101812937,
N462,5,CS_26,9.402765416467927,6.101356356384176,
N462,6,CS_25,11.638814027661477,7.53349452692927,
N462,7,CS_58,11.800606686997764,7.733561393462881,
N463,1,CS_71,2.1828013317335895,1.4529193278779,
N463,2,CS_19,4.837421612871036,3.115267489614053,
N463,3,CS_16,7.302234654221889,4.758476183847955,
N463,4,CS_13,7.748851721110479,5.016738156525943,
N463,5,CS_26,9.729090498537436,6.318906411097182,
N463,6,CS_25,11.965139109730986,7.751044581642276,
N463,7,CS_58,12.126931769067275,7.951111448175887,
N464,1,CS_26,3.2895278601390805,2.0719757100890255,
N464,2,CS_25,5.525576471332629,3.5041138806341197,
N464,3,CS_19,5.919905476823165,3.883034456839554,
N464,4,CS_2,7.519048012603231,4.949129480692931,
N464,5,CS_16,8.384718518174019,5.526243151073455,
N464,6,CS_14,8.484981048195,5.593084837754109,
N464,7,CS_13,8.83133558506261,5.784505123751443,
N465,1,CS_26,3.545087991752669,2.2423491311647514,
N465,2,CS_25,5.7811366029462175,3.6744873017098456,
N465,3,CS_19,6.175465608436754,4.05340787791528,
N465,4,CS_2,7.7746081442168204,5.119502901768657,
N465,5,CS_16,8.640278649787607,5.696616572149182,
N465,6,CS_14,8.740541179808588,5.763458258829835,
N465,7,CS_13,9.086895716676198,5.95487854482717,
N466,1,CS_19,1.8213973394574203,1.1800422104383763,
N466,2,CS_16,4.286210380808273,2.8232509046722782,
N466,3,CS_71,4.546175441008185,2.9530444976275634,
N466,4,CS_13,4.732827447696863,3.0815128773502662,
N466,5,CS_26,6.71306622512382,4.383681131921504,
N466,6,CS_25,8.949114836317369,5.815819302466598,
N466,7,CS_58,9.11090749565366,6.0158861690002094,
N467,1,CS_19,2.106037851908912,1.369802552072704,
N467,2,CS_71,4.261534928556694,2.763284155993236,
N467,3,CS_16,4.570850893259765,3.013011246306606,
N467,4,CS_13,5.0174679601483545,3.271273218984594,
N467,5,CS_26,6.997706737575312,4.573441473555832,
N467,6,CS_25,9.233755348768861,6.0055796441009255,
N467,7,CS_58,9.39554800810515,6.205646510634537,
N468,1,CS_13,3.0769650672096533,1.9375949130107566,
N468,2,CS_16,3.5384509876857226,2.205769454747064,
N468,3,CS_58,8.363148102531108,5.398404719074996,
N468,4,CS_19,8.582535171274204,5.568492243806052,
N468,5,CS_4,11.79886874807592,7.563935150759715,
N468,6,CS_71,12.094434971089424,7.797796964771736,
N468,7,CS_26,13.474204056940605,8.77213116528918,
N469,1,CS_13,2.8598856652577207,1.7928753117094682,
N469,2,CS_16,3.32137158573379,2.0610498534457755,
N469,3,CS_58,8.146068700579177,5.253685117773707,
N469,4,CS_19,8.36545576932227,5.423772642504762,
N469,5,CS_4,11.581789346123989,7.419215549458426,
N469,6,CS_71,11.877355569137492,7.653077363470448,
N469,7,CS_26,13.257124654988672,8.627411563987891,
N470,1,CS_4,1.3533664143009978,0.8637559410387942,
N470,2,CS_58,2.4608137518325637,1.5540808377050894,
N470,3,CS_16,7.183453184501958,4.678677647249026,
N470,4,CS_13,7.630070251390547,4.936939619927014,
N470,5,CS_19,12.227537368090438,8.041400436308013,
N470,6,CS_24,13.783801156382724,9.07890962850287,
N470,7,CS_71,15.739437167905658,10.2707051572737,
N471,1,CS_4,1.0570350301137936,0.6662016849139913,
N471,2,CS_58,2.757145136019768,1.7516350938298921,
N471,3,CS_16,7.479784568689162,4.876231903373828,
N471,4,CS_13,7.926401635577752,5.134493876051816,
N471,5,CS_19,12.523868752277641,8.238954692432815,
N471,6,CS_24,14.08013254056993,9.276463884627672,
N471,7,CS_71,16.03576855209286,10.468259413398501,
N472,1,CS_4,0.6144191757522767,0.4096127838348511,
N472,2,CS_58,3.199760990381285,2.0082239949090326,
N472,3,CS_16,7.922400423050679,5.132820804452969,
N472,4,CS_13,8.369017489939269,5.391082777130957,
N472,5,CS_19,12.966484606639158,8.495543593511956,
N472,6,CS_24,14.522748394931446,9.533052785706813,
N472,7,CS_71,16.478384406454378,10.724848314477642,
N473,1,CS_4,1.0093487690259213,0.6728991793506143,
N473,2,CS_58,3.5946905836549297,2.2715103904247957,
N473,3,CS_16,8.317330016324323,5.396107199968732,
N473,4,CS_13,8.763947083212914,5.65436917264672,
N473,5,CS_19,13.361414199912803,8.758829989027719,
N473,6,CS_24,14.91767798820509,9.796339181222576,
N473,7,CS_71,16.873313999728023,10.988134709993405,
N474,1,CS_13,3.225222974605098,2.023541525993623,
N474,2,CS_16,3.6867088950811673,2.2917160677299306,
N474,3,CS_58,8.511406009926553,5.484351332057862,
N474,4,CS_19,8.730793078669647,5.654438856788918,
N474,5,CS_4,11.947126655471367,7.649881763742581,
N474,6,CS_71,12.242692878484869,7.883743577754602,
N474,7,CS_26,13.622461964336049,8.858077778272046,
N475,1,CS_13,3.5058604073934094,2.210633147852497,
N475,2,CS_16,3.9673463278694787,2.4788076895888045,
N475,3,CS_58,8.792043442714863,5.671442953916737,
N475,4,CS_19,9.01143051145796,5.841530478647792,
N475,5,CS_4,12.227764088259677,7.836973385601455,
N475,6,CS_71,12.523330311273181,8.070835199613477,
N475,7,CS_26,13.903099397124361,9.045169400130918,
N476,1,CS_13,0.13076649241263824,0.0871776616084255,
N476,2,CS_16,0.5922524128887073,0.3553522033447328,
N476,3,CS_58,5.4169495277340936,3.547987467672665,
N476,4,CS_19,5.636336596477188,3.7180749924037197,
N476,5,CS_4,8.852670173278907,5.713517899357383,
N476,6,CS_71,9.148236396292411,5.947379713369406,
N476,7,CS_26,10.52800548214359,6.921713913886849,
N477,1,CS_13,0.4230982811373417,0.2820655207582278,
N477,2,CS_16,0.8845842016134107,0.550240062494535,
N477,3,CS_58,5.709281316458797,3.742875326822467,
N477,4,CS_19,5.928668385201891,3.9129628515535217,
N477,5,CS_4,9.14500196200361,5.908405758507184,
N477,6,CS_71,9.440568185017113,6.1422675725192075,
N477,7,CS_26,10.820337270868293,7.116601773036651,
N478,1,CS_16,0.4456205041135437,0.27034819825768136,
N478,2,CS_13,0.8922375710021341,0.5286101709356694,
N478,3,CS_58,5.27031761895893,3.4629834625856137,
N478,4,CS_19,5.489704687702024,3.6330709873166684,
N478,5,CS_4,8.706038264503743,5.628513894270331,
N478,6,CS_71,9.001604487517247,5.862375708282354,
N478,7,CS_26,10.381373573368426,6.836709908799797,
N479,1,CS_16,0.6575248226136108,0.41161774392439276,
N479,2,CS_13,1.104141889502201,0.6698797166023809,
N479,3,CS_58,5.4822219374589976,3.604253008252325,
N479,4,CS_19,5.701609006202091,3.7743405329833797,
N479,5,CS_4,8.91794258300381,5.769783439937043,
N479,6,CS_71,9.213508806017314,6.003645253949065,
N479,7,CS_26,10.593277891868492,6.977979454466508,
N480,1,CS_13,0.9024974179320052,0.5345579082863194,
N480,2,CS_16,1.3639833384080742,0.8027324500226266,
N480,3,CS_58,6.18868045325346,3.9953677143505586,
N480,4,CS_19,6.408067521996554,4.165455239081613,
N480,5,CS_4,9.624401098798272,6.160898146035277,
N480,6,CS_71,9.919967321811775,6.394759960047299,
N480,7,CS_26,11.299736407662957,7.369094160564742,
N481,1,CS_13,1.1448884818677953,0.6961519509101797,
N481,2,CS_16,1.6063744023438644,0.9643264926464871,
N481,3,CS_58,6.431071517189251,4.156961756974419,
N481,4,CS_19,6.650458585932345,4.327049281705474,
N481,5,CS_4,9.866792162734063,6.322492188659138,
N481,6,CS_71,10.162358385747567,6.55635400267116,
N481,7,CS_26,11.542127471598747,7.530688203188603,
N482,1,CS_13,0.5060376702733111,0.3047261705131634,
N482,2,CS_16,0.9675235907493802,0.5729007122494707,
N482,3,CS_58,5.792220705594767,3.765535976577403,
N482,4,CS_19,6.01160777433786,3.9356235013084575,
N482,5,CS_4,9.22794135113958,5.9310664082621205,
N482,6,CS_71,9.523507574153083,6.164928222274144,
N482,7,CS_26,10.903276660004263,7.139262422791587,
N483,1,CS_13,0.7556513096112921,0.4711352634051507,
N483,2,CS_16,1.217137230087361,0.739309805141458,
N483,3,CS_58,6.041834344932748,3.9319450694693905,
N483,4,CS_19,6.261221413675841,4.102032594200445,
N483,5,CS_4,9.47755499047756,6.097475501154109,
N483,6,CS_71,9.773121213491065,6.331337315166131,
N483,7,CS_26,11.152890299342243,7.305671515683574,
N484,1,CS_13,1.1878816003682353,0.699998014046453,
N484,2,CS_16,1.6493675208443044,0.9681725557827602,
N484,3,CS_58,6.4740646356896905,4.1608078201106915,
N484,4,CS_19,6.693451704432785,4.330895344841747,
N484,5,CS_4,9.909785281234504,6.32633825179541,
N484,6,CS_71,10.205351504248005,6.560200065807432,
N484,7,CS_26,11.585120590099187,7.534534266324876,
N485,1,CS_13,1.393211660990649,0.8368847211280621,
N485,2,CS_16,1.8546975814667181,1.1050592628643692,
N485,3,CS_58,6.679394696312104,4.297694527192301,
N485,4,CS_19,6.898781765055198,4.467782051923356,
N485,5,CS_4,10.115115341856916,6.46322495887702,
N485,6,CS_71,10.41068156487042,6.697086772889042,
N485,7,CS_26,11.790450650721601,7.6714209734064855,
N486,1,CS_13,0.6278866289542744,0.375363248009374,
N486,2,CS_16,1.0893725494303435,0.6435377897456812,
N486,3,CS_58,5.91406966427573,3.836173054073613,
N486,4,CS_19,6.133456733018823,4.0062605788046675,
N486,5,CS_4,9.349790309820543,6.001703485758331,
N486,6,CS_71,9.645356532834047,6.235565299770354,
N486,7,CS_26,11.025125618685225,7.209899500287797,
N487,1,CS_13,0.8332167537872184,0.5122499978980033,
N487,2,CS_16,1.2947026742632874,0.7804245396343107,
N487,3,CS_58,6.119399789108674,3.973059803962243,
N487,4,CS_19,6.338786857851767,4.143147328693297,
N487,5,CS_4,9.555120434653487,6.138590235646961,
N487,6,CS_71,9.850686657666989,6.372452049658984,
N487,7,CS_26,11.230455743518169,7.346786250176427,
N488,1,CS_58,2.041671185464042,1.3149231967923878,
N488,2,CS_4,2.1425831066125065,1.3496296659134872,
N488,3,CS_16,6.764310618133436,4.439520006336324,
N488,4,CS_13,7.210927685022026,4.697781979014312,
N488,5,CS_19,11.808394801721915,7.802242795395312,
N488,6,CS_24,13.364658590014203,8.839751987590168,
N488,7,CS_71,15.320294601537135,10.031547516360996,
N489,1,CS_58,1.8566341224925484,1.191565154811392,
N489,2,CS_4,1.9575460436410133,1.2262716239324916,
N489,3,CS_16,6.579273555161942,4.316161964355328,
N489,4,CS_13,7.0258906220505315,4.574423937033316,
N489,5,CS_19,11.623357738750421,7.678884753414316,
N489,6,CS_24,13.179621527042707,8.716393945609173,
N489,7,CS_71,15.135257538565641,9.90818947438,
N490,1,CS_13,3.460822241270749,2.163747651915445,
N490,2,CS_16,3.9223081617468183,2.4319221936517526,
N490,3,CS_58,8.747005276592203,5.624557457979684,
N490,4,CS_19,8.966392345335299,5.794644982710739,
N490,5,CS_4,12.182725922137015,7.790087889664402,
N490,6,CS_71,12.47829214515052,8.023949703676424,
N490,7,CS_26,13.8580612310017,8.998283904193867,
N491,1,CS_13,3.2312640971108446,2.010708889142175,
N491,2,CS_16,3.692750017586914,2.2788834308784827,
N491,3,CS_58,8.5174471324323,5.471518695206415,
N491,4,CS_19,8.736834201175395,5.64160621993747,
N491,5,CS_4,11.953167777977113,7.637049126891133,
N491,6,CS_71,12.248734000990616,7.870910940903155,
N491,7,CS_26,13.628503086841796,8.8452451414206,
N492,1,CS_13,1.0568338138473865,0.6240282827300188,
N492,2,CS_16,1.5183197343234556,0.8922028244663259,
N492,3,CS_58,6.343016849168842,4.084838088794258,
N492,4,CS_19,6.562403917911936,4.254925613525312,
N492,5,CS_4,9.778737494713654,6.250368520478976,
N492,6,CS_71,10.074303717727156,6.484230334490999,
N492,7,CS_26,11.454072803578338,7.458564535008442,
N493,1,CS_13,1.3068794529106198,0.790725375438841,
N493,2,CS_16,1.7683653733866889,1.058899917175148,
N493,3,CS_58,6.593062488232076,4.25153518150308,
N493,4,CS_19,6.812449556975169,4.421622706234135,
N493,5,CS_4,10.028783133776889,6.417065613187798,
N493,6,CS_71,10.32434935679039,6.6509274271998216,
N493,7,CS_26,11.70411844264157,7.625261627717264,
N494,1,CS_92,9.751377098602623,6.399081446742608,
N494,2,CS_147,12.07927288768547,7.912984205758807,
N494,3,CS_90,13.1545001606609,8.629802387742428,
N494,4,CS_85,14.353919043121774,9.451470726256252,
N494,5,CS_86,15.788757037506558,10.424001406011898,
N494,6,CS_139,19.859054384408502,13.125754294907333,
N494,7,CS_94,26.760190625419604,17.7382904646206,
N495,1,CS_92,10.195040927835773,6.694857332898042,
N495,2,CS_147,12.52293671691862,8.208760091914241,
N495,3,CS_90,13.59816398989405,8.925578273897862,
N495,4,CS_85,14.797582872354925,9.747246612411686,
N495,5,CS_86,16.23242086673971,10.719777292167333,
N495,6,CS_139,20.302718213641654,13.421530181062767,
N495,7,CS_94,27.203854454652756,18.034066350776033,
N496,1,CS_92,10.003030802089786,6.544967651662702,
N496,2,CS_147,12.330926591172632,8.058870410678901,
N496,3,CS_90,13.406153864148063,8.775688592662522,
N496,4,CS_85,14.605572746608937,9.597356931176346,
N496,5,CS_86,16.04041074099372,10.569887610931993,
N496,6,CS_139,20.110708087895667,13.271640499827427,
N496,7,CS_94,27.01184432890677,17.884176669540693,
N497,1,CS_92,10.348634848466975,6.775370349247495,
N497,2,CS_147,12.676530637549822,8.289273108263693,
N497,3,CS_90,13.751757910525253,9.006091290247314,
N497,4,CS_85,14.951176792986127,9.827759628761138,
N497,5,CS_86,16.38601478737091,10.800290308516786,
N497,6,CS_139,20.456312134272856,13.50204319741222,
N497,7,CS_94,27.35744837528396,18.114579367125486,
N498,1,CS_92,7.966318920774059,5.246972243088017,
N498,2,CS_147,10.294214709856906,6.760875002104216,
N498,3,CS_90,11.369441982832337,7.477693184087836,
N498,4,CS_85,12.56886086529321,8.29936152260166,
N498,5,CS_86,14.003698859677995,9.271892202357307,
N498,6,CS_139,18.073996206579938,11.973645091252742,
N498,7,CS_94,24.975132447591044,16.586181260966008,
N499,1,CS_92,8.317963065154517,5.4814016726749895,
N499,2,CS_147,10.645858854237366,6.9953044316911885,
N499,3,CS_90,11.721086127212796,7.712122613674809,
N499,4,CS_85,12.92050500967367,8.533790952188633,
N499,5,CS_86,14.355343004058454,9.50632163194428,
N499,6,CS_139,18.4256403509604,12.208074520839714,
N499,7,CS_94,25.3267765919715,16.82061069055298,
N500,1,CS_92,9.606167891602404,6.314902196307697,
N500,2,CS_147,11.93406368068525,7.828804955323896,
N500,3,CS_90,13.009290953660681,8.545623137307517,
N500,4,CS_85,14.208709836121555,9.367291475821341,
N500,5,CS_86,15.64354783050634,10.339822155576988,
N500,6,CS_139,19.713845177408285,13.041575044472422,
N500,7,CS_94,26.61498141841939,17.654111214185686,
N501,1,CS_92,9.187675027472336,6.03590695355432,
N501,2,CS_147,11.515570816555183,7.549809712570519,
N501,3,CS_90,12.590798089530614,8.266627894554139,
N501,4,CS_85,13.790216971991487,9.088296233067963,
N501,5,CS_86,15.225054966376272,10.060826912823611,
N501,6,CS_139,19.295352313278215,12.762579801719045,
N501,7,CS_94,26.196488554289317,17.375115971432308,
N502,1,CS_58,0.5209880017575075,0.3473253345050049,
N502,2,CS_4,3.956708647302321,2.5128557661897233,
N502,3,CS_16,4.580110951500634,3.0295778220980973,
N502,4,CS_13,5.026728018389224,3.2878397947760853,
N502,5,CS_19,9.624195135089114,6.392300611157085,
N502,6,CS_24,11.1804589233814,7.429809803351942,
N502,7,CS_71,13.136094934904333,8.621605332122769,
N503,1,CS_58,0.18922976029437394,0.12615317352958264,
N503,2,CS_4,3.6249504058391873,2.291683605214301,
N503,3,CS_16,4.911869192963768,3.25074998307352,
N503,4,CS_13,5.3584862598523575,3.509011955751508,
N503,5,CS_19,9.955953376552248,6.613472772132507,
N503,6,CS_24,11.512217164844534,7.6509819643273635,
N503,7,CS_71,13.467853176367468,8.842777493098191,
N504,1,CS_58,1.7663461595270824,1.154161360739443,
N504,2,CS_4,3.6054191652760705,2.302065523784168,
N504,3,CS_16,6.488985592196476,4.278758170283379,
N504,4,CS_13,6.935602659085066,4.537020142961367,
N504,5,CS_19,11.533069775784956,7.641480959342367,
N504,6,CS_24,13.089333564077242,8.678990151537224,
N504,7,CS_71,15.044969575600176,9.870785680308051,
N505,1,CS_58,1.5728897732867966,1.0251904365792526,
N505,2,CS_4,3.4119627790357847,2.1730945996239774,
N505,3,CS_16,6.29552920595619,4.149787246123189,
N505,4,CS_13,6.74214627284478,4.408049218801177,
N505,5,CS_19,11.33961338954467,7.512510035182176,
N505,6,CS_24,12.895877177836956,8.550019227377033,
N505,7,CS_71,14.85151318935989,9.741814756147862,
N506,1,CS_58,0.637458165829984,0.41484427019919434,
N506,2,CS_4,4.073178811374798,2.5803747018839127,
N506,3,CS_16,4.463640787428157,2.962058886403908,
N506,4,CS_13,4.910257854316747,3.220320859081896,
N506,5,CS_19,9.507724971016637,6.324781675462894,
N506,6,CS_24,11.063988759308925,7.3622908676577525,
N506,7,CS_71,13.019624770831857,8.55408639642858,
N507,1,CS_58,1.203202130072549,0.7920069130275711,
N507,2,CS_4,4.638922775617363,2.9575373447122892,
N507,3,CS_16,5.029384751670722,3.3392215292322844,
N507,4,CS_13,5.476001818559312,3.5974835019102724,
N507,5,CS_19,10.073468935259202,6.701944318291272,
N507,6,CS_24,11.62973272355149,7.739453510486129,
N507,7,CS_71,13.585368735074422,8.931249039256956,
N508,1,CS_92,7.298654140107006,4.814423419032831,
N508,2,CS_147,9.626549929189853,6.32832617804903,
N508,3,CS_90,10.701777202165283,7.04514436003265,
N508,4,CS_85,11.901196084626157,7.866812698546476,
N508,5,CS_86,13.336034079010942,8.839343378302122,
N508,6,CS_139,17.406331425912885,11.541096267197556,
N508,7,CS_94,24.30746766692399,16.153632436910822,
N509,1,CS_92,7.821867078961288,5.163232044935686,
N509,2,CS_147,10.149762868044137,6.677134803951885,
N509,3,CS_90,11.224990141019568,7.393952985935505,
N509,4,CS_85,12.424409023480441,8.21562132444933,
N509,5,CS_86,13.859247017865226,9.188152004204976,
N509,6,CS_139,17.92954436476717,11.889904893100411,
N509,7,CS_94,24.830680605778277,16.502441062813677,
N510,1,CS_92,9.659859113548123,6.346027542363187,
N510,2,CS_147,11.98775490263097,7.859930301379386,
N510,3,CS_90,13.0629821756064,8.576748483363007,
N510,4,CS_85,14.262401058067274,9.39841682187683,
N510,5,CS_86,15.697239052452058,10.370947501632477,
N510,6,CS_139,19.767536399354004,13.072700390527912,
N510,7,CS_94,26.66867264036511,17.685236560241176,
N511,1,CS_92,10.027132237727319,6.5908762918159844,
N511,2,CS_147,12.355028026810166,8.104779050832184,
N511,3,CS_90,13.430255299785596,8.821597232815805,
N511,4,CS_85,14.62967418224647,9.643265571329628,
N511,5,CS_86,16.064512176631254,10.615796251085275,
N511,6,CS_139,20.1348095235332,13.31754913998071,
N511,7,CS_94,27.0359457645443,17.930085309693975,
N512,1,CS_92,5.2768347162002325,3.509406222611524,
N512,2,CS_147,7.604730505283079,5.023308981627722,
N512,3,CS_90,8.67995777825851,5.7401271636113425,
N512,4,CS_85,9.879376660719386,6.561795502125168,
N512,5,CS_86,11.314214655104168,7.5343261818808145,
N512,6,CS_139,15.38451200200611,10.236079070776249,
N512,7,CS_94,22.285648243017217,14.848615240489513,
N513,1,CS_92,4.741167020780605,3.1522944256651058,
N513,2,CS_147,7.069062809863451,4.666197184681304,
N513,3,CS_90,8.144290082838882,5.3830153666649245,
N513,4,CS_85,9.343708965299756,6.20468370517875,
N513,5,CS_86,10.77854695968454,7.177214384934397,
N513,6,CS_139,14.848844306586484,9.878967273829831,
N513,7,CS_94,21.749980547597588,14.491503443543095,
N514,1,CS_92,5.691051847563028,3.7495320958653173,
N514,2,CS_147,8.018947636645875,5.263434854881516,
N514,3,CS_90,9.094174909621305,5.980253036865136,
N514,4,CS_85,10.293593792082179,6.801921375378962,
N514,5,CS_86,11.728431786466963,7.774452055134608,
N514,6,CS_139,15.798729133368907,10.476204944030043,
N514,7,CS_94,22.69986537438001,15.088741113743307,
N515,1,CS_92,6.685863560133836,4.412739904245856,
N515,2,CS_147,9.013759349216683,5.926642663262055,
N515,3,CS_90,10.088986622192113,6.643460845245675,
N515,4,CS_85,11.288405504652987,7.465129183759501,
N515,5,CS_86,12.723243499037771,8.437659863515147,
N515,6,CS_139,16.793540845939717,11.139412752410582,
N515,7,CS_94,23.69467708695082,15.751948922123846,
N518,1,CS_55,0.6195342549779675,0.3993242045103831,
N518,2,CS_15,2.656152141589255,1.7570694622512417,
N518,3,CS_43,2.7441862458022612,1.8157588650599124,
N518,4,CS_57,2.9299582348831685,1.9396068577805172,
N518,5,CS_56,3.0122103415049826,1.994441595528393,
N518,6,CS_23,3.610622621067996,2.393383115237069,
N518,7,CS_157,3.8675438659671273,2.5646639451698223,
N519,1,CS_55,0.8531892409387842,0.5550941951509276,
N519,2,CS_15,2.8898071275500716,1.9128394528917863,
N519,3,CS_43,2.977841231763078,1.9715288557004569,
N519,4,CS_57,3.1636132208439856,2.0953768484210618,
N519,5,CS_56,3.2458653274657996,2.1502115861689375,
N519,6,CS_23,3.8442776070288125,2.549153105877613,
N519,7,CS_157,4.101198851927943,2.720433935810367,
N520,1,CS_55,1.3593350186715116,0.882640418568249,
N520,2,CS_15,2.143690164532472,1.4055438491422225,
N520,3,CS_57,2.4174962578263854,1.5880812446714985,
N520,4,CS_56,2.4997483644481995,1.6429159824193742,
N520,5,CS_43,3.4790852002129378,2.2958072062625328,
N520,6,CS_41,3.6623419219925797,2.3676691902667883,
N520,7,CS_23,4.35042338476154,2.8766993292949348,
N521,1,CS_55,1.6820945211577738,1.0978134202257572,
N521,2,CS_15,2.466449667018734,1.620716850799731,
N521,3,CS_57,2.740255760312648,1.8032542463290064,
N521,4,CS_56,2.822507866934462,1.8580889840768822,
N521,5,CS_43,3.8018447026991997,2.5109802079200407,
N521,6,CS_41,3.9851014244788416,2.5828421919242963,
N521,7,CS_23,4.673182887247803,3.0918723309524427,
N522,1,CS_157,2.7360920975580094,1.8044300306392334,
N522,2,CS_55,3.0953300754184747,2.043922015879544,
N522,3,CS_43,3.5175854101015704,2.325425572334941,
N522,4,CS_23,4.005499280501257,2.650701485934732,
N522,5,CS_15,4.3123026753558245,2.855237082504444,
N522,6,CS_57,4.586108768649738,3.0377744780337195,
N522,7,CS_56,4.668360875271552,3.092609215781595,
N523,1,CS_157,3.032771392124661,2.002216227017001,
N523,2,CS_55,3.392009369985127,2.2417082122573118,
N523,3,CS_43,3.8142647046682225,2.523211768712709,
N523,4,CS_23,4.302178575067909,2.8484876823124994,
N523,5,CS_15,4.6089819699224766,3.053023278882212,
N523,6,CS_57,4.88278806321639,3.2355606744114875,
N523,7,CS_56,4.965040169838204,3.2903954121593633,
N524,1,CS_55,2.8207963049879154,1.8635627033947089,
N524,2,CS_157,3.1841470093474653,2.105796506301075,
N524,3,CS_15,3.8029941374489984,2.5183612583687647,
N524,4,CS_43,3.931118757262092,2.6037776715774927,
N524,5,CS_57,4.076800230742912,2.70089865389804,
N524,6,CS_56,4.159052337364726,2.755733391645916,
N524,7,CS_23,4.453554192290714,2.9520679615965735,
N525,1,CS_55,3.1174704957011885,2.061345497203557,
N525,2,CS_157,3.480821200060738,2.3035793001099236,
N525,3,CS_15,4.099668328162271,2.716144052177613,
N525,4,CS_43,4.227792947975364,2.801560465386341,
N525,5,CS_57,4.3734744214561845,2.8986814477068883,
N525,6,CS_56,4.4557265280779985,2.953516185454764,
N525,7,CS_23,4.750228383003987,3.1498507554054225,
N526,1,CS_23,3.0513404439904686,1.9947404990624962,
N526,2,CS_43,3.237438649769476,2.1188059695818344,
N526,3,CS_157,3.5347126705875334,2.3169886501272057,
N526,4,CS_31,5.113628033333173,3.339216223468126,
N526,5,CS_55,5.551193973404994,3.6613095186721796,
N526,6,CS_15,7.773010066883504,5.142520247657852,
N526,7,CS_57,8.046816160177418,5.325057643187128,
N527,1,CS_23,2.6837766498267235,1.7496979696199992,
N527,2,CS_43,2.869874855605731,1.873763440139338,
N527,3,CS_157,3.1671488764237883,2.071946120684709,
N527,4,CS_31,4.746064239169428,3.0941736940256295,
N527,5,CS_55,5.183630179241249,3.416266989229683,
N527,6,CS_15,7.405446272719759,4.897477718215355,
N527,7,CS_57,7.679252366013673,5.080015113744631,
N528,1,CS_62,4.163169576159269,2.7531405651709933,
N528,2,CS_10,4.679593450822976,3.0974231482801318,
N528,3,CS_20,5.237968014044201,3.469672857094282,
N528,4,CS_60,5.246360833998198,3.475268070396946,
N528,5,CS_59,5.278943905924582,3.496990118347869,
N528,6,CS_11,6.361656983390569,4.13640998611677,
N528,7,CS_61,8.328004853787137,5.44730856638115,
N529,1,CS_62,3.2091563333253097,2.11713173661502,
N529,2,CS_10,3.7255802079890175,2.4614143197241587,
N529,3,CS_20,4.283954771210243,2.8336640285383092,
N529,4,CS_60,4.292347591164238,2.8392592418409723,
N529,5,CS_59,4.324930663090623,2.860981289791896,
N529,6,CS_11,5.40764374055661,3.500401157560798,
N529,7,CS_61,7.373991610953178,4.811299737825177,
N530,1,CS_11,0.8807208741353563,0.5871472494235709,
N530,2,CS_61,2.8470687445319247,1.8980458296879497,
N530,3,CS_62,3.6875426614010425,2.375972923725606,
N530,4,CS_10,3.87491434088042,2.5008873767118573,
N530,5,CS_60,4.44168172405564,2.8787322988286714,
N530,6,CS_59,4.474264795982025,2.9004543467795947,
N530,7,CS_20,4.762341099285976,3.092505215648895,
N531,1,CS_11,1.573912631607239,1.0492750877381594,
N531,2,CS_61,2.153876987060042,1.4359179913733615,
N531,3,CS_62,4.380734418872925,2.838100762040194,
N531,4,CS_10,4.568106098352302,2.963015215026446,
N531,5,CS_60,5.134873481527523,3.3408601371432596,
N531,6,CS_59,5.167456553453908,3.3625821850941833,
N531,7,CS_20,5.455532856757857,3.5546330539634825,
N532,1,CS_62,5.8182193605094135,3.8356224869519564,
N532,2,CS_10,6.334643235173121,4.1799050700610945,
N532,3,CS_20,6.893017798394347,4.552154778875245,
N532,4,CS_60,6.901410618348343,4.557749992177908,
N532,5,CS_59,6.933993690274727,4.579472040128831,
N532,6,CS_11,8.016706767740713,5.218891907897733,
N532,7,CS_61,9.983054638137281,6.529790488162113,
N533,1,CS_62,5.20277867269227,3.4253286950738606,
N533,2,CS_10,5.7192025473559776,3.7696112781829987,
N533,3,CS_20,6.277577110577203,4.141860986997149,
N533,4,CS_60,6.285969930531199,4.147456200299812,
N533,5,CS_59,6.318553002457584,4.169178248250736,
N533,6,CS_11,7.40126607992357,4.808598116019637,
N533,7,CS_61,9.367613950320138,6.119496696284017,
N534,1,CS_60,2.117800886604373,1.4061209181680057,
N534,2,CS_59,2.150383958530758,1.427842966118929,
N534,3,CS_10,2.202935031255577,1.4628770146021415,
N534,4,CS_62,4.180238372374352,2.781079242014658,
N534,5,CS_20,5.255036810259284,3.4976115339379468,
N534,6,CS_11,6.0496735844213205,3.944980532837549,
N534,7,CS_61,8.016021454817889,5.255879113101928,
N535,1,CS_60,2.6596781364896347,1.7673724180915138,
N535,2,CS_59,2.69226120841602,1.789094466042437,
N535,3,CS_10,2.744812281140839,1.8241285145256496,
N535,4,CS_62,4.722115622259614,3.142330741938166,
N535,5,CS_20,5.796914060144546,3.8588630338614545,
N535,6,CS_11,6.591550834306583,4.306232032761057,
N535,7,CS_61,8.55789870470315,5.617130613025436,
N536,1,CS_55,1.124861943972694,0.7430565255847674,
N536,2,CS_43,1.5471172786557896,1.0245600820401648,
N536,3,CS_157,2.670474898820656,1.7734651621500754,
N536,4,CS_23,2.7626112384143435,1.8348893885458673,
N536,5,CS_15,3.6908338126611544,2.4537044380437414,
N536,6,CS_57,3.964639905955068,2.636241833573017,
N536,7,CS_56,4.0468920125768815,2.6910765713208926,
N537,1,CS_55,1.3453908824976568,0.8900758179347428,
N537,2,CS_43,1.7676462171807525,1.1715793743901401,
N537,3,CS_157,2.891003837345619,1.9204844545000508,
N537,4,CS_23,2.9831401769393064,1.9819086808958428,
N537,5,CS_15,3.911362751186117,2.600723730393717,
N537,6,CS_57,4.185168844480031,2.7832611259229925,
N537,7,CS_56,4.267420951101845,2.838095863670868,
N538,1,CS_55,1.2450595468978924,0.8247986819152411,
N538,2,CS_43,2.496012250018783,1.6587671506625015,
N538,3,CS_15,2.7048991572169814,1.7980250887946339,
N538,4,CS_57,2.9787052505108953,1.9805624843239094,
N538,5,CS_56,3.0609573571327093,2.035397222071785,
N538,6,CS_157,3.619369870183649,2.407672230772412,
N538,7,CS_23,3.711506209777337,2.469096457168204,
N539,1,CS_55,1.4387166878091973,0.9539034425227775,
N539,2,CS_43,2.6896693909300877,1.7878719112700379,
N539,3,CS_15,2.898556298128286,1.9271298494021702,
N539,4,CS_57,3.1723623914221997,2.109667244931446,
N539,5,CS_56,3.2546144980440137,2.164501982679322,
N539,6,CS_157,3.813027011094954,2.536776991379948,
N539,7,CS_23,3.9051633506886416,2.59820121777574,
N540,1,CS_55,1.3576111898836256,0.8900460111823326,
N540,2,CS_43,2.608563893004516,1.724014479929593,
N540,3,CS_15,2.8174508002027143,1.8632724180617255,
N540,4,CS_57,3.0912568934966282,2.045809813591001,
N540,5,CS_56,3.1735090001184423,2.1006445513388767,
N540,6,CS_157,3.731921513169382,2.4729195600395033,
N540,7,CS_23,3.8240578527630698,2.5343437864352953,
N541,1,CS_55,1.5135132454895583,0.9939807149196211,
N541,2,CS_43,2.7644659486104484,1.8279491836668815,
N541,3,CS_15,2.973352855808647,1.9672071217990141,
N541,4,CS_57,3.2471589491025608,2.1497445173282896,
N541,5,CS_56,3.329411055724375,2.2045792550761654,
N541,6,CS_157,3.887823568775315,2.5768542637767915,
N541,7,CS_23,3.9799599083690023,2.638278490172584,
N542,1,CS_157,4.76363879180936,3.142619607712694,
N542,2,CS_55,5.122876769669825,3.3821115929530055,
N542,3,CS_43,5.545132104352922,3.6636151494084026,
N542,4,CS_23,6.033045974752609,3.988891063008193,
N542,5,CS_15,6.634423334553976,4.389809302875771,
N542,6,CS_57,6.908229427847889,4.572346698405047,
N542,7,CS_56,6.990481534469703,4.627181436152924,
N543,1,CS_157,5.613573742934948,3.7092429084630862,
N543,2,CS_55,5.972811720795414,3.9487348937033975,
N543,3,CS_43,6.39506705547851,4.230238450158795,
N543,4,CS_23,6.882980925878197,4.5555143637585855,
N543,5,CS_15,7.484358285679565,4.956432603626164,
N543,6,CS_57,7.758164378973478,5.13896999915544,
N543,7,CS_56,7.840416485595292,5.193804736903316,
N544,1,CS_55,1.2525889609411553,0.8291635596214804,
N544,2,CS_43,2.5035416640620456,1.6631320283687407,
N544,3,CS_15,2.712428571260244,1.8023899665008734,
N544,4,CS_57,2.986234664554158,1.9849273620301489,
N544,5,CS_56,3.068486771175972,2.0397620997780246,
N544,6,CS_157,3.626899284226912,2.412037108478651,
N544,7,CS_23,3.7190356238205995,2.473461334874443,
N545,1,CS_55,1.4272949668845543,0.9456342302504128,
N545,2,CS_43,2.6782476700054447,1.7796026989976732,
N545,3,CS_15,2.887134577203643,1.9188606371298058,
N545,4,CS_57,3.1609406704975567,2.1013980326590813,
N545,5,CS_56,3.2431927771193707,2.156232770406957,
N545,6,CS_157,3.801605290170311,2.5285077791075836,
N545,7,CS_23,3.8937416297639986,2.5899320055033757,
N546,1,CS_157,3.3928000633902338,2.2595836159333675,
N546,2,CS_55,3.7520380412506986,2.4990756011736783,
N546,3,CS_43,4.174293375933795,2.780579157629075,
N546,4,CS_23,4.662207246333482,3.1058550712288664,
N546,5,CS_15,5.26358460613485,3.5067733110964454,
N546,6,CS_57,5.537390699428763,3.689310706625721,
N546,7,CS_56,5.619642806050577,3.7441454443735966,
N547,1,CS_157,3.158350678422293,2.1032840259547405,
N547,2,CS_55,3.5175886562827587,2.3427760111950513,
N547,3,CS_43,3.9398439909658545,2.6242795676504485,
N547,4,CS_23,4.427757861365541,2.949555481250239,
N547,5,CS_15,5.029135221166909,3.3504737211178184,
N547,6,CS_57,5.302941314460822,3.533011116647094,
N547,7,CS_56,5.385193421082636,3.5878458543949696,
N548,1,CS_55,0.7254217107762824,0.47546664974172625,
N548,2,CS_43,1.9763744138971726,1.3094351184889865,
N548,3,CS_157,3.099732034062039,2.058340198598897,
N548,4,CS_23,3.1918683736557267,2.119764424994689,
N548,5,CS_15,3.2913935794647426,2.1861145622007,
N548,6,CS_57,3.565199672758656,2.368651957729976,
N548,7,CS_56,3.64745177938047,2.423486695477852,
N549,1,CS_55,0.9443243528901981,0.6214017444843367,
N549,2,CS_43,2.1952770560110886,1.455370213231597,
N549,3,CS_157,3.3186346761759546,2.2042752933415075,
N549,4,CS_23,3.4107710157696425,2.2656995197373,
N549,5,CS_15,3.5102962215786584,2.3320496569433105,
N549,6,CS_57,3.784102314872572,2.5145870524725864,
N549,7,CS_56,3.866354421494386,2.569421790220462,
N550,1,CS_31,1.913346780506501,1.2755645203376675,
N550,2,CS_23,2.033825992233535,1.3255013263328506,
N550,3,CS_43,2.149196254636164,1.40241483460127,
N550,4,CS_157,2.745451384269384,1.7999182543567498,
N550,5,CS_55,3.2349123027041795,2.1262255333132805,
N550,6,CS_15,5.271530189315467,3.4839707910541393,
N550,7,CS_57,5.54533628260938,3.666508186583415,
N551,1,CS_31,1.5859224890615975,1.0572816593743983,
N551,2,CS_23,1.7064017007886312,1.1072184653695816,
N551,3,CS_43,1.8217719631912601,1.184131973638001,
N551,4,CS_157,2.41802709282448,1.5816353933934806,
N551,5,CS_55,2.907488011259275,1.9079426723500112,
N551,6,CS_15,4.944105897870562,3.2656879300908703,
N551,7,CS_57,5.217911991164476,3.448225325620146,
N552,1,CS_15,0.9393656363060227,0.5934627674718352,
N552,2,CS_57,2.3754237204934636,1.5508348235967957,
N552,3,CS_56,2.4576758271152777,1.6056695613446714,
N552,4,CS_55,3.3218040375683877,2.181755034980079,
N552,5,CS_41,3.6202693846596574,2.3304227691920856,
N552,6,CS_17,5.06375564285917,3.2927469413250945,
N552,7,CS_29,5.358696229864991,3.539683163177814,
N553,1,CS_15,0.666071113777485,0.4112664191194767,
N553,2,CS_57,2.102129197964926,1.3686384752444374,
N553,3,CS_56,2.1843813045867395,1.423473212992313,
N553,4,CS_55,3.048509515039851,1.9995586866277204,
N553,5,CS_41,3.3469748621311197,2.1482264208397273,
N553,6,CS_17,4.790461120330632,3.110550592972736,
N553,7,CS_29,5.0854017073364535,3.357486814825456,
N554,1,CS_103,2.0765712715506304,1.2762364584357706,
N554,2,CS_104,2.0765712715506304,1.2762364584357706,
N554,3,CS_33,3.462542617160951,2.114164215991918,
N554,4,CS_102,4.232039369733647,2.6240221208787724,
N554,5,CS_105,4.313305933718548,2.705505604672185,
N554,6,CS_69,7.830604620369892,4.99047301274317,
N554,7,CS_99,8.634697249170735,5.5265347652770656,
N555,1,CS_103,2.1964061792312704,1.3561263968895305,
N555,2,CS_104,2.1964061792312704,1.3561263968895305,
N555,3,CS_33,3.5823775248415903,2.1940541544456775,
N555,4,CS_102,4.351874277414286,2.703912059332532,
N555,5,CS_105,4.433140841399188,2.7853955431259454,
N555,6,CS_69,7.950439528050531,5.0703629511969295,
N555,7,CS_99,8.754532156851374,5.606424703730825,
N556,1,CS_103,1.9919150137797192,1.2271603669743727,
N556,2,CS_104,1.9919150137797192,1.2271603669743727,
N556,3,CS_33,3.3778863593900397,2.06508812453052,
N556,4,CS_102,4.147383111962736,2.5749460294173745,
N556,5,CS_105,4.228649675947637,2.656429513210787,
N556,6,CS_69,7.7459483625989805,4.941396921281772,
N556,7,CS_99,8.550040991399824,5.477458673815668,
N557,1,CS_103,2.1057984807612327,1.303082678295382,
N557,2,CS_104,2.1057984807612327,1.303082678295382,
N557,3,CS_33,3.491769826371553,2.141010435851529,
N557,4,CS_102,4.261266578944249,2.6508683407383837,
N557,5,CS_105,4.342533142929152,2.732351824531796,
N557,6,CS_69,7.859831829580493,5.017319232602781,
N557,7,CS_99,8.663924458381336,5.553380985136677,
N558,1,CS_103,1.8820151461543742,1.163450298785767,
N558,2,CS_104,1.8820151461543742,1.163450298785767,
N558,3,CS_33,3.2679864917646944,2.001378056341914,
N558,4,CS_102,4.03748324433739,2.5112359612287687,
N558,5,CS_105,4.118749808322292,2.5927194450221815,
N558,6,CS_69,7.636048494973634,4.8776868530931665,
N558,7,CS_99,8.44014112377448,5.413748605627061,
N559,1,CS_103,2.0541055555512693,1.2781772383836971,
N559,2,CS_104,2.0541055555512693,1.2781772383836971,
N559,3,CS_33,3.4400769011615897,2.1161049959398444,
N559,4,CS_102,4.209573653734285,2.6259629008266985,
N559,5,CS_105,4.290840217719188,2.707446384620112,
N559,6,CS_69,7.80813890437053,4.992413792691096,
N559,7,CS_99,8.612231533171373,5.528475545224992,
N560,1,CS_103,0.816383159914067,0.5361135316216504,
N560,2,CS_104,0.816383159914067,0.5361135316216504,
N560,3,CS_33,2.202354505524387,1.3740412891777976,
N560,4,CS_102,2.9718512580970824,1.8838991940646526,
N560,5,CS_105,3.0531178220819855,1.9653826778580652,
N560,6,CS_69,6.570416508733327,4.25035008592905,
N560,7,CS_99,7.3745091375341705,4.7864118384629455,
N561,1,CS_103,0.9886102702491956,0.6509316051784028,
N561,2,CS_104,0.9886102702491956,0.6509316051784028,
N561,3,CS_33,2.3745816158595154,1.48885936273455,
N561,4,CS_102,3.144078368432211,1.998717267621405,
N561,5,CS_105,3.225344932417114,2.0802007514148175,
N561,6,CS_69,6.742643619068455,4.365168159485802,
N561,7,CS_99,7.546736247869299,4.901229912019698,
N562,1,CS_33,0.5721747556030067,0.38144983706867114,
N562,2,CS_103,1.1654256188928764,0.6908972730778513,
N562,3,CS_104,1.1654256188928764,0.6908972730778513,
N562,4,CS_102,1.8974859272720161,1.2135189994026647,
N562,5,CS_105,1.9787524912569192,1.2950024831960774,
N562,6,CS_69,5.496051177908261,3.579969891267062,
N562,7,CS_99,6.300143806709105,4.116031643800958,
N563,1,CS_33,0.712185967033677,0.474790644689118,
N563,2,CS_103,1.3054368303235466,0.7842380806982983,
N563,3,CS_104,1.3054368303235466,0.7842380806982983,
N563,4,CS_102,2.0374971387026863,1.3068598070231117,
N563,5,CS_105,2.1187637026875894,1.3883432908165243,
N563,6,CS_69,5.636062389338931,3.673310698887509,
N563,7,CS_99,6.440155018139775,4.209372451421404,
N564,1,CS_103,1.6772915014208645,1.0447699250272107,
N564,2,CS_104,1.6772915014208645,1.0447699250272107,
N564,3,CS_33,3.0632628470311847,1.882697682583358,
N564,4,CS_102,3.83275959960388,2.3925555874702127,
N564,5,CS_105,3.9140261635887827,2.4740390712636255,
N564,6,CS_69,7.4313248502401255,4.7590064793346105,
N564,7,CS_99,8.23541747904097,5.295068231868505,
N565,1,CS_103,1.8595878209575945,1.1663008047183638,
N565,2,CS_104,1.8595878209575945,1.1663008047183638,
N565,3,CS_33,3.2455591665679147,2.004228562274511,
N565,4,CS_102,4.01505591914061,2.514086467161366,
N565,5,CS_105,4.096322483125513,2.5955699509547783,
N565,6,CS_69,7.613621169776855,4.880537359025763,
N565,7,CS_99,8.4177137985777,5.416599111559659,
N566,1,CS_103,1.634963280641436,1.0202318260246435,
N566,2,CS_104,1.634963280641436,1.0202318260246435,
N566,3,CS_33,3.0209346262517562,1.8581595835807907,
N566,4,CS_102,3.7904313788244517,2.3680174884676455,
N566,5,CS_105,3.8716979428093543,2.449500972261058,
N566,6,CS_69,7.388996629460697,4.734468380332043,
N566,7,CS_99,8.193089258261542,5.270530132865939,
N567,1,CS_103,1.5248036998561436,0.9467921055011153,
N567,2,CS_104,1.5248036998561436,0.9467921055011153,
N567,3,CS_33,2.9107750454664636,1.7847198630572625,
N567,4,CS_102,3.680271798039159,2.294577767944117,
N567,5,CS_105,3.7615383620240617,2.3760612517375295,
N567,6,CS_69,7.2788370486754035,4.661028659808514,
N567,7,CS_99,8.082929677476248,5.19709041234241,
N568,1,CS_103,1.2939360799559791,0.8129558041097155,
N568,2,CS_104,1.2939360799559791,0.8129558041097155,
N568,3,CS_33,2.679907425566299,1.6508835616658628,
N568,4,CS_102,3.4494041781389946,2.1607414665527176,
N568,5,CS_105,3.530670742123897,2.24222495034613,
N568,6,CS_69,7.0479694287752395,4.527192358417115,
N568,7,CS_99,7.852062057576083,5.063254110951011,
N569,1,CS_103,1.566987555906522,0.9949901214100775,
N569,2,CS_104,1.566987555906522,0.9949901214100775,
N569,3,CS_33,2.9529589015168423,1.8329178789662248,
N569,4,CS_102,3.7224556540895377,2.3427757838530794,
N569,5,CS_105,3.8037222180744403,2.424259267646492,
N569,6,CS_69,7.321020904725782,4.709226675717477,
N569,7,CS_99,8.125113533526626,5.2452884282513725,
N570,1,CS_103,1.0574232060674527,0.6758468917105697,
N570,2,CS_104,1.0574232060674527,0.6758468917105697,
N570,3,CS_33,2.443394551677773,1.513774649266717,
N570,4,CS_102,3.2128913042504683,2.0236325541535716,
N570,5,CS_105,3.294157868235371,2.1051160379469844,
N570,6,CS_69,6.811456554886713,4.390083446017969,
N570,7,CS_99,7.615549183687557,4.926145198551865,
N571,1,CS_103,1.2645755517973005,0.8139484555304682,
N571,2,CS_104,1.2645755517973005,0.8139484555304682,
N571,3,CS_33,2.6505468974076205,1.6518762130866156,
N571,4,CS_102,3.420043649980316,2.16173411797347,
N571,5,CS_105,3.5013102139652186,2.243217601766883,
N571,6,CS_69,7.01860890061656,4.528185009837868,
N571,7,CS_99,7.8227015294174045,5.064246762371763,
N572,1,CS_103,1.1963762977796875,0.7563994086451986,
N572,2,CS_104,1.1963762977796875,0.7563994086451986,
N572,3,CS_33,2.5823476433900074,1.5943271662013458,
N572,4,CS_102,3.351844395962703,2.1041850710882004,
N572,5,CS_105,3.4331109599476055,2.1856685548816133,
N572,6,CS_69,6.950409646598947,4.470635962952598,
N572,7,CS_99,7.7545022753997905,5.006697715486493,
N573,1,CS_103,1.3022779881905158,0.8270005355857507,
N573,2,CS_104,1.3022779881905158,0.8270005355857507,
N573,3,CS_33,2.6882493338008357,1.664928293141898,
N573,4,CS_102,3.457746086373531,2.1747861980287526,
N573,5,CS_105,3.539012650358434,2.2562696818221655,
N573,6,CS_69,7.056311337009776,4.5412370898931504,
N573,7,CS_99,7.860403965810619,5.077298842427045,
N574,1,CS_103,0.7227512142218664,0.48183414281457754,
N574,2,CS_104,0.7227512142218664,0.48183414281457754,
N574,3,CS_33,2.1087225598321866,1.3197619003707248,
N574,4,CS_102,2.878219312404882,1.8296198052575796,
N574,5,CS_105,2.959485876389785,1.9111032890509922,
N574,6,CS_69,6.476784563041127,4.196070697121977,
N574,7,CS_99,7.28087719184197,4.7321324496558725,
N575,1,CS_103,0.5788274546343877,0.38588496975625847,
N575,2,CS_104,0.5788274546343877,0.38588496975625847,
N575,3,CS_33,1.9647988002447079,1.2238127273124058,
N575,4,CS_102,2.7342955528174033,1.7336706321992605,
N575,5,CS_105,2.8155621168023064,1.8151541159926732,
N575,6,CS_69,6.332860803453648,4.100121524063658,
N575,7,CS_99,7.136953432254492,4.636183276597553,
N576,1,CS_103,0.37387665341558723,0.2320283075837707,
N576,2,CS_104,0.37387665341558723,0.2320283075837707,
N576,3,CS_33,1.7598479990259075,1.0699560651399178,
N576,4,CS_102,2.5293447515986025,1.5798139700267728,
N576,5,CS_105,2.6106113155835056,1.6612974538201855,
N576,6,CS_69,6.127910002234848,3.9462648618911698,
N576,7,CS_99,6.932002631035692,4.482326614425065,
N577,1,CS_103,0.5459720611723868,0.34675857942163707,
N577,2,CS_104,0.5459720611723868,0.34675857942163707,
N577,3,CS_33,1.931943406782707,1.1846863369777842,
N577,4,CS_102,2.7014401593554025,1.6945442418646393,
N577,5,CS_105,2.7827067233403056,1.776027725658052,
N577,6,CS_69,6.300005409991647,4.060995133729037,
N577,7,CS_99,7.1040980387924915,4.597056886262932,
N578,1,CS_103,0.3805393918591684,0.2358907646525134,
N578,2,CS_104,0.3805393918591684,0.2358907646525134,
N578,3,CS_33,1.3570609826367144,0.836456345494009,
N578,4,CS_102,2.12655773520941,1.346314250380864,
N578,5,CS_105,2.207824299194313,1.4277977341742767,
N578,6,CS_69,5.725122985845655,3.7127651422452614,
N578,7,CS_99,6.529215614646498,4.248826894779157,
N579,1,CS_103,0.557047669950376,0.3535629500466518,
N579,2,CS_104,0.557047669950376,0.3535629500466518,
N579,3,CS_33,1.5335692607279223,0.9541285308881473,
N579,4,CS_102,2.3030660133006173,1.4639864357750023,
N579,5,CS_105,2.3843325772855204,1.545469919568415,
N579,6,CS_69,5.901631263936863,3.8304373276393995,
N579,7,CS_99,6.705723892737707,4.366499080173295,
N580,1,CS_103,0.6096113739044584,0.3686861165628265,
N580,2,CS_104,0.6096113739044584,0.3686861165628265,
N580,3,CS_33,1.1279890005914246,0.7036609935836959,
N580,4,CS_102,1.8974857531641196,1.213518898470551,
N580,5,CS_105,1.9787523171490227,1.2950023822639636,
N580,6,CS_69,5.496051003800364,3.5799697903349483,
N580,7,CS_99,6.300143632601207,4.116031542868844,
N581,1,CS_103,0.8297943129868115,0.5154747426177285,
N581,2,CS_104,0.8297943129868115,0.5154747426177285,
N581,3,CS_33,1.3481719396737772,0.850449619638598,
N581,4,CS_102,2.1176686922464727,1.360307524525453,
N581,5,CS_105,2.1989352562313758,1.4417910083188656,
N581,6,CS_69,5.716233942882718,3.7267584163898504,
N581,7,CS_99,6.520326571683562,4.262820168923746,
N582,1,CS_102,0.8472115188812527,0.5648076792541685,
N582,2,CS_105,1.5565108956794709,1.0103681559828364,
N582,3,CS_33,1.6224491639937701,1.0301611572171672,
N582,4,CS_103,1.6598856081873257,1.0173973357792088,
N582,5,CS_104,1.6598856081873257,1.0173973357792088,
N582,6,CS_69,4.445776769517498,2.931258571118566,
N582,7,CS_99,5.249869398318341,3.4673203236524612,
N583,1,CS_102,0.5627599783410488,0.3751733188940326,
N583,2,CS_105,1.8409624362196748,1.2000025163429724,
N583,3,CS_33,1.906900704533974,1.2197955175773032,
N583,4,CS_103,1.9443371487275296,1.2070316961393446,
N583,5,CS_104,1.9443371487275296,1.2070316961393446,
N583,6,CS_69,4.161325228977295,2.74162421075843,
N583,7,CS_99,4.965417857778137,3.277685963292326,
N584,1,CS_24,5.517621965757796,3.6001993063418043,
N584,2,CS_6,9.187042095956961,5.986141694265295,
N584,3,CS_32,9.858311250319657,6.493992162716378,
N584,4,CS_12,10.154402948784805,6.631059590637996,
N584,5,CS_69,10.160588888984897,6.695510588493205,
N584,6,CS_99,11.517928021206988,7.600403343307931,
N584,7,CS_30,11.864987053091877,7.831776031231192,
N585,1,CS_24,6.1837709158604675,4.044298606410252,
N585,2,CS_6,9.853191046059635,6.430240994333744,
N585,3,CS_32,10.524460200422329,6.938091462784826,
N585,4,CS_12,10.820551898887478,7.075158890706444,
N585,5,CS_69,10.826737839087569,7.139609888561653,
N585,6,CS_99,12.18407697130966,8.04450264337638,
N585,7,CS_30,12.53113600319455,8.27587533129964,
N586,1,CS_24,5.001414597023108,3.328538857581779,
N586,2,CS_6,8.670834727222276,5.7144812455052705,
N586,3,CS_32,9.34210388158497,6.222331713956353,
N586,4,CS_12,9.638195580050118,6.3593991418779705,
N586,5,CS_69,9.64438152025021,6.423850139733181,
N586,6,CS_99,11.0017206524723,7.328742894547908,
N586,7,CS_30,11.34877968435719,7.560115582471167,
N587,1,CS_24,4.684127299532146,3.117013992587805,
N587,2,CS_6,8.353547429731314,5.5029563805112955,
N587,3,CS_32,9.024816584094008,6.010806848962378,
N587,4,CS_12,9.320908282559158,6.1478742768839965,
N587,5,CS_69,9.327094222759248,6.2123252747392055,
N587,6,CS_99,10.684433354981339,7.117218029553932,
N587,7,CS_30,11.031492386866228,7.348590717477193,
N588,1,CS_24,2.372698936008191,1.5701238233743835,
N588,2,CS_6,6.042119066207357,3.9560662112978755,
N588,3,CS_32,6.713388220570052,4.463916679748958,
N588,4,CS_12,7.009479919035202,4.600984107670574,
N588,5,CS_69,7.015665859235291,4.665435105525786,
N588,6,CS_99,8.373004991457384,5.570327860340512,
N588,7,CS_30,8.720064023342273,5.801700548263772,
N589,1,CS_24,2.7617647390983953,1.8295010254345194,
N589,2,CS_6,6.431184869297562,4.215443413358011,
N589,3,CS_32,7.102454023660256,4.723293881809094,
N589,4,CS_12,7.398545722125406,4.860361309730711,
N589,5,CS_69,7.404731662325495,4.924812307585921,
N589,6,CS_99,8.762070794547586,5.829705062400648,
N589,7,CS_30,9.109129826432477,6.061077750323908,
N590,1,CS_24,0.835431271885487,0.5519504095579887,
N590,2,CS_32,4.274308985426456,2.844535551918635,
N590,3,CS_69,4.576586624091696,3.0460539776954616,
N590,4,CS_99,5.933925756313786,3.9509467325101886,
N590,5,CS_102,6.516739039430959,4.306896312695204,
N590,6,CS_6,7.145048393505532,4.698024125095398,
N590,7,CS_12,8.112409246333376,5.342942021468099,
N591,1,CS_24,1.1809246016299733,0.7822792960543129,
N591,2,CS_32,4.619802315170943,3.0748644384149593,
N591,3,CS_69,4.922079953836182,3.276382864191786,
N591,4,CS_99,6.279419086058273,4.181275619006513,
N591,5,CS_102,6.862232369175446,4.537225199191528,
N591,6,CS_6,7.490541723250018,4.928353011591723,
N591,7,CS_12,8.457902576077862,5.573270907964424,
N592,1,CS_24,3.149680002385052,2.073317326679181,
N592,2,CS_6,6.81910013258422,4.459259714602672,
N592,3,CS_32,7.4903692869469145,4.967110183053755,
N592,4,CS_12,7.786460985412063,5.1041776109753725,
N592,5,CS_69,7.7926469256121536,5.168628608830582,
N592,6,CS_99,9.149986057834246,6.073521363645309,
N592,7,CS_30,9.497045089719133,6.304894051568568,
N593,1,CS_24,3.487832672782715,2.2987524402776227,
N593,2,CS_6,7.1572528029818825,4.684694828201113,
N593,3,CS_32,7.828521957344577,5.192545296652197,
N593,4,CS_12,8.124613655809727,5.329612724573814,
N593,5,CS_69,8.130799596009817,5.394063722429024,
N593,6,CS_99,9.488138728231908,6.298956477243751,
N593,7,CS_30,9.835197760116797,6.53032916516701,
N594,1,CS_24,5.163828545784804,3.422691871356675,
N594,2,CS_6,8.833248675983972,5.808634259280167,
N594,3,CS_32,9.504517830346666,6.3164847277312495,
N594,4,CS_12,9.800609528811814,6.453552155652867,
N594,5,CS_69,9.806795469011906,6.518003153508078,
N594,6,CS_99,11.164134601233997,7.422895908322804,
N594,7,CS_30,11.511193633118886,7.654268596246063,
N595,1,CS_24,5.5431137823513,3.6755486957343395,
N595,2,CS_6,9.212533912550466,6.06149108365783,
N595,3,CS_32,9.883803066913162,6.569341552108913,
N595,4,CS_12,10.17989476537831,6.706408980030531,
N595,5,CS_69,10.186080705578402,6.77085997788574,
N595,6,CS_99,11.543419837800492,7.675752732700467,
N595,7,CS_30,11.890478869685381,7.907125420623728,
N596,1,CS_24,5.939552412344586,3.9265917194407303,
N596,2,CS_6,9.608972542543754,6.312534107364221,
N596,3,CS_32,10.280241696906447,6.820384575815304,
N596,4,CS_12,10.576333395371597,6.957452003736921,
N596,5,CS_69,10.582519335571687,7.021903001592131,
N596,6,CS_99,11.939858467793778,7.926795756406857,
N596,7,CS_30,12.286917499678669,8.158168444330116,
N597,1,CS_24,5.681890480455348,3.7548170981812374,
N597,2,CS_6,9.351310610654513,6.140759486104728,
N597,3,CS_32,10.022579765017209,6.648609954555811,
N597,4,CS_12,10.318671463482357,6.785677382477429,
N597,5,CS_69,10.324857403682449,6.850128380332638,
N597,6,CS_99,11.68219653590454,7.755021135147365,
N597,7,CS_30,12.029255567789429,7.9863938230706255,
N598,1,CS_6,0.38408613382820667,0.23837969765079295,
N598,2,CS_12,7.712986041204967,5.0036482326375324,
N598,3,CS_24,7.866948933871589,5.166617198803762,
N598,4,CS_30,9.423570145512038,6.204364673230729,
N598,5,CS_32,11.32677216875765,7.473166022061134,
N598,6,CS_69,11.62904980742289,7.674684447837961,
N598,7,CS_28,12.279711534421843,8.090053331016005,
N599,1,CS_6,0.7097908322623296,0.45551616327354155,
N599,2,CS_12,8.03869073963909,5.220784698260281,
N599,3,CS_24,8.192653632305712,5.383753664426511,
N599,4,CS_30,9.74927484394616,6.421501138853476,
N599,5,CS_32,11.652476867191773,7.6903024876838835,
N599,6,CS_69,11.954754505857013,7.891820913460711,
N599,7,CS_28,12.605416232855966,8.307189796638752,
N600,1,CS_6,0.18079229746274122,0.12052819830849415,
N600,2,CS_12,7.509692204839503,4.885796733295233,
N600,3,CS_24,7.663655097506123,5.048765699461463,
N600,4,CS_30,9.220276309146573,6.08651317388843,
N600,5,CS_32,11.123478332392184,7.355314522718835,
N600,6,CS_69,11.425755971057423,7.5568329484956624,
N600,7,CS_28,12.076417698056378,7.972201831673707,
N601,1,CS_6,0.46750849845758635,0.31167233230505753,
N601,2,CS_12,7.222976003844657,4.694652599298669,
N601,3,CS_24,7.3769388965112785,4.8576215654649,
N601,4,CS_30,8.933560108151728,5.8953690398918654,
N601,5,CS_32,10.83676213139734,7.1641703887222725,
N601,6,CS_69,11.13903977006258,7.3656888144991,
N601,7,CS_28,11.789701497061532,7.781057697677142,
N602,1,CS_6,0.8556014145958937,0.5547514635820029,
N602,2,CS_12,6.83488308770635,4.451573468021723,
N602,3,CS_24,6.98884598037297,4.614542434187954,
N602,4,CS_30,8.54546719201342,5.65228990861492,
N602,5,CS_32,10.44866921525903,6.921091257445326,
N602,6,CS_69,10.75094685392427,7.122609683222153,
N602,7,CS_28,11.401608580923225,7.537978566400197,
N603,1,CS_6,0.6474775124997385,0.41600219551789935,
N603,2,CS_12,7.043006989802505,4.590322736085827,
N603,3,CS_24,7.196969882469126,4.753291702252058,
N603,4,CS_30,8.753591094109575,5.791039176679024,
N603,5,CS_32,10.656793117355187,7.059840525509431,
N603,6,CS_69,10.959070756020427,7.261358951286258,
N603,7,CS_28,11.60973248301938,7.676727834464301,
N604,1,CS_6,3.4664913310936467,2.241532216952585,
N604,2,CS_12,4.433852183921493,2.8864501133252856,
N604,3,CS_24,4.587815076588114,3.049419079491515,
N604,4,CS_30,6.144436288228562,4.087166553918482,
N604,5,CS_32,8.047638311474174,5.355967902748889,
N604,6,CS_69,8.349915950139414,5.557486328525716,
N604,7,CS_28,9.000577677138368,5.9728552117037585,
N605,1,CS_6,3.6159853277729304,2.3411948814054413,
N605,2,CS_12,4.583346180600777,2.9861127777781413,
N605,3,CS_24,4.737309073267397,3.149081743944371,
N605,4,CS_30,6.293930284907846,4.186829218371337,
N605,5,CS_32,8.197132308153458,5.455630567201744,
N605,6,CS_69,8.499409946818698,5.657148992978572,
N605,7,CS_28,9.150071673817651,6.072517876156614,
N606,1,CS_6,1.3289097622787402,0.8291331144126385,
N606,2,CS_12,6.361574740023503,4.177191817191088,
N606,3,CS_24,6.515537632690124,4.340160783357319,
N606,4,CS_30,8.072158844330573,5.377908257784284,
N606,5,CS_32,9.975360867576185,6.646709606614691,
N606,6,CS_69,10.277638506241425,6.8482280323915194,
N606,7,CS_28,10.928300233240378,7.263596915569561,
N607,1,CS_6,1.5715609331802733,0.9909005616803273,
N607,2,CS_12,6.11892356912197,4.0154243699234,
N607,3,CS_24,6.272886461788591,4.17839333608963,
N607,4,CS_30,7.82950767342904,5.216140810516596,
N607,5,CS_32,9.732709696674652,6.484942159347003,
N607,6,CS_69,10.034987335339892,6.686460585123831,
N607,7,CS_28,10.685649062338845,7.101829468301873,
N608,1,CS_12,3.75361774786468,2.420167416778614,
N608,2,CS_6,4.44096643485277,2.878389213616538,
N608,3,CS_30,5.464201852171749,3.62088385737181,
N608,4,CS_24,5.562290180347237,3.686276076155468,
N608,5,CS_28,8.320343241081554,5.506572515157086,
N608,6,CS_44,8.935333285036242,5.9349714792814705,
N608,7,CS_32,9.022113415233298,5.992824899412841,
N609,1,CS_12,3.938630234371255,2.543509074449664,
N609,2,CS_6,4.625978921359344,3.001730871287588,
N609,3,CS_30,5.649214338678323,3.744225515042859,
N609,4,CS_24,5.747302666853812,3.809617733826517,
N609,5,CS_28,8.505355727588128,5.629914172828136,
N609,6,CS_44,9.120345771542816,6.0583131369525205,
N609,7,CS_32,9.207125901739873,6.116166557083891,
N610,1,CS_12,3.6933791561190508,2.3852464940275246,
N610,2,CS_6,4.380727843107141,2.8434682908654487,
N610,3,CS_30,5.403963260426121,3.58596293462072,
N610,4,CS_24,5.502051588601607,3.6513551534043778,
N610,5,CS_28,8.260104649335926,5.471651592405997,
N610,6,CS_44,8.875094693290613,5.900050556530381,
N610,7,CS_32,8.961874823487669,5.957903976661751,
N611,1,CS_12,3.784623835097609,2.4460762800132296,
N611,2,CS_6,4.471972522085697,2.904298076851154,
N611,3,CS_30,5.495207939404677,3.6467927206064257,
N611,4,CS_24,5.593296267580166,3.7121849393900836,
N611,5,CS_28,8.351349328314482,5.532481378391702,
N611,6,CS_44,8.96633937226917,5.960880342516086,
N611,7,CS_32,9.053119502466227,6.018733762647456,
N612,1,CS_12,3.232133551289777,2.1026828464235163,
N612,2,CS_30,8.048866381023089,5.253511028523907,
N612,3,CS_6,10.674341349788678,6.943489975491679,
N612,4,CS_28,10.905007769932894,7.139199686309184,
N612,5,CS_44,11.519997813887581,7.567598650433569,
N612,6,CS_24,11.795665095283143,7.75137683803061,
N612,7,CS_34,14.674233446145704,9.670422405272316,
N613,1,CS_12,3.334627673239057,2.171012261056369,
N613,2,CS_30,8.15136050297237,5.32184044315676,
N613,3,CS_6,10.776835471737957,7.011819390124532,
N613,4,CS_28,11.007501891882175,7.207529100942037,
N613,5,CS_44,11.622491935836862,7.635928065066421,
N613,6,CS_24,11.89815921723242,7.819706252663463,
N613,7,CS_34,14.776727568094985,9.738751819905168,
N614,1,CS_12,3.070782532104316,2.0091460237073067,
N614,2,CS_30,7.887515361837629,5.159974205807698,
N614,3,CS_6,10.512990330603218,6.84995315277547,
N614,4,CS_28,10.743656750747434,7.045662863592975,
N614,5,CS_44,11.358646794702121,7.474061827717359,
N614,6,CS_24,11.634314076097683,7.6578400153144015,
N614,7,CS_34,14.512882426960244,9.576885582556105,
N615,1,CS_12,2.9440187733873775,1.9246368512293477,
N615,2,CS_30,7.76075160312069,5.075465033329739,
N615,3,CS_6,10.38622657188628,6.765443980297511,
N615,4,CS_28,10.616892992030495,6.961153691115016,
N615,5,CS_44,11.231883035985181,7.389552655239401,
N615,6,CS_24,11.507550317380742,7.573330842836442,
N615,7,CS_34,14.386118668243304,9.492376410078148,
N616,1,CS_12,2.712467191545926,1.7904040501618392,
N616,2,CS_30,7.529200021279239,4.94123223226223,
N616,3,CS_6,10.154674990044827,6.631211179230002,
N616,4,CS_28,10.385341410189044,6.826920890047507,
N616,5,CS_44,11.00033145414373,7.2553198541718915,
N616,6,CS_24,11.275998735539291,7.439098041768934,
N616,7,CS_34,14.154567086401853,9.358143609010638,
N617,1,CS_12,2.562969778537197,1.6907391081560201,
N617,2,CS_30,7.379702608270511,4.841567290256411,
N617,3,CS_6,10.005177577036099,6.531546237224183,
N617,4,CS_28,10.235843997180316,6.727255948041688,
N617,5,CS_44,10.850834041135002,7.155654912166073,
N617,6,CS_24,11.126501322530563,7.339433099763114,
N617,7,CS_34,14.005069673393125,9.25847866700482,
N618,1,CS_24,6.540614282327036,4.3202386484921425,
N618,2,CS_6,10.210034412526204,6.706181036415633,
N618,3,CS_32,10.881303566888898,7.214031504866716,
N618,4,CS_12,11.177395265354045,7.351098932788333,
N618,5,CS_69,11.183581205554137,7.415549930643543,
N618,6,CS_99,12.540920337776228,8.32044268545827,
N618,7,CS_30,12.887979369661117,8.551815373381528,
N619,1,CS_24,6.273981471505246,4.142483441277616,
N619,2,CS_6,9.943401601704414,6.528425829201107,
N619,3,CS_32,10.614670756067108,7.03627629765219,
N619,4,CS_12,10.910762454532255,7.173343725573807,
N619,5,CS_69,10.916948394732348,7.237794723429017,
N619,6,CS_99,12.274287526954438,8.142687478243744,
N619,7,CS_30,12.621346558839328,8.374060166167002,
N620,1,CS_12,2.839460451396341,1.8640233312345438,
N620,2,CS_30,7.656193281129655,5.014851513334935,
N620,3,CS_6,10.281668249895242,6.7048304603027065,
N620,4,CS_28,10.51233467003946,6.900540171120212,
N620,5,CS_44,11.127324713994145,7.328939135244596,
N620,6,CS_24,11.402991995389707,7.512717322841637,
N620,7,CS_34,14.281560346252268,9.431762890083343,
N621,1,CS_12,3.052478090910172,2.006035090910431,
N621,2,CS_30,7.869210920643486,5.156863273010822,
N621,3,CS_6,10.494685889409073,6.846842219978594,
N621,4,CS_28,10.72535230955329,7.042551930796099,
N621,5,CS_44,11.340342353507978,7.470950894920484,
N621,6,CS_24,11.616009634903536,7.654729082517526,
N621,7,CS_34,14.494577985766101,9.57377464975923,
N622,1,CS_12,1.0501762700917865,0.6942247546733409,
N622,2,CS_30,5.866909099825099,3.845052936773733,
N622,3,CS_6,8.492384068590688,5.535031883741505,
N622,4,CS_28,8.723050488734904,5.730741594559009,
N622,5,CS_44,9.33804053268959,6.159140558683394,
N622,6,CS_24,9.613707814085151,6.342918746280437,
N622,7,CS_34,12.492276164947713,8.26196431352214,
N623,1,CS_12,0.8567337360424041,0.5652630653070859,
N623,2,CS_30,5.6734665657757155,3.716091247407478,
N623,3,CS_6,8.298941534541305,5.40607019437525,
N623,4,CS_28,8.52960795468552,5.601779905192755,
N623,5,CS_44,9.144597998640208,6.030178869317139,
N623,6,CS_24,9.42026528003577,6.2139570569141815,
N623,7,CS_34,12.298833630898331,8.133002624155885,
N624,1,CS_12,1.090783719939283,0.7177653053095707,
N624,2,CS_30,5.907516549672595,3.868593487409963,
N624,3,CS_6,8.532991518438184,5.5585724343777345,
N624,4,CS_28,8.763657938582401,5.75428214519524,
N624,5,CS_44,9.378647982537085,6.182681109319624,
N624,6,CS_24,9.654315263932647,6.366459296916666,
N624,7,CS_34,12.532883614795209,8.285504864158371,
N625,1,CS_12,1.240628661792807,0.8176619332119202,
N625,2,CS_30,6.05736149152612,3.9684901153123127,
N625,3,CS_6,8.682836460291709,5.658469062280084,
N625,4,CS_28,8.913502880435924,5.85417877309759,
N625,5,CS_44,9.528492924390612,6.282577737221974,
N625,6,CS_24,9.804160205786173,6.466355924819016,
N625,7,CS_34,12.682728556648735,8.385401492060721,
N626,1,CS_12,0.9834517808139078,0.6556345205426053,
N626,2,CS_30,4.08155775272275,2.6607114640933505,
N626,3,CS_6,6.707032721488338,4.350690411061123,
N626,4,CS_28,6.937699141632556,4.546400121878627,
N626,5,CS_44,7.5526891855872424,4.974799086003012,
N626,6,CS_24,7.828356466982804,5.158577273600053,
N626,7,CS_34,10.706924817845366,7.07762284084176,
N627,1,CS_12,0.7630467549172879,0.5086978366115253,
N627,2,CS_30,4.30196277861937,2.8076481480244304,
N627,3,CS_6,6.927437747384959,4.497627094992202,
N627,4,CS_28,7.158104167529175,4.693336805809707,
N627,5,CS_44,7.773094211483862,5.121735769934092,
N627,6,CS_24,8.048761492879423,5.305513957531133,
N627,7,CS_34,10.927329843741985,7.224559524772839,
N628,1,CS_12,1.1334795699690716,0.7426071519369031,
N628,2,CS_30,3.9315299635675856,2.5737388326990525,
N628,3,CS_6,6.557004932333174,4.263717779666825,
N628,4,CS_28,6.787671352477392,4.459427490484329,
N628,5,CS_44,7.402661396432078,4.887826454608715,
N628,6,CS_24,7.67832867782764,5.071604642205755,
N628,7,CS_34,10.556897028690202,6.990650209447462,
N629,1,CS_12,1.3238948942942808,0.8695507014870425,
N629,2,CS_30,4.121945287892795,2.700682382249192,
N629,3,CS_6,6.747420256658383,4.3906613292169645,
N629,4,CS_28,6.9780866768026,4.586371040034469,
N629,5,CS_44,7.593076720757287,5.014770004158853,
N629,6,CS_24,7.868744002152848,5.198548191755894,
N629,7,CS_34,10.74731235301541,7.117593758997601,
N630,1,CS_12,1.3333789630921198,0.858490858095192,
N630,2,CS_30,3.7316305704445374,2.457855126540764,
N630,3,CS_6,6.357105539210126,4.147834073508537,
N630,4,CS_28,6.587771959354343,4.343543784326041,
N630,5,CS_44,7.202762003309029,4.771942748450425,
N630,6,CS_24,7.478429284704591,4.955720936047466,
N630,7,CS_34,10.356997635567152,6.874766503289172,
N631,1,CS_12,1.5099367862489357,0.976196073533069,
N631,2,CS_30,3.9081883936013533,2.5755603419786413,
N631,3,CS_6,6.533663362366942,4.265539288946414,
N631,4,CS_28,6.764329782511159,4.461248999763917,
N631,5,CS_44,7.379319826465846,4.889647963888303,
N631,6,CS_24,7.654987107861407,5.073426151485344,
N631,7,CS_34,10.533555458723967,6.99247171872705,
N632,1,CS_155,0.5370934018887932,0.35806226792586215,
N632,2,CS_81,5.912796549489807,3.847550650668951,
N632,3,CS_78,7.746913176678933,5.128409218662497,
N632,4,CS_79,8.067886102922857,5.342391169491781,
N632,5,CS_80,12.617135645259236,8.375224197716033,
N632,6,CS_145,13.097051772467251,8.695168282521376,
N632,7,CS_83,14.019401683444801,9.310068223173078,
N633,1,CS_155,0.6993211148852077,0.4521073189382764,
N633,2,CS_81,5.750568836493392,3.753505599656537,
N633,3,CS_78,7.5846854636825185,5.034364167650084,
N633,4,CS_79,7.905658389926444,5.248346118479367,
N633,5,CS_80,12.45490793226282,8.28117914670362,
N633,6,CS_145,12.934824059470836,8.601123231508963,
N633,7,CS_83,13.857173970448386,9.216023172160664,
N634,1,CS_155,2.929663687679918,1.9390023674680834,
N634,2,CS_81,3.5202262636986816,2.26661055112673,
N634,3,CS_78,5.354342890887808,3.5474691191202767,
N634,4,CS_79,5.675315817131733,3.76145106994956,
N634,5,CS_80,10.224565359468112,6.794284098173812,
N634,6,CS_145,10.704481486676126,7.114228182979154,
N634,7,CS_83,11.626831397653678,7.729128123630858,
N635,1,CS_111,4.754204510547226,3.1624143713611614,
N635,2,CS_118,5.242831208019091,3.4881655030090704,
N635,3,CS_115,5.283181310248351,3.5150655711619105,
N635,4,CS_117,5.370993689330053,3.5736071572163786,
N635,5,CS_156,5.962409979900486,3.967884684263334,
N635,6,CS_110,6.031350523089725,4.013845046389494,
N635,7,CS_83,6.58529838339212,4.383143619924423,
N636,1,CS_78,2.6780823368195508,1.7669753745140413,
N636,2,CS_79,2.9990552630634757,1.9809573253433248,
N636,3,CS_81,5.279503188332853,3.435781876110242,
N636,4,CS_155,5.605924241748174,3.719496112074319,
N636,5,CS_80,7.548304805399855,5.013790353567578,
N636,6,CS_145,8.02822093260787,5.333734438372919,
N636,7,CS_83,8.950570843585423,5.948634379024623,
N637,1,CS_78,1.9163290382871903,1.2591398421591344,
N637,2,CS_79,2.2373019645311154,1.473121792988418,
N637,3,CS_81,6.041256486865214,3.943617408465149,
N637,4,CS_155,6.367677540280535,4.227331644429226,
N637,5,CS_80,6.786551506867495,4.50595482121267,
N637,6,CS_145,7.266467634075509,4.825898906018012,
N637,7,CS_83,8.188817545053062,5.440798846669716,
N638,1,CS_78,0.8580791183614639,0.5720527455743093,
N638,2,CS_79,1.179052044605389,0.7860346964035926,
N638,3,CS_80,5.728301586941768,3.8188677246278457,
N638,4,CS_145,6.208217714149782,4.138811809433187,
N638,5,CS_81,7.09950640679094,4.630704505049974,
N638,6,CS_83,7.130567625127336,4.753711750084891,
N638,7,CS_89,7.3409021725196375,4.893934781679758,
N639,1,CS_144,3.311392351916136,2.207594901277424,
N639,2,CS_118,3.9537079569347497,2.635805304623166,
N639,3,CS_117,4.081870438245712,2.7212469588304744,
N639,4,CS_152,4.785338490114669,3.1902256600764467,
N639,5,CS_80,4.876347898286791,3.2508985988578614,
N639,6,CS_110,5.842059694693706,3.894706463129137,
N639,7,CS_120,5.842759851855177,3.895173234570118,
N640,1,CS_144,1.2705277038332305,0.8470184692221537,
N640,2,CS_118,2.597122665768235,1.7314151105121567,
N640,3,CS_117,2.725285147079197,1.8168567647194647,
N640,4,CS_80,2.835483250203886,1.8903221668025907,
N640,5,CS_152,3.060177231592511,2.040118154395007,
N640,6,CS_110,4.485474403527191,2.9903162690181273,
N640,7,CS_83,4.859775272688524,3.2398501817923493,
N641,1,CS_144,1.286067731380241,0.8573784875868274,
N641,2,CS_118,2.5815826382212244,1.721055092147483,
N641,3,CS_117,2.709745119532186,1.806496746354791,
N641,4,CS_80,2.8510232777508966,1.9006821851672644,
N641,5,CS_152,3.0446372040455003,2.0297581360303334,
N641,6,CS_110,4.469934375980181,2.9799562506534536,
N641,7,CS_83,4.844235245141513,3.2294901634276756,
N642,1,CS_80,1.4209463866394536,0.9472975910929691,
N642,2,CS_144,2.6850645673976627,1.7900430449317755,
N642,3,CS_118,4.011659529332667,2.674439686221778,
N642,4,CS_117,4.13982201064363,2.7598813404290863,
N642,5,CS_152,4.474714095156943,2.983142730104629,
N642,6,CS_83,4.768050032391048,3.178700021594031,
N642,7,CS_110,5.900011267091624,3.933340844727749,
N643,1,CS_144,2.3200120084929736,1.5466746723286493,
N643,2,CS_118,3.5821684373413136,2.3881122915608755,
N643,3,CS_117,3.7103309186522755,2.4735539457681837,
N643,4,CS_80,3.8849675548636293,2.5899783699090864,
N643,5,CS_152,4.04522300316559,2.6968153354437265,
N643,6,CS_110,5.47052017510027,3.6470134500668463,
N643,7,CS_120,5.563945434890607,3.709296956593738,
N644,1,CS_144,1.30886443364126,0.8725762890941735,
N644,2,CS_118,2.604379340482243,1.736252893654829,
N644,3,CS_117,2.732541821793205,1.821694547862137,
N644,4,CS_80,2.8738199800119153,1.9158799866746103,
N644,5,CS_152,3.067433906306519,2.0449559375376793,
N644,6,CS_110,4.492731078241199,2.9951540521607996,
N644,7,CS_83,4.867031947402533,3.244687964935021,
N645,1,CS_150,2.67554383440104,1.764258263308788,
N645,2,CS_82,2.85520467395786,1.884032156346668,
N645,3,CS_83,7.436989799889257,4.9241043006977705,
N645,4,CS_76,7.620051317518518,5.046145312450612,
N645,5,CS_115,8.666968379348473,5.744090020337249,
N645,6,CS_112,9.638528841032857,6.391796994793506,
N645,7,CS_114,9.6512116239441,6.400252183401001,
N646,1,CS_144,1.857145132846971,1.238096755231314,
N646,2,CS_118,2.1023706169949996,1.4015804113299997,
N646,3,CS_117,2.2305330983059615,1.4870220655373076,
N646,4,CS_152,2.5654251828192756,1.7102834552128505,
N646,5,CS_80,3.4221006792176265,2.2814004528117513,
N646,6,CS_110,3.990722354753955,2.6604815698359703,
N646,7,CS_83,4.36502322391529,2.9100154826101923,
N647,1,CS_144,2.5877767142850017,1.7251844761900013,
N647,2,CS_118,2.828343497792983,1.8855623318619885,
N647,3,CS_117,2.956505979103945,1.9710039860692965,
N647,4,CS_152,3.6599740309729025,2.4399826873152684,
N647,5,CS_80,4.152732260655657,2.7684881737704385,
N647,6,CS_110,4.716695235551939,3.144463490367959,
N647,7,CS_120,4.71739539271341,3.1449302618089408,
N648,1,CS_118,1.204814926560561,0.8032099510403741,
N648,2,CS_117,1.332977407871523,0.888651605247682,
N648,3,CS_152,1.6678694923848372,1.111912994923225,
N648,4,CS_144,2.6628354430409042,1.7752236286939362,
N648,5,CS_110,3.093166664319517,2.0621111095463447,
N648,6,CS_83,3.46746753348085,2.3116450223205667,
N648,7,CS_111,3.705312950126654,2.4702086334177693,
N649,1,CS_78,0.09797973659516959,0.06531982439677973,
N649,2,CS_79,0.41895266283909455,0.27930177522606303,
N649,3,CS_145,5.448118332383488,3.632078888255658,
N649,4,CS_80,6.488400968708063,4.325600645805375,
N649,5,CS_89,6.580802790753343,4.387201860502229,
N649,6,CS_119,6.980233263616201,4.6534888424108,
N649,7,CS_95,7.679016283462857,5.119344188975237,
N650,1,CS_118,2.42324387940128,1.6154959196008531,
N650,2,CS_117,2.551406360712242,1.7009375738081611,
N650,3,CS_144,2.9928763326767047,1.9952508884511366,
N650,4,CS_152,3.2548744125811995,2.1699162750541325,
N650,5,CS_110,4.311595617160235,2.8743970781068238,
N650,6,CS_120,4.312295774321708,2.8748638495478054,
N650,7,CS_141,4.366108423671902,2.910738949114602,
N651,1,CS_150,2.42385390309576,1.5964649757719345,
N651,2,CS_82,2.60351474265258,1.7162388688098145,
N651,3,CS_83,7.185299868583976,4.756311013160917,
N651,4,CS_76,7.3683613862132376,4.878352024913759,
N651,5,CS_115,8.415278448043194,5.576296732800396,
N651,6,CS_112,9.38683890972758,6.224003707256652,
N651,7,CS_114,9.399521692638817,6.232458895864148,
N652,1,CS_83,1.440519160258241,0.9603461068388274,
N652,2,CS_152,2.026754660818196,1.3511697738787976,
N652,3,CS_115,2.926327776163421,1.9508851841089478,
N652,4,CS_118,2.9421087544933044,1.9614058363288696,
N652,5,CS_117,3.0702712358042663,2.0468474905361775,
N652,6,CS_156,3.6055564458155565,2.4037042972103713,
N652,7,CS_80,3.9601018727785258,2.640067915185684,
N653,1,CS_83,1.4560602555330224,0.970706837022015,
N653,2,CS_152,2.011213565543415,1.34080904369561,
N653,3,CS_118,2.926567659218523,1.951045106145682,
N653,4,CS_115,2.941868871438203,1.9612459142921355,
N653,5,CS_117,3.0547301405294847,2.03648676035299,
N653,6,CS_156,3.621097541090338,2.414065027393559,
N653,7,CS_80,3.944560777503744,2.6297071850024962,
N654,1,CS_113,4.042991505685017,2.759800374059904,
N654,2,CS_120,8.148934080259167,5.497095423776004,
N654,3,CS_118,8.36240719015498,5.639410830373213,
N654,4,CS_117,8.490569671465943,5.724852484580521,
N654,5,CS_141,8.915872790780302,6.0083878974567595,
N654,6,CS_127,9.155876210228643,6.168390177088988,
N654,7,CS_152,10.163017520563095,6.839817717311954,
N655,1,CS_118,0.6025549879321713,0.40170332528811425,
N655,2,CS_117,0.7307174692431334,0.4871449794954223,
N655,3,CS_152,1.3671856568734022,0.9114571045822681,
N655,4,CS_110,2.4909067256911275,1.6606044837940848,
N655,5,CS_111,3.103053011498264,2.068702007665509,
N655,6,CS_83,3.1667836979694153,2.1111891319796103,
N655,7,CS_144,3.265095381669294,2.176730254446196,
N656,1,CS_152,0.7919195673538455,0.5279463782358971,
N656,2,CS_118,1.177821077451728,0.7852140516344854,
N656,3,CS_117,1.30598355876269,0.8706557058417934,
N656,4,CS_83,2.591517608449858,1.727678405633239,
N656,5,CS_110,3.0661728152106837,2.044115210140456,
N656,6,CS_115,3.3925812653163807,2.261720843544254,
N656,7,CS_144,3.5387853680718955,2.359190245381264,
N657,1,CS_152,0.5271932755652327,0.35146218371015514,
N657,2,CS_118,1.4425473692403408,0.9616982461602273,
N657,3,CS_117,1.5707098505513029,1.0471399003675352,
N657,4,CS_83,2.450710897964786,1.6338072653098574,
N657,5,CS_115,3.2517745548313086,2.167849703220872,
N657,6,CS_110,3.330899106999296,2.220599404666198,
N657,7,CS_144,3.8035116598605088,2.535674439907006,
N658,1,CS_150,3.259058118166119,2.1532677858188403,
N658,2,CS_82,3.438718957722939,2.2730416788567203,
N658,3,CS_83,6.350095653513619,4.199508203114011,
N658,4,CS_76,6.53315717114288,4.321549214866852,
N658,5,CS_115,7.580074232972837,5.019493922753489,
N658,6,CS_112,8.55163469465722,5.667200897209746,
N658,7,CS_114,8.564317477568462,5.675656085817241,
N659,1,CS_152,1.0763120633335594,0.7175413755557063,
N659,2,CS_118,1.4622135734314419,0.9748090489542947,
N659,3,CS_117,1.590376054742404,1.0602507031616026,
N659,4,CS_83,2.3071251124701444,1.5380834083134298,
N659,5,CS_115,3.108188769336667,2.0721258462244445,
N659,6,CS_110,3.3505653111903975,2.2337102074602653,
N659,7,CS_156,3.7874174389888022,2.524944959325868,
N660,1,CS_80,5.226353906457634,3.4651270848423366,
N660,2,CS_78,6.406776873184833,4.252075729327136,
N660,3,CS_83,6.6286199446432015,4.399971110299382,
N660,4,CS_79,6.727749799428758,4.466057680156419,
N660,5,CS_152,7.183773254653593,4.770073316972977,
N660,6,CS_144,7.278847473209576,4.833456129343631,
N660,7,CS_118,8.099127348328702,5.380309379423048,
N661,1,CS_118,1.5437129386265815,1.0291419590843878,
N661,2,CS_117,1.6718754199375436,1.1145836132916958,
N661,3,CS_152,3.3443232690346933,2.229548846023129,
N661,4,CS_110,3.4320646763855374,2.2880431175903584,
N661,5,CS_120,3.4327648335470093,2.28850988903134,
N661,6,CS_141,3.486577482897204,2.324384988598136,
N661,7,CS_113,3.820490616433279,2.546993744288853,
N662,1,CS_89,0.7200222191679855,0.480014812778657,
N662,2,CS_145,3.0690388273876645,2.04602588492511,
N662,3,CS_95,3.198015662029747,2.1320104413531644,
N662,4,CS_119,4.601153758620379,3.0674358390802525,
N662,5,CS_98,5.0048308583130705,3.3365539055420466,
N662,6,CS_96,5.061731546115402,3.3744876974102676,
N662,7,CS_97,5.857486177259676,3.899257849442111,
N663,1,CS_152,1.0372983934555953,0.6915322623037302,
N663,2,CS_118,1.828732905827163,1.2191552705514421,
N663,3,CS_83,1.9406057800744234,1.2937371867162824,
N663,4,CS_117,1.9568953871381252,1.30459692475875,
N663,5,CS_115,2.7416694369409456,1.8277796246272973,
N663,6,CS_156,3.420898106593081,2.2805987377287207,
N663,7,CS_110,3.7170846435861185,2.4780564290574127,
N664,1,CS_78,2.462158201831275,1.6414388012208496,
N664,2,CS_79,2.7831311280752,1.855420752050133,
N664,3,CS_145,3.083939867147382,2.055959911431588,
N664,4,CS_89,4.2166243255172375,2.811082883678159,
N664,5,CS_119,4.616054798380096,3.0773698655867308,
N664,6,CS_95,5.314837818226751,3.5432252121511683,
N664,7,CS_154,6.076308942767282,4.050872628511521,
N665,1,CS_83,3.5634830520502003,2.375655368033467,
N665,2,CS_76,4.57173391696593,3.04782261131062,
N665,3,CS_115,5.0862435331208715,3.39082902208058,
N665,4,CS_156,6.380773257259243,4.253848838172828,
N665,5,CS_152,6.474979312337201,4.316652874891467,
N665,6,CS_112,6.590211440480272,4.393474293653514,
N665,7,CS_114,6.602894223391512,4.401929482261008,
N666,1,CS_80,6.687618536229057,4.439303504689952,
N666,2,CS_78,7.868041502956257,5.226252149174751,
N666,3,CS_83,8.089884574414624,5.374147530146997,
N666,4,CS_79,8.189014429200181,5.440234100004035,
N666,5,CS_152,8.645037884425017,5.744249736820592,
N666,6,CS_144,8.740112102981,5.807632549191247,
N666,7,CS_118,9.560391978100125,6.354485799270663,
N667,1,CS_76,2.4827381946510787,1.6551587964340522,
N667,2,CS_77,2.749462351173022,1.8329749007820146,
N667,3,CS_114,4.51389850107666,3.0092656673844402,
N667,4,CS_83,4.991992647066195,3.3279950980441297,
N667,5,CS_115,6.108662055583033,4.072441370388689,
N667,6,CS_112,6.454947878432693,4.3032985856217945,
N667,7,CS_156,6.82407053056391,4.549380353709273,
N668,1,CS_118,0.0845651571987308,0.056376771465820534,
N668,2,CS_117,0.21272763850969287,0.14181842567312858,
N668,3,CS_152,1.8851754876068427,1.256783658404562,
N668,4,CS_110,1.9729168949576865,1.3152779299717912,
N668,5,CS_111,2.5850631807648234,1.7233754538432156,
N668,6,CS_115,3.3117464204143365,2.207830946942891,
N668,7,CS_141,3.6467254062756287,2.4311502708504187,
N669,1,CS_83,0.8579469971440793,0.5719646647627196,
N669,2,CS_76,1.8661978620598092,1.2441319080398725,
N669,3,CS_115,2.38070747821475,1.5871383188098334,
N669,4,CS_156,3.675237202353121,2.4501581349020807,
N669,5,CS_152,3.769443257431079,2.51296217162072,
N669,6,CS_112,3.884675385574152,2.589783590382767,
N669,7,CS_114,3.8973581684853915,2.5982387789902606,
N670,1,CS_83,0.6385592355378394,0.4257061570252263,
N670,2,CS_115,2.12436785144302,1.4162452342953464,
N670,3,CS_152,2.3393449379921796,1.5595632919947864,
N670,4,CS_156,2.803596521095155,1.8690643473967699,
N670,5,CS_118,3.1307794503637467,2.087186300242498,
N670,6,CS_117,3.2589419316747086,2.172627954449806,
N670,7,CS_76,3.2962961814987093,2.197530787665806,
N671,1,CS_152,1.3836713502494806,0.9224475668329871,
N671,2,CS_118,2.1751058626210487,1.450070575080699,
N671,3,CS_83,2.286978736868309,1.5246524912455393,
N671,4,CS_117,2.3032683439320105,1.535512229288007,
N671,5,CS_115,2.3952964801470604,1.5968643200980404,
N671,6,CS_156,3.0745251497991957,2.0496834331994638,
N671,7,CS_111,3.842171346451174,2.5614475643007824,
N672,1,CS_83,0.38490888548062363,0.25660592365374907,
N672,2,CS_115,1.9076693665512945,1.2717795777008627,
N672,3,CS_152,2.592995288049395,1.7286635253662634,
N672,4,CS_76,3.042645831441493,2.028430554294329,
N672,5,CS_156,3.057246871152371,2.0381645807682474,
N672,6,CS_118,3.384429800420963,2.256286533613975,
N672,7,CS_112,3.447642511333047,2.298428340888697,
N673,1,CS_83,0.25088456707222107,0.16725637804814739,
N673,2,CS_115,1.7736450481428918,1.182430032095261,
N673,3,CS_152,2.727019606457798,1.8180130709718654,
N673,4,CS_76,2.908621513033091,1.939081008688727,
N673,5,CS_156,3.0681747722812625,2.0454498481875083,
N673,6,CS_112,3.313618192924644,2.2090787952830957,
N673,7,CS_118,3.518454118829366,2.345636079219577,
N674,1,CS_113,2.4812149754290287,1.6541433169526858,
N674,2,CS_120,4.477470905675833,2.9849806037838893,
N674,3,CS_118,4.690944015571649,3.127296010381099,
N674,4,CS_117,4.819106496882611,3.212737664588407,
N674,5,CS_127,4.873890035727865,3.249260023818577,
N674,6,CS_141,5.2444096161969656,3.496273077464644,
N674,7,CS_152,6.49155434597976,4.327702897319841,
N675,1,CS_118,2.0776748117308723,1.3851165411539148,
N675,2,CS_117,2.205837293041834,1.4705581953612228,
N675,3,CS_120,2.898802960442719,1.9325353069618125,
N675,4,CS_141,2.9526156097929137,1.9684104065286092,
N675,5,CS_113,3.286528743328989,2.191019162219326,
N675,6,CS_152,3.878285142138984,2.5855234280926567,
N675,7,CS_110,3.9660265494898272,2.6440176996598854,
N676,1,CS_118,2.0932165410727017,1.3954776940484679,
N676,2,CS_117,2.2213790223836636,1.4809193482557759,
N676,3,CS_120,2.883261231100889,1.9221741540672594,
N676,4,CS_141,2.937073880451084,1.9580492536340561,
N676,5,CS_113,3.3020704726708185,2.201380315113879,
N676,6,CS_152,3.8938268714808135,2.5958845809872098,
N676,7,CS_110,3.9815682788316566,2.6543788525544385,
N677,1,CS_113,2.8856447088248864,1.923763139216591,
N677,2,CS_120,4.073041172279975,2.715360781519984,
N677,3,CS_118,4.286514282175791,2.8576761881171935,
N677,4,CS_117,4.414676763486753,2.9431178423245017,
N677,5,CS_141,4.839979882801107,3.2266532552007385,
N677,6,CS_127,5.278319769123724,3.5188798460824824,
N677,7,CS_152,6.087124612583902,4.058083075055936,
N678,1,CS_113,2.338336865902015,1.558891243934677,
N678,2,CS_120,2.812393579262031,1.874929052841354,
N678,3,CS_118,3.025866689157846,2.017244459438564,
N678,4,CS_117,3.154029170468808,2.102686113645872,
N678,5,CS_141,3.579332289783163,2.386221526522109,
N678,6,CS_127,4.609457607360699,3.0729717382404664,
N678,7,CS_152,4.826477019565957,3.2176513463773055,
N679,1,CS_113,2.6088352668491788,1.7392235112327858,
N679,2,CS_120,4.605091197095984,3.0700607980639893,
N679,3,CS_127,4.746269744307716,3.164179829538477,
N679,4,CS_118,4.8185643069917985,3.212376204661199,
N679,5,CS_117,4.946726788302761,3.297817858868507,
N679,6,CS_141,5.372029907617116,3.581353271744744,
N679,7,CS_152,6.619174637399909,4.412783091599941,
N680,1,CS_83,0.03320395662150945,0.022135971081006296,
N680,2,CS_115,1.5559644376921802,1.03730962512812,
N680,3,CS_76,2.690940902582379,1.7939606017215861,
N680,4,CS_156,2.850494161830551,1.9003294412203673,
N680,5,CS_152,2.944700216908509,1.9631334779390062,
N680,6,CS_112,3.0959375824739324,2.0639583883159545,
N680,7,CS_114,3.3277502015321065,2.2185001343547377,
N681,1,CS_83,0.2756890158693336,0.1837926772462224,
N681,2,CS_115,1.7984494969400044,1.198966331293336,
N681,3,CS_76,2.448455843334555,1.6323038955563698,
N681,4,CS_156,3.092979221078375,2.0619861473855834,
N681,5,CS_152,3.1871852761563337,2.1247901841042225,
N681,6,CS_112,3.338422641721757,2.225615094481171,
N681,7,CS_114,3.5702352607799304,2.380156840519954,
N682,1,CS_118,2.2504039437277186,1.500269295818479,
N682,2,CS_117,2.3785664250386804,1.5857109500257869,
N682,3,CS_120,2.7260738284458728,1.8173825522972484,
N682,4,CS_141,2.7798864777960675,1.8532576518640453,
N682,5,CS_113,3.459257875325835,2.30617191688389,
N682,6,CS_152,4.05101427413583,2.7006761827572205,
N682,7,CS_146,4.114022225096988,2.6512105171268847,
N683,1,CS_113,2.6684603913308282,1.7789735942205522,
N683,2,CS_120,4.664716321577634,3.109810881051756,
N683,3,CS_118,4.878189431473448,3.2521262876489656,
N683,4,CS_117,5.00635191278441,3.337567941856274,
N683,5,CS_127,5.061135451629665,3.3740903010864436,
N683,6,CS_141,5.431655032098766,3.6211033547325107,
N683,7,CS_152,6.678799761881559,4.452533174587708,
N684,1,CS_76,0.6076002528057779,0.405066835203852,
N684,2,CS_83,2.1165446063981106,1.4110297375987402,
N684,3,CS_114,2.63876055923136,1.7591737061542398,
N684,4,CS_115,3.3465231858573277,2.231015457238218,
N684,5,CS_112,4.318083647541713,2.878722431694475,
N684,6,CS_156,4.503370079786776,3.00224671985785,
N684,7,CS_152,5.028040866685111,3.3520272444567407,
N685,1,CS_113,3.4632494495790285,2.308832966386019,
N685,2,CS_120,5.459505379825833,3.6396702532172225,
N685,3,CS_118,5.672978489721649,3.781985659814432,
N685,4,CS_117,5.801140971032611,3.8674273140217403,
N685,5,CS_127,5.855924509877866,3.90394967325191,
N685,6,CS_141,6.226444090346965,4.150962726897977,
N685,7,CS_152,7.47358882012976,4.982392546753173,
N686,1,CS_76,0.10744520339438592,0.07163013559625728,
N686,2,CS_114,2.138605509819968,1.4257370065466455,
N686,3,CS_83,2.6166996558095024,1.744466437206335,
N686,4,CS_115,3.73336906432634,2.488912709550893,
N686,5,CS_112,4.079654887176,2.7197699247839995,
N686,6,CS_156,4.448777539307217,2.9658516928714778,
N686,7,CS_119,4.564485448122822,3.0429902987485486,
N687,1,CS_95,0.5107743262667742,0.34051621751118283,
N687,2,CS_98,2.3175895225500978,1.5450596817000652,
N687,3,CS_96,2.3744902103524295,1.5829934735682862,
N687,4,CS_97,3.1702448414967037,2.1077636256001298,
N687,5,CS_87,3.3629810151735677,2.241987343449045,
N687,6,CS_89,3.4072635549309584,2.2715090366206385,
N687,7,CS_145,3.6321567113271165,2.4214378075514116,
N688,1,CS_83,2.109922920754548,1.400724670257954,
N688,2,CS_76,2.292984438383809,1.5227656820107947,
N688,3,CS_115,3.3399015002137653,2.220710389897432,
N688,4,CS_112,4.311461961898151,2.868417364353689,
N688,5,CS_114,4.3241447448093915,2.8768725529611827,
N688,6,CS_156,4.496748394143213,2.991941652517064,
N688,7,CS_152,5.021419181041548,3.3417221771159547,
N689,1,CS_83,1.2705416707873136,0.8470277805248758,
N689,2,CS_76,1.4536031884165748,0.9690687922777165,
N689,3,CS_115,2.500520250246532,1.6670135001643545,
N689,4,CS_112,3.472080711930917,2.314720474620611,
N689,5,CS_114,3.4847634948421566,2.3231756632281044,
N689,6,CS_156,3.6573671441759785,2.4382447627839863,
N689,7,CS_152,4.182037931074313,2.788025287382876,
N690,1,CS_110,0.60744209454527,0.40496139636351325,
N690,2,CS_118,1.4500399576111473,0.9666933050740983,
N690,3,CS_117,1.5782024389221094,1.0521349592814064,
N690,4,CS_141,2.281250605863212,1.5208337372421414,
N690,5,CS_111,2.3445110003897254,1.5630073335931502,
N690,6,CS_120,3.0493685580284553,2.032912372018971,
N690,7,CS_152,3.2506502880192594,2.1671001920128394,
N691,1,CS_118,0.8875786475924882,0.5917190983949921,
N691,2,CS_117,1.0157411289034501,0.6771607526023002,
N691,3,CS_110,1.1699034045639292,0.7799356030426193,
N691,4,CS_111,1.7820496903710663,1.188033126914044,
N691,5,CS_152,2.6881889780006,1.7921259853337332,
N691,6,CS_141,2.8437119158818716,1.8958079439212479,
N691,7,CS_115,3.0149274881197723,2.0099516587465147,
N692,1,CS_120,2.353901576326327,1.5692677175508847,
N692,2,CS_141,2.407714225676522,1.6051428171176811,
N692,3,CS_118,2.622576195847264,1.7483841305648427,
N692,4,CS_117,2.750738677158226,1.8338257847721506,
N692,5,CS_146,3.7418499729774415,2.4030956823805205,
N692,6,CS_113,3.7473814081832284,2.4982542721221526,
N692,7,CS_127,4.150965604424996,2.767310402949997,
N693,1,CS_114,1.777068978872831,1.1765220074990417,
N693,2,CS_119,3.2107895769458588,2.1323357395477274,
N693,3,CS_76,3.6161462605681005,2.402573528629221,
N693,4,CS_154,3.818915164824319,2.5377527981333667,
N693,5,CS_156,4.087241008360079,2.716636693823874,
N693,6,CS_83,4.731049705507362,3.1458424919220627,
N693,7,CS_115,4.782045960952352,3.1798399955520553,
N694,1,CS_150,4.7342171177275665,3.1271526452766265,
N694,2,CS_83,4.8749366539521715,3.225623343656225,
N694,3,CS_82,4.913877957284386,3.2469265383145065,
N694,4,CS_76,5.057998171581433,3.3476643554090653,
N694,5,CS_115,6.10491523341139,4.045609063295704,
N694,6,CS_112,7.076475695095774,4.69331603775196,
N694,7,CS_114,7.089158478007015,4.701771226359454,
N695,1,CS_89,1.4245444987526676,0.9496963325017784,
N695,2,CS_145,1.6201730461317092,1.0801153640878065,
N695,3,CS_95,2.5227579914621816,1.6818386609747877,
N695,4,CS_119,3.152287977364423,2.101525318242949,
N695,5,CS_98,4.329573187745506,2.8863821251636703,
N695,6,CS_96,4.386473875547837,2.9243159170318913,
N695,7,CS_154,4.612542121751609,3.0750280811677393,
N696,1,CS_111,1.0115908142313663,0.6743938761542443,
N696,2,CS_118,1.6580375237321876,1.1053583491547918,
N696,3,CS_117,1.7862000050431497,1.1908000033620998,
N696,4,CS_110,1.9403622807036287,1.2935748538024192,
N696,5,CS_115,2.244468611980073,1.4963124079867154,
N696,6,CS_156,2.923697281632208,1.9491315210881388,
N696,7,CS_152,3.4586478541403,2.3057652360935332,
N697,1,CS_145,2.076910204156041,1.384606802770694,
N697,2,CS_89,3.2095946625258973,2.139729775017264,
N697,3,CS_78,3.469187864822616,2.312791909881744,
N697,4,CS_119,3.609025135388755,2.4060167569258364,
N697,5,CS_79,3.790160791066541,2.5267738607110273,
N697,6,CS_95,4.307808155235411,2.871872103490274,
N697,7,CS_154,5.069279279775941,3.379519519850627,
N698,1,CS_111,1.18935404022004,0.7929026934800265,
N698,2,CS_118,1.6779807376919034,1.1186538251279357,
N698,3,CS_115,1.718330839921164,1.145553893280776,
N698,4,CS_117,1.8061432190028655,1.2040954793352436,
N698,5,CS_156,2.397559509573299,1.5983730063821995,
N698,6,CS_110,2.4665000527625383,1.6443333685083585,
N698,7,CS_83,3.020447913064932,2.0136319420432884,
N699,1,CS_95,1.2114361252268937,0.8076240834845959,
N699,2,CS_98,1.8908098060399872,1.2605398706933248,
N699,3,CS_96,1.9477104938423186,1.2984736625615458,
N699,4,CS_87,2.662319216213448,1.7748794774756322,
N699,5,CS_97,2.743465124986593,1.8232438145933894,
N699,6,CS_89,4.107925353891078,2.738616902594052,
N699,7,CS_145,4.332818510287236,2.888545673524824,
N700,1,CS_145,0.9560165432572606,0.637344362171507,
N700,2,CS_89,2.0887010016271166,1.3924673344180778,
N700,3,CS_119,2.488131474489974,1.6587543163266498,
N700,4,CS_95,3.18691449433663,2.124609662891087,
N700,5,CS_154,3.94838561887716,2.6322570792514406,
N700,6,CS_78,4.590081525721396,3.0600543504809306,
N700,7,CS_114,4.636897629293228,3.091265086195486,
N701,1,CS_83,0.9014342305470353,0.6009561536980236,
N701,2,CS_115,1.3085595151138127,0.8723730100758751,
N701,3,CS_112,2.280119976798198,1.520079984532132,
N701,4,CS_114,2.4595199276065807,1.6396799517377205,
N701,5,CS_156,2.4654064090432604,1.643604272695507,
N701,6,CS_76,2.634280426688142,1.7561869511254276,
N701,7,CS_152,3.8129304908340353,2.5419536605560236,
N702,1,CS_83,1.2687064870515703,0.8458043247010469,
N702,2,CS_115,1.6758317716183475,1.1172211810788983,
N702,3,CS_76,2.2782916670447584,1.5188611113631723,
N702,4,CS_112,2.6473922333027327,1.7649281555351555,
N702,5,CS_114,2.826792184111116,1.8845281227407435,
N702,6,CS_156,2.832678665547795,1.8884524436985302,
N702,7,CS_152,4.18020274733857,2.786801831559047,
N703,1,CS_83,3.069692644757031,2.0356192122187746,
N703,2,CS_76,3.2527541623862923,2.1576602239716154,
N703,3,CS_115,4.299671224216249,2.8556049318582533,
N703,4,CS_112,5.271231685900634,3.5033119063145097,
N703,5,CS_114,5.283914468811874,3.5117670949220035,
N703,6,CS_156,5.456518118145697,3.6268361944778853,
N703,7,CS_152,5.98118890504403,3.976616719076775,
N704,1,CS_76,0.22419987637076202,0.14946658424717468,
N704,2,CS_114,2.021850836843592,1.3479005578957277,
N704,3,CS_83,2.7334543287858786,1.8223028858572523,
N704,4,CS_115,3.6166143913499638,2.411076260899976,
N704,5,CS_112,3.9629002141996237,2.641933476133082,
N704,6,CS_156,4.332022866330841,2.88801524422056,
N704,7,CS_119,4.4477307751464465,2.965153850097631,
N705,1,CS_83,1.2988384438828557,0.8658922959219039,
N705,2,CS_115,1.6039380543684045,1.069292036245603,
N705,3,CS_112,1.9502238772180642,1.3001492514787096,
N705,4,CS_114,2.0621157142707602,1.3747438095138402,
N705,5,CS_76,2.2368762133523217,1.4912508089015473,
N705,6,CS_156,2.760784948297852,1.840523298865235,
N705,7,CS_152,4.210334704169855,2.806889802779904,
N706,1,CS_114,2.839433313572077,1.8929555423813849,
N706,2,CS_119,2.8397194803979495,1.8931463202652998,
N706,3,CS_154,4.299973624785136,2.8666490831900906,
N706,4,CS_76,4.678510595267347,3.1190070635115643,
N706,5,CS_145,4.935689341172816,3.2904595607818776,
N706,6,CS_156,5.149605343059327,3.433070228706217,
N706,7,CS_83,5.793414040206608,3.8622760268044063,
N707,1,CS_145,0.6239710722804186,0.4159807148536124,
N707,2,CS_119,2.156086003513132,1.437390669008755,
N707,3,CS_89,2.420746472603959,1.6138309817359724,
N707,4,CS_95,3.5189599653134724,2.345973310208982,
N707,5,CS_154,3.6163401479003188,2.410893431933546,
N707,6,CS_114,4.304852158316386,2.8699014388775907,
N707,7,CS_78,4.922126996698237,3.281417997798825,
N708,1,CS_114,1.6392724524688695,1.092848301645913,
N708,2,CS_83,1.7216817056847464,1.1477878037898313,
N708,3,CS_76,1.8140329515504305,1.2093553010336202,
N708,4,CS_115,2.0267813161702954,1.3511875441135304,
N708,5,CS_112,2.3730671390199554,1.582044759346637,
N708,6,CS_156,3.1836282100997426,2.122418806733162,
N708,7,CS_119,4.065152390771724,2.710101593847816,
N709,1,CS_115,0.427254602543061,0.28483640169537405,
N709,2,CS_156,1.106483272195196,0.7376555147967974,
N709,3,CS_83,1.8214815093176187,1.2143210062117458,
N709,4,CS_112,2.3156123296802154,1.5437415531201437,
N709,5,CS_111,2.480430277598143,1.6536201850654286,
N709,6,CS_118,2.969056975070006,1.9793713167133375,
N709,7,CS_117,3.097219456380968,2.0648129709206455,
N710,1,CS_115,0.3777335542583945,0.25182236950559633,
N710,2,CS_156,1.1560043204798627,0.7706695469865751,
N710,3,CS_83,1.7719604610329522,1.1813069740219682,
N710,4,CS_112,2.266091281395549,1.510727520930366,
N710,5,CS_111,2.5299513258828092,1.6866342172552062,
N710,6,CS_118,3.018578023354673,2.0123853489031154,
N710,7,CS_117,3.146740504665635,2.0978270031104236,
N711,1,CS_115,0.09747074376956591,0.06498049584637727,
N711,2,CS_156,1.3920004679079367,0.9280003119386245,
N711,3,CS_83,1.4916976505441237,0.994465100362749,
N711,4,CS_112,1.9858284709067202,1.3238856472711469,
N711,5,CS_111,2.8102141363716377,1.8734760909144252,
N711,6,CS_118,3.2988408338435016,2.1992272225623344,
N711,7,CS_114,3.314479669829038,2.2096531132193595,
N712,1,CS_115,0.8685066959133131,0.5790044639422087,
N712,2,CS_112,1.214792518762973,0.8098616791753153,
N712,3,CS_83,1.9143490203324687,1.2762326802216457,
N712,4,CS_156,2.025353589842761,1.3502357265618405,
N712,5,CS_114,2.797547072725852,1.8650313818172346,
N712,6,CS_76,2.972307571807413,1.9815383812049416,
N712,7,CS_111,3.5812500885153855,2.387500059010257,
N713,1,CS_112,0.7039068285021925,0.46927121900146174,
N713,2,CS_115,1.3793923861740935,0.9195949241160624,
N713,3,CS_83,2.425234710593249,1.6168231403954993,
N713,4,CS_156,2.536239280103541,1.6908261867356942,
N713,5,CS_114,3.308432762986632,2.2056218419910882,
N713,6,CS_76,3.4831932620681934,2.3221288413787953,
N713,7,CS_111,4.092135778776166,2.7280905191841103,
N714,1,CS_114,1.4162836014980333,0.9441890676653555,
N714,2,CS_119,1.4165697683239058,0.9443798455492706,
N714,3,CS_154,2.8768239127110915,1.9178826084740614,
N714,4,CS_76,3.255360883193303,2.1702405887955347,
N714,5,CS_145,3.512539629098772,2.341693086065848,
N714,6,CS_156,3.7264556309852814,2.484303753990188,
N714,7,CS_83,4.370264328132564,2.9135095520883763,
N715,1,CS_114,0.6995663858744554,0.46637759058297024,
N715,2,CS_119,2.1332869839474835,1.4221913226316558,
N715,3,CS_76,2.538643667569725,1.6924291117131496,
N715,4,CS_154,2.7414125718259434,1.8276083812172956,
N715,5,CS_156,3.0097384153617037,2.0064922769078026,
N715,6,CS_83,3.6535471125089867,2.435698075005991,
N715,7,CS_115,3.7045433679539754,2.4696955786359833,
N716,1,CS_145,1.0962467718205626,0.7308311812137085,
N716,2,CS_119,1.6838103039729884,1.1225402026486588,
N716,3,CS_89,2.8930221721441027,1.9286814480960683,
N716,4,CS_154,3.144064448360174,2.09604296557345,
N716,5,CS_114,3.832576458776242,2.555050972517495,
N716,6,CS_95,3.9912356648536162,2.6608237765690776,
N716,7,CS_84,5.129762608543137,3.419841739028758,
N717,1,CS_112,0.2577975696812682,0.1718650464541788,
N717,2,CS_115,1.8255016449950179,1.2170010966633453,
N717,3,CS_83,2.8713439694141734,1.9142293129427823,
N717,4,CS_156,2.982348538924465,1.9882323592829771,
N717,5,CS_114,3.7545420218075565,2.503028014538371,
N717,6,CS_76,3.929302520889118,2.619535013926078,
N717,7,CS_111,4.538245037597089,3.025496691731393,
N718,1,CS_119,0.34204360750934243,0.22802907167289496,
N718,2,CS_154,1.8022977518965284,1.2015318345976858,
N718,3,CS_145,2.4380134682842085,1.6253423121894726,
N718,4,CS_114,2.4908097623125967,1.6605398415417312,
N718,5,CS_84,3.787995912079491,2.5253306080529945,
N718,6,CS_89,4.234788868607748,2.823192579071833,
N718,7,CS_76,4.329887044007866,2.8865913626719104,
N719,1,CS_114,0.6500445917178619,0.43336306114524126,
N719,2,CS_119,2.182808778104077,1.4552058520693847,
N719,3,CS_76,2.4891218734131315,1.6594145822754205,
N719,4,CS_154,2.69189077766935,1.7945938517795668,
N719,5,CS_156,2.9602166212051104,1.9734777474700735,
N719,6,CS_83,3.6040253183523934,2.4026835455682622,
N719,7,CS_115,3.655021573797382,2.4366810491982545,
N720,1,CS_111,1.5189731639650708,1.0126487759767138,
N720,2,CS_141,1.8578436997673071,1.2385624665115382,
N720,3,CS_156,1.983501347573529,1.3223342317156863,
N720,4,CS_120,2.6259616519325504,1.7506411012883671,
N720,5,CS_142,2.6914808662972787,1.7943205775315194,
N720,6,CS_115,3.0869321346623058,2.0579547564415375,
N720,7,CS_118,3.588482738877066,2.392321825918044,
N721,1,CS_111,1.3780959504844872,0.9187306336563248,
N721,2,CS_156,1.8426241340929455,1.2284160893952971,
N721,3,CS_141,1.998720913247891,1.3324806088319274,
N721,4,CS_120,2.7668388654131344,1.8445592436087563,
N721,5,CS_142,2.8323580797778627,1.8882387198519084,
N721,6,CS_115,2.9460549211817226,1.9640366141211485,
N721,7,CS_118,3.447605525396483,2.298403683597655,
N722,1,CS_111,1.051268576055036,0.700845717370024,
N722,2,CS_156,1.5157967596634943,1.0105311731089963,
N722,3,CS_141,2.325548287677342,1.5503655251182282,
N722,4,CS_115,2.619227546752271,1.7461516978348477,
N722,5,CS_120,3.0936662398425856,2.0624441598950574,
N722,6,CS_118,3.1207781509670314,2.080518767311354,
N722,7,CS_142,3.1591854542073134,2.106123636138209,
N723,1,CS_156,1.2355271172851756,0.8236847448567838,
N723,2,CS_111,1.331538218433355,0.8876921456222366,
N723,3,CS_115,2.338957904373953,1.5593052695826353,
N723,4,CS_141,2.605817930055661,1.7372119533704407,
N723,5,CS_118,3.029907915303424,2.0199386102022823,
N723,6,CS_117,3.1580703966143857,2.1053802644095905,
N723,7,CS_120,3.3739358822209047,2.24929058814727,
N724,1,CS_114,0.2034867157595423,0.13565781050636153,
N724,2,CS_76,2.042563997454812,1.361709331636541,
N724,3,CS_156,2.513658745246791,1.675772496831194,
N724,4,CS_119,2.629366654062397,1.7529111027082644,
N724,5,CS_154,3.1190875523866524,2.079391701591102,
N724,6,CS_83,3.157467442394074,2.1049782949293827,
N724,7,CS_115,3.2084636978390626,2.138975798559375,
N725,1,CS_114,0.4537018678708928,0.3024679119139285,
N725,2,CS_156,2.2634435931354404,1.508962395423627,
N725,3,CS_76,2.2927791495661625,1.5285194330441079,
N725,4,CS_154,2.8688724002753023,1.9125816001835352,
N725,5,CS_119,2.879581806173747,1.9197212041158314,
N725,6,CS_115,2.9582485457277117,1.972165697151808,
N725,7,CS_83,3.4076825945054243,2.2717883963369494,
N726,1,CS_156,1.0023829549653454,0.6682553033102301,
N726,2,CS_111,1.5646823807531853,1.0431215871687904,
N726,3,CS_115,2.105813742054122,1.4038758280360815,
N726,4,CS_141,2.8389620923754917,1.8926413949169945,
N726,5,CS_118,3.2630520776232546,2.175368051748836,
N726,6,CS_114,3.3334879913829525,2.2223253275886354,
N726,7,CS_117,3.3912145589342164,2.2608097059561443,
N727,1,CS_114,0.9327448891113954,0.6218299260742636,
N727,2,CS_154,2.3898293790347998,1.5932195860231997,
N727,3,CS_119,2.4848701767386268,1.6565801178257513,
N727,4,CS_156,2.7424866143759425,1.8283244095839621,
N727,5,CS_76,2.771822170806665,1.847881447204443,
N727,6,CS_115,3.4372915669682143,2.291527711312143,
N727,7,CS_83,3.8867256157459265,2.5911504104972845,
N728,1,CS_141,0.7317501595134531,0.4878334396756354,
N728,2,CS_120,1.4998681116786967,0.9999120744524643,
N728,3,CS_110,2.608405893173332,1.7389372621155545,
N728,4,CS_111,2.645066704218925,1.7633778028126166,
N728,5,CS_142,2.8378605832352193,1.8919070554901463,
N728,6,CS_118,3.012765594649199,2.0085103964327993,
N728,7,CS_156,3.109594887827383,2.073063258551589,
N729,1,CS_141,0.5269544630016136,0.35130297533440913,
N729,2,CS_120,1.2950724151668573,0.8633816101112382,
N729,3,CS_110,2.403610196661493,1.6024067977743282,
N729,4,CS_111,2.8498624007307645,1.899908267153843,
N729,5,CS_142,3.0426562797470584,2.0284375198313724,
N729,6,CS_127,3.0921364432655247,2.06142429551035,
N729,7,CS_118,3.217561291161039,2.1450408607740257,
N730,1,CS_141,0.4647819260310938,0.30985461735406256,
N730,2,CS_120,1.2328998781963374,0.8219332521308915,
N730,3,CS_110,2.341437659690973,1.5609584397939815,
N730,4,CS_111,2.9120349377012844,1.9413566251341896,
N730,5,CS_127,3.029963906295005,2.0199759375300035,
N730,6,CS_142,3.1048288167175784,2.069885877811719,
N730,7,CS_118,3.2665086374432653,2.177672424962177,
N731,1,CS_156,1.5723550896476306,1.048236726431754,
N731,2,CS_111,1.66836619079581,1.1122441271972068,
N731,3,CS_115,2.6757858767364078,1.7838572511576054,
N731,4,CS_141,2.9426459024181164,1.9617639349454112,
N731,5,CS_118,3.3667358876658793,2.244490591777253,
N731,6,CS_117,3.494898368976841,2.329932245984561,
N731,7,CS_120,3.71076385458336,2.4738425697222404,
N732,1,CS_120,0.3064007222015039,0.2042671481343359,
N732,2,CS_141,1.0733394327226362,0.7155596218150908,
N732,3,CS_127,2.1034647503001715,1.4023098335334476,
N732,4,CS_110,2.821253028790677,1.880835352527118,
N732,5,CS_151,3.4121391693073297,2.274759446204887,
N732,6,CS_111,3.838534093696118,2.5590227291307452,
N732,7,CS_149,3.9307622610339763,2.620508174022651,
N733,1,CS_120,0.4627249998142235,0.3084833332094823,
N733,2,CS_141,0.9170151551099166,0.6113434367399444,
N733,3,CS_127,2.259789027912891,1.506526018608594,
N733,4,CS_110,2.6649287511779574,1.7766191674519716,
N733,5,CS_151,3.5684634469200494,2.378975631280033,
N733,6,CS_111,3.682209816083398,2.454806544055599,
N733,7,CS_142,3.875003695099692,2.583335796733128,
N734,1,CS_114,0.4692448542689045,0.3128299028459363,
N734,2,CS_156,2.2479006067374288,1.4986004044916192,
N734,3,CS_76,2.308322135964174,1.5388814239761157,
N734,4,CS_154,2.8844153866733144,1.9229435911155428,
N734,5,CS_119,2.895124792571759,1.9300831950478394,
N734,6,CS_115,2.9427055593297005,1.9618037062198004,
N734,7,CS_83,3.423225580903436,2.2821503872689575,
N735,1,CS_156,0.3973331295426156,0.2648887530284104,
N735,2,CS_115,1.092138082134887,0.7280920547565914,
N735,3,CS_114,2.3198123314637176,1.546541554309145,
N735,4,CS_83,2.486364988909445,1.657576659272963,
N735,5,CS_111,2.5783580406724207,1.7189053604482805,
N735,6,CS_112,2.842812979063119,1.8952086527087457,
N735,7,CS_138,3.069654966917252,2.0464366446115014,
N736,1,CS_156,1.1849106402072036,0.7899404268048025,
N736,2,CS_114,1.5322348207991296,1.0214898805327532,
N736,3,CS_115,1.879715592799475,1.2531437285329836,
N736,4,CS_138,3.0443093843140545,2.029539589542703,
N736,5,CS_112,3.115421123430692,2.076947415620461,
N736,6,CS_128,3.1500949844213,2.1000633229475336,
N736,7,CS_83,3.1897029861654613,2.126468657443641,
N737,1,CS_156,0.9983918888314226,0.6655945925542817,
N737,2,CS_115,1.693196841423694,1.1287978942824626,
N737,3,CS_114,1.7187535721749108,1.1458357147832738,
N737,4,CS_112,2.9289023720549103,1.95260158136994,
N737,5,CS_83,3.00318423478968,2.0021228231931203,
N737,6,CS_111,3.1794167999612273,2.119611199974152,
N737,7,CS_138,3.230828135689835,2.153885423793224,
N738,1,CS_156,0.6548178126911233,0.43654520846074885,
N738,2,CS_115,1.3496227652833945,0.8997485101889298,
N738,3,CS_114,2.0623276483152098,1.3748850988768067,
N738,4,CS_112,2.5853282959146107,1.7235521972764072,
N738,5,CS_83,2.6596101586493806,1.773073439099587,
N738,6,CS_111,2.8358427238209285,1.890561815880619,
N738,7,CS_138,3.3271396500657593,2.21809310004384,
N739,1,CS_120,0.6248273181451054,0.41655154543007034,
N739,2,CS_141,1.3917660286662374,0.9278440191108251,
N739,3,CS_127,1.78503815435657,1.1900254362377134,
N739,4,CS_151,3.093712573363728,2.0624750489091523,
N739,5,CS_110,3.1396796247342786,2.093119749822852,
N739,6,CS_149,3.6123356650903746,2.4082237767269166,
N739,7,CS_111,4.156960689639719,2.7713071264264797,
N740,1,CS_154,0.739198650275438,0.4927991001836254,
N740,2,CS_119,1.405142709130433,0.9367618060869554,
N740,3,CS_114,2.583375617870757,1.7222504119138378,
N740,4,CS_84,2.7248968104584006,1.8165978736389337,
N740,5,CS_145,3.501112569905299,2.334075046603533,
N740,6,CS_156,4.393117343135305,2.928744895423536,
N740,7,CS_76,4.422452899566027,2.948301933044017,
N741,1,CS_154,0.7225194112785855,0.4816796075190571,
N741,2,CS_119,1.4218219481272854,0.9478812987515237,
N741,3,CS_114,2.6000548568676094,1.7333699045784061,
N741,4,CS_84,2.741576049455253,1.827717366303502,
N741,5,CS_145,3.5177918089021514,2.3451945392681015,
N741,6,CS_156,4.409796582132158,2.9398643880881044,
N741,7,CS_76,4.439132138562879,2.9594214257085856,
N742,1,CS_114,0.8450871309652581,0.5633914206435053,
N742,2,CS_156,1.8720583300410754,1.2480388866940504,
N742,3,CS_115,2.5668632826333466,1.7112421884222313,
N742,4,CS_76,2.6841644126605275,1.7894429417736848,
N742,5,CS_154,3.260257663369668,2.173505108913112,
N742,6,CS_119,3.2709670692681123,2.1806447128454085,
N742,7,CS_138,3.350743490769979,2.2338289938466525,
N743,1,CS_114,0.658013396886058,0.43867559792403865,
N743,2,CS_156,2.4677551221506056,1.645170081433737,
N743,3,CS_76,2.4970906785813276,1.6647271190542179,
N743,4,CS_154,2.664560871260137,1.776373914173425,
N743,5,CS_119,2.7596016689639646,1.8397344459759766,
N743,6,CS_115,3.1625600747428773,2.108373383161918,
N743,7,CS_83,3.6119941235205895,2.4079960823470596,
N744,1,CS_142,0.3014562986177378,0.20097086574515854,
N744,2,CS_141,3.268154444130935,2.1787696294206236,
N744,3,CS_111,3.9089977316446123,2.605998487763075,
N744,4,CS_120,4.036272396296178,2.6908482641974527,
N744,5,CS_138,4.192765246799071,2.7951768311993805,
N744,6,CS_156,4.239621066544514,2.82641404436301,
N744,7,CS_128,4.298550846906316,2.8657005646042113,
N745,1,CS_114,1.5573809782899577,1.0382539855266386,
N745,2,CS_154,1.7651932898562372,1.176795526570825,
N745,3,CS_119,2.431137348711232,1.620758232474155,
N745,4,CS_156,3.3671227035545046,2.244748469036337,
N745,5,CS_76,3.3964582599852275,2.264305506656818,
N745,6,CS_84,3.7508914500392,2.5005943000261333,
N745,7,CS_115,4.061927656146777,2.707951770764518,
N746,1,CS_142,1.824644050266204,1.2164293668441362,
N746,2,CS_138,2.6695774951506044,1.779718330100403,
N746,3,CS_156,2.7164333148960473,1.8109555432640319,
N746,4,CS_128,2.77536309525785,1.8502420635052337,
N746,5,CS_161,2.899622911693146,1.933081941128764,
N746,6,CS_141,2.9523552538486566,1.9682368358991047,
N746,7,CS_111,2.9748187560710644,1.9832125040473763,
N747,1,CS_142,1.9384487894273896,1.2922991929515932,
N747,2,CS_138,2.555772755989419,1.7038485039929463,
N747,3,CS_156,2.602628575734862,1.7350857171565748,
N747,4,CS_128,2.661558356096665,1.7743722373977768,
N747,5,CS_161,2.785818172531961,1.8572121150213072,
N747,6,CS_111,2.8610140169098788,1.9073426779399192,
N747,7,CS_149,2.9722934139641115,1.9815289426427412,
N748,1,CS_114,0.5897560431171107,0.38269146159851963,
N748,2,CS_156,2.3684117955856347,1.5684619632442025,
N748,3,CS_76,2.42883332481238,1.608742982728699,
N748,4,CS_154,3.0049265755215204,1.992805149868126,
N748,5,CS_119,3.015635981419965,1.9999447538004227,
N748,6,CS_115,3.0632167481779065,2.0316652649723834,
N748,7,CS_83,3.543736769751642,2.3520119460215407,
N749,1,CS_114,1.2866225753934863,0.8577483835956575,
N749,2,CS_156,3.096364300658034,2.064242867105356,
N749,3,CS_76,3.125699857088756,2.083799904725837,
N749,4,CS_154,3.293170049767565,2.1954466998450437,
N749,5,CS_119,3.388210847471393,2.2588072316475953,
N749,6,CS_138,3.6653168493877404,2.443544566258493,
N749,7,CS_128,3.771102449494986,2.514068299663324,
N750,1,CS_127,0.12508978521396025,0.08339319014264016,
N750,2,CS_120,2.2847756872877154,1.5231837915251436,
N750,3,CS_141,3.0517143978088477,2.0344762652058983,
N750,4,CS_151,3.2477436138929043,2.1651624092619364,
N750,5,CS_149,4.210489853808507,2.806993235872338,
N750,6,CS_110,4.799627993876888,3.1997519959179255,
N750,7,CS_133,5.306365500599548,3.5344679260184373,
N751,1,CS_114,1.1277809474531446,0.751853964968763,
N751,2,CS_156,2.1547521465289616,1.436501431019308,
N751,3,CS_115,2.8495570991212333,1.899704732747489,
N751,4,CS_76,2.9668582291484142,1.9779054860989422,
N751,5,CS_138,3.0680496742820917,2.045366449521395,
N751,6,CS_128,3.1738352743893374,2.1158901829262255,
N751,7,CS_161,3.298095090824633,2.198730060549756,
N752,1,CS_114,2.0991188361757276,1.399412557450485,
N752,2,CS_156,2.7280627001532745,1.8187084667688498,
N752,3,CS_138,2.852820588605499,1.9018803924036658,
N752,4,CS_128,2.9586061887127446,1.9724041258084966,
N752,5,CS_161,3.0828660051480403,2.055244003432027,
N752,6,CS_115,3.422867652745546,2.2819117684970305,
N752,7,CS_76,3.9381961178709974,2.625464078580664,
N753,1,CS_114,2.0188416652484955,1.345894443498997,
N753,2,CS_156,2.052231068034517,1.3681540453563448,
N753,3,CS_138,2.176988956486741,1.4513259709911606,
N753,4,CS_128,2.2827745565939868,1.5218497043959913,
N753,5,CS_161,2.4070343730292825,1.6046895820195217,
N753,6,CS_115,2.7470360206267883,1.831357347084526,
N753,7,CS_149,3.6857952222606056,2.457196814840404,
N754,1,CS_138,1.8690628641518454,1.2460419094345636,
N754,2,CS_156,1.915918683897289,1.2772791225981928,
N754,3,CS_128,1.9748484642590913,1.3165656428393944,
N754,4,CS_161,2.099108280694387,1.3994055204629248,
N754,5,CS_149,2.285583522126538,1.5237223480843587,
N754,6,CS_131,2.580875584121055,1.72058372274737,
N754,7,CS_142,2.6251586812649625,1.7501057875099753,
N755,1,CS_156,0.41850493423130447,0.2790032894875363,
N755,2,CS_115,1.5219357213200815,1.0146238142133877,
N755,3,CS_111,2.1485604014872264,1.4323736009914843,
N755,4,CS_114,2.749609970648912,1.8330733137659416,
N755,5,CS_83,2.9161626280946393,1.9441084187297595,
N755,6,CS_112,3.2726106182483132,2.1817404121655417,
N755,7,CS_138,3.3664766138178304,2.24431774254522,
N756,1,CS_156,0.881031060446034,0.5873540402973559,
N756,2,CS_115,1.5758360130383053,1.050557342025537,
N756,3,CS_138,2.5859570360138338,1.7239713573425557,
N756,4,CS_128,2.6917426361210794,1.7944950907473864,
N756,5,CS_114,2.8035102623671357,1.8690068415780907,
N756,6,CS_161,2.8160024525563756,1.8773349683709168,
N756,7,CS_83,2.970062919812863,1.9800419465419088,
N757,1,CS_156,2.0704523148485454,1.3803015432323638,
N757,2,CS_138,2.0845551340090283,1.3897034226726857,
N757,3,CS_114,2.111275487726208,1.4075169918174721,
N757,4,CS_128,2.1903407341162744,1.4602271560775164,
N757,5,CS_161,2.31460055055157,1.5430670337010468,
N757,6,CS_115,2.7652572674408167,1.8435048449605447,
N757,7,CS_149,3.593361399782893,2.3955742665219293,
N758,1,CS_127,0.7982758281960256,0.5321838854640171,
N758,2,CS_151,2.574557570910839,1.7163717139405594,
N758,3,CS_120,2.9579617302697807,1.9719744868465205,
N758,4,CS_149,3.537303810826441,2.358202540550961,
N758,5,CS_141,3.724900440790913,2.4832669605272755,
N758,6,CS_133,4.633179457617483,3.08567723069706,
N758,7,CS_135,4.845817820681577,3.2305452137877184,
N759,1,CS_156,1.7264426386496923,1.150961759099795,
N759,2,CS_138,1.7405454578101756,1.160363638540117,
N759,3,CS_128,1.8463310579174215,1.2308873719449476,
N759,4,CS_161,1.9705908743527172,1.313727249568478,
N759,5,CS_115,2.4212475912419635,1.614165060827976,
N759,6,CS_114,2.455285163925061,1.6368567759500408,
N759,7,CS_149,3.24935172358404,2.1662344823893602,
N760,1,CS_154,0.955595020783311,0.637063347188874,
N760,2,CS_119,2.6231608923370233,1.7487739282246826,
N760,3,CS_114,3.801393801077347,2.5342625340515657,
N760,4,CS_84,3.942914993664991,2.628609995776661,
N760,5,CS_145,4.71913075311189,3.14608716874126,
N760,6,CS_138,5.552711111316773,3.7018074075445155,
N760,7,CS_156,5.611135526341896,3.7407570175612634,
N761,1,CS_154,2.0982599089304896,1.3988399392869932,
N761,2,CS_119,3.7658257804842017,2.5105505203228016,
N761,3,CS_114,4.944058689224526,3.2960391261496844,
N761,4,CS_84,5.085579881812169,3.3903865878747803,
N761,5,CS_145,5.861795641259068,3.9078637608393794,
N761,6,CS_138,6.695375999463952,4.463583999642635,
N761,7,CS_156,6.753800414489076,4.502533609659382,
N762,1,CS_149,2.5178344607851284,1.6785563071900858,
N762,2,CS_138,4.48508269250823,2.9900551283388195,
N762,3,CS_128,4.590868292615475,3.0605788617436502,
N762,4,CS_131,4.637751777358173,3.091834518238782,
N762,5,CS_151,4.686759489814167,3.1245063265427784,
N762,6,CS_161,4.715128109050771,3.143418739367181,
N762,7,CS_120,5.189504686686027,3.459669791124018,
N763,1,CS_149,0.7827463786672909,0.5218309191115273,
N763,2,CS_138,2.749994610390392,1.8333297402602615,
N763,3,CS_128,2.8557802104976377,1.903853473665092,
N763,4,CS_131,2.902663695240335,1.9351091301602232,
N763,5,CS_151,2.95167140769633,1.9677809384642202,
N763,6,CS_161,2.980040026932934,1.9866933512886225,
N763,7,CS_120,3.45441660456819,2.3029444030454598,
N764,1,CS_127,1.2516406385446905,0.834427092363127,
N764,2,CS_151,3.0279223812595037,2.0186149208396698,
N764,3,CS_120,3.411326540618446,2.274217693745631,
N764,4,CS_149,3.9906686211751063,2.660445747450071,
N764,5,CS_141,4.178265251139578,2.7855101674263856,
N764,6,CS_133,5.086544267966148,3.3879204375961702,
N764,7,CS_135,5.299182631030242,3.5327884206868285,
N765,1,CS_114,1.992536155465227,1.3076355323054483,
N765,2,CS_156,3.7711919079337504,2.4934060339511315,
N765,3,CS_76,3.8316134371604966,2.5336870534356275,
N765,4,CS_154,4.407706687869637,2.9177492205750544,
N765,5,CS_119,4.418416093768081,2.9248888245073514,
N765,6,CS_115,4.4659968605260225,2.9566093356793126,
N765,7,CS_83,4.946516882099759,3.2769560167284695,
N766,1,CS_151,1.5555007851923697,1.0370005234615798,
N766,2,CS_127,2.1566626378512153,1.4377750919008103,
N766,3,CS_120,2.163039106316464,1.4420260708776427,
N766,4,CS_149,2.1789170011712513,1.4526113341141675,
N766,5,CS_141,2.9299778168375963,1.9533185445583976,
N766,6,CS_133,3.614122671899014,2.406306040218081,
N766,7,CS_135,3.826761034963108,2.5511740233087385,
N767,1,CS_151,1.3858357732240094,0.9238905154826729,
N767,2,CS_127,1.9869976258828552,1.3246650839219034,
N767,3,CS_120,2.3327041182848243,1.5551360788565496,
N767,4,CS_149,2.3485820131396116,1.5657213420930745,
N767,5,CS_141,3.0996428288059565,2.0664285525373045,
N767,6,CS_133,3.444457659930653,2.293196032239174,
N767,7,CS_135,3.657096022994747,2.4380640153298314,
N768,1,CS_151,1.2650128459565353,0.8433418973043567,
N768,2,CS_127,2.1078205531503293,1.4052137021002196,
N768,3,CS_120,2.4535270455522986,1.6356846970348655,
N768,4,CS_149,2.469404940407086,1.6462699602713906,
N768,5,CS_141,3.220465756073431,2.1469771707156204,
N768,6,CS_133,3.323634732663179,2.212647414060858,
N768,7,CS_135,3.536273095727273,2.3575153971515155,
N769,1,CS_138,1.0889749264011643,0.7259832842674429,
N769,2,CS_128,1.1947605265084102,0.7965070176722735,
N769,3,CS_161,1.319020342943706,0.8793468952958039,
N769,4,CS_156,2.3780131700587033,1.585342113372469,
N769,5,CS_149,2.597781192175029,1.7318541281166862,
N769,6,CS_131,2.6510350957613737,1.7673567305075828,
N769,7,CS_115,3.072818122650975,2.0485454151006497,
N770,1,CS_138,3.8467245469213953,2.5644830312809295,
N770,2,CS_128,3.952510147028641,2.6350067646857602,
N770,3,CS_161,4.076769963463937,2.717846642309291,
N770,4,CS_131,4.361837595122656,2.90789173008177,
N770,5,CS_154,4.859596828166976,3.2397312187779836,
N770,6,CS_149,5.008825069295339,3.3392167128635597,
N770,7,CS_133,5.39218496566838,3.5916809027309915,
N771,1,CS_149,0.4454918441554076,0.2969945627702717,
N771,2,CS_138,1.5581717081829765,1.038781138788651,
N771,3,CS_128,1.6639573082902224,1.1093048721934817,
N771,4,CS_131,1.71084079303292,1.1405605286886131,
N771,5,CS_161,1.788217124725518,1.1921447498170121,
N771,6,CS_133,2.3971605642656026,1.5949979684624733,
N771,7,CS_156,3.7560103618684195,2.50400690791228,
N772,1,CS_138,0.8983646998084618,0.5989097998723079,
N772,2,CS_128,1.0041502999157077,0.6694335332771385,
N772,3,CS_161,1.1284101163510034,0.752273410900669,
N772,4,CS_149,1.3148853577831543,0.8765902385221029,
N772,5,CS_131,1.610177419777671,1.0734516131851142,
N772,6,CS_133,2.640524790323396,1.7572407858343353,
N772,7,CS_156,2.886616848240673,1.9244112321604487,
N773,1,CS_138,2.747716925427252,1.8318112836181681,
N773,2,CS_128,2.853502525534498,1.902335017022999,
N773,3,CS_161,2.977762341969794,1.9851748946465293,
N773,4,CS_131,3.262829973628513,2.1752199824190086,
N773,5,CS_154,3.7605892066728326,2.507059471115222,
N773,6,CS_149,3.9098174478011964,2.606544965200798,
N773,7,CS_133,4.293177344174238,2.8590091550682306,
N774,1,CS_138,0.7935714471818458,0.5290476314545638,
N774,2,CS_128,0.8993570472890917,0.5995713648593944,
N774,3,CS_161,1.0236168637243874,0.682411242482925,
N774,4,CS_149,1.2100921051565383,0.8067280701043589,
N774,5,CS_131,1.505384167151055,1.00358944476737,
N774,6,CS_133,2.53573153769678,1.6873786174165915,
N774,7,CS_156,2.991410100867289,1.9942734005781926,
N775,1,CS_138,0.2474286432822596,0.16495242885483974,
N775,2,CS_128,0.3532142433895055,0.23547616225967036,
N775,3,CS_161,0.4774740598248013,0.31831603988320084,
N775,4,CS_149,1.7562349090561244,1.170823272704083,
N775,5,CS_131,1.8094888126424697,1.2063258750949797,
N775,6,CS_133,2.8398361831881944,1.8901150477442012,
N775,7,CS_156,3.2195594531776077,2.146372968785072,
N776,1,CS_154,2.1298788747758,1.4199192498505333,
N776,2,CS_119,3.797444746329512,2.531629830886342,
N776,3,CS_114,4.975677655069836,3.3171184367132245,
N776,4,CS_84,5.11719884765748,3.4114658984383204,
N776,5,CS_129,5.762199358155137,3.8379379820166784,
N776,6,CS_126,5.854491499245256,3.899466076076757,
N776,7,CS_145,5.893414607104378,3.92894307140292,
N777,1,CS_138,2.355828506138636,1.5705523374257573,
N777,2,CS_128,2.461614106245882,1.6410760708305878,
N777,3,CS_161,2.585873922681178,1.7239159484541182,
N777,4,CS_131,2.8709415543398964,1.9139610362265977,
N777,5,CS_149,3.5179290285125795,2.3452860190083866,
N777,6,CS_133,3.9012889248856206,2.5977502088758193,
N777,7,CS_154,4.152477625961449,2.7683184173076323,
N778,1,CS_138,0.3725436090329495,0.24836240602196635,
N778,2,CS_128,0.4783292091401954,0.31888613942679694,
N778,3,CS_161,0.6025890255754912,0.40172601705032746,
N778,4,CS_149,1.6311199433054346,1.0874132955369564,
N778,5,CS_131,1.6843738468917802,1.1229158979278533,
N778,6,CS_133,2.7147212174375053,1.8067050705770744,
N778,7,CS_156,3.3446744189282978,2.2297829459521985,
N779,1,CS_151,0.8104011254135554,0.5402674169423702,
N779,2,CS_127,2.562432273693309,1.7082881824622063,
N779,3,CS_133,2.8690230121201994,1.9095729336988712,
N779,4,CS_120,2.9081387660952784,1.9387591773968522,
N779,5,CS_149,2.9240166609500653,1.9493444406333773,
N779,6,CS_135,3.0816613751842934,2.0544409167895292,
N779,7,CS_131,3.3682190318310106,2.2454793545540075,
N780,1,CS_138,0.7709022038617344,0.5139348025744895,
N780,2,CS_128,0.8766878039689803,0.5844585359793202,
N780,3,CS_161,1.000947620404276,0.6672984136028506,
N780,4,CS_131,1.2860152520629953,0.8573435013753301,
N780,5,CS_149,1.9330027262356786,1.288668484157119,
N780,6,CS_133,2.31636262260872,1.5411326740245515,
N780,7,CS_135,3.680943728586984,2.453962485724656,
N781,1,CS_138,1.00644834496721,0.6709655633114733,
N781,2,CS_128,1.1122339450744558,0.7414892967163039,
N781,3,CS_161,1.2364937615097515,0.8243291743398344,
N781,4,CS_131,1.5215613931684708,1.014374262112314,
N781,5,CS_149,2.168548867341154,1.4456992448941026,
N781,6,CS_133,2.551908763714196,1.6981634347615353,
N781,7,CS_135,3.91648986969246,2.61099324646164,
N782,1,CS_138,0.8855766799744893,0.5903844533163263,
N782,2,CS_128,0.9913622800817352,0.6609081867211568,
N782,3,CS_161,1.115622096517031,0.7437480643446873,
N782,4,CS_131,1.1713407759502399,0.7808938506334934,
N782,5,CS_149,1.8183282501229234,1.2122188334152821,
N782,6,CS_133,2.201688146495965,1.4646830232827148,
N782,7,CS_135,3.5662692524742288,2.377512834982819,
N783,1,CS_138,1.0226730568572744,0.6817820379048495,
N783,2,CS_131,1.0342443990674552,0.68949626604497,
N783,3,CS_128,1.1284586569645203,0.7523057713096801,
N783,4,CS_161,1.252718473399816,0.8351456489332105,
N783,5,CS_149,1.6812318732401386,1.1208212488267588,
N783,6,CS_133,2.06459176961318,1.3732854386941915,
N783,7,CS_135,3.4291728755914446,2.286115250394296,
N784,1,CS_131,0.7643127053915753,0.5095418035943835,
N784,2,CS_149,1.392019931796752,0.9280132878645013,
N784,3,CS_133,1.450632476624258,0.9639792433682437,
N784,4,CS_138,1.6366323498461959,1.0910882332307974,
N784,5,CS_128,1.7424179499534418,1.161611966635628,
N784,6,CS_161,1.8666777663887375,1.2444518442591586,
N784,7,CS_135,2.815213582602522,1.8768090550683485,
N785,1,CS_131,0.5922989057350543,0.39486593715670293,
N785,2,CS_138,1.4646185501896751,0.9764123667931167,
N785,3,CS_149,1.564033731453273,1.042689154302182,
N785,4,CS_128,1.570404150296921,1.0469361001979474,
N785,5,CS_133,1.6226462762807792,1.0786551098059243,
N785,6,CS_161,1.6946639667322168,1.1297759778214778,
N785,7,CS_135,2.9872273822590434,1.9914849215060288,
N786,1,CS_133,1.479040689561859,0.982918051993311,
N786,2,CS_131,1.9782367092726711,1.3188244728484473,
N786,3,CS_151,2.2003834479718956,1.4669222986479304,
N786,4,CS_149,2.6059439356778475,1.737295957118565,
N786,5,CS_135,2.843621795540123,1.8957478636934157,
N786,6,CS_138,2.850556353727292,1.9003709024848612,
N786,7,CS_128,2.9563419538345377,1.9708946358896917,
N787,1,CS_151,0.22642082709977093,0.15094721806651396,
N787,2,CS_135,2.4976810768705087,1.6651207179136727,
N787,3,CS_127,3.1464125720070935,2.0976083813380626,
N787,4,CS_133,3.3643027768036013,2.239759443487806,
N787,5,CS_120,3.492119064409063,2.328079376272709,
N787,6,CS_149,3.50799695926385,2.338664639509233,
N787,7,CS_131,3.863498796514413,2.5756658643429424,
N788,1,CS_122,0.6088522303456031,0.39080989490755147,
N788,2,CS_140,0.7603464983317186,0.49180607356496187,
N788,3,CS_121,3.5590607054622985,2.3412072858294533,
N788,4,CS_137,4.378645283898114,2.904005263942558,
N788,5,CS_135,14.971648463915345,9.966007383954047,
N788,6,CS_125,15.58662735929002,10.333286432675191,
N788,7,CS_124,15.602103414537744,10.34360380284034,
N789,1,CS_131,0.9239398404077952,0.6159598936051968,
N789,2,CS_133,1.291005341608038,0.8575611533574304,
N789,3,CS_149,1.551647066812972,1.0344313778753147,
N789,4,CS_138,1.7962594848624158,1.1975063232416105,
N789,5,CS_128,1.9020450849696617,1.2680300566464413,
N789,6,CS_161,2.0263049014049574,1.3508699342699717,
N789,7,CS_135,2.6555864475863022,1.770390965057535,
N790,1,CS_133,1.0976698583978952,0.7286708312173352,
N790,2,CS_131,1.117275323617938,0.744850215745292,
N790,3,CS_149,1.7449825500231149,1.16332170001541,
N790,4,CS_138,1.9895949680725586,1.3263966453817058,
N790,5,CS_128,2.0953805681798046,1.3969203787865365,
N790,6,CS_161,2.2196403846151003,1.479760256410067,
N790,7,CS_135,2.46225096437616,1.6415006429174397,
N791,1,CS_93,4.0397003517497225,2.649657296394322,
N791,2,CS_88,4.405085475189459,2.9367236501263063,
N791,3,CS_87,4.943869728711714,3.2959131524744767,
N791,4,CS_95,5.293545097575166,3.5290300650501107,
N791,5,CS_98,5.97291877838826,3.9819458522588396,
N791,6,CS_96,6.029819466190591,4.019879644127061,
N791,7,CS_97,6.825574097334865,4.544649796158904,
N792,1,CS_133,0.8578745811525107,0.5688073130537454,
N792,2,CS_131,1.3570706008633229,0.9047137339088819,
N792,3,CS_149,1.9847778272684995,1.3231852181789996,
N792,4,CS_135,2.222455687130775,1.48163712475385,
N792,5,CS_138,2.2293902453179433,1.4862601635452957,
N792,6,CS_128,2.3351758454251894,1.5567838969501262,
N792,7,CS_161,2.459435661860485,1.6396237745736566,
N793,1,CS_133,0.9725516832994101,0.6452587144850117,
N793,2,CS_131,1.2423934987164231,0.8282623324776155,
N793,3,CS_149,1.8701007251216002,1.2467338167477333,
N793,4,CS_138,2.1147131431710435,1.4098087621140296,
N793,5,CS_128,2.2204987432782897,1.4803324955188601,
N793,6,CS_135,2.3371327892776743,1.5580885261851163,
N793,7,CS_161,2.3447585597135854,1.5631723731423905,
N794,1,CS_87,2.8459190352607378,1.8972793568404918,
N794,2,CS_95,3.8305851856831628,2.5537234571221084,
N794,3,CS_98,4.509958866496257,3.0066392443308376,
N794,4,CS_96,4.566859554298588,3.0445730361990586,
N794,5,CS_97,5.362614185442863,3.569343188230902,
N794,6,CS_89,6.727074414347346,4.484716276231564,
N794,7,CS_145,6.951967570743506,4.634645047162336,
N795,1,CS_137,2.149118313540526,1.4327455423603508,
N795,2,CS_122,2.993182848186563,1.9954552321243755,
N795,3,CS_140,3.1446771161726788,2.096451410781786,
N795,4,CS_121,4.709127637547843,3.123010165876,
N795,5,CS_135,12.742121493557757,8.49474766237184,
N795,6,CS_125,13.357100388932434,8.862026711092984,
N795,7,CS_124,13.372576444180158,8.872344081258133,
N796,1,CS_131,3.6980037312817085,2.465335820854472,
N796,2,CS_132,4.321670111954006,2.8811134079693375,
N796,3,CS_138,4.960989208330993,3.3073261388873276,
N796,4,CS_128,5.066774808438239,3.3778498722921584,
N796,5,CS_161,5.191034624873534,3.460689749915689,
N796,6,CS_149,5.500535984102768,3.667023989401846,
N796,7,CS_133,5.559148528930274,3.702989944905588,
N797,1,CS_133,1.0512112324662848,0.6976984139295948,
N797,2,CS_131,1.5504072521770969,1.033604834784731,
N797,3,CS_135,2.029119035817001,1.3527460238780005,
N797,4,CS_149,2.1781144785822737,1.452076319054849,
N797,5,CS_138,2.4227268966317177,1.615151264421145,
N797,6,CS_128,2.5285124967389634,1.6856749978259755,
N797,7,CS_151,2.539512371437088,1.6930082476247252,
N798,1,CS_122,1.0524307653438632,0.7016205102292421,
N798,2,CS_140,1.2039250333299787,0.8026166888866525,
N798,3,CS_121,2.768375554705142,1.8291754439808665,
N798,4,CS_137,3.587960133140957,2.3919734220939715,
N798,5,CS_135,14.18096331315819,9.45397554210546,
N798,6,CS_125,14.795942208532864,9.821254590826603,
N798,7,CS_124,14.811418263780588,9.831571960991752,
N799,1,CS_131,1.9783621305496721,1.3189080870331147,
N799,2,CS_132,2.6020285112219703,1.7346856741479801,
N799,3,CS_138,3.2413476075989567,2.160898405065971,
N799,4,CS_128,3.3471332077062024,2.2314221384708017,
N799,5,CS_161,3.4713930241414985,2.3142620160943324,
N799,6,CS_149,3.7808943833707316,2.5205962555804886,
N799,7,CS_133,3.8395069281982375,2.5565622110842305,
N800,1,CS_122,2.022606678763889,1.3484044525092593,
N800,2,CS_140,2.1741009467500048,1.4494006311666698,
N800,3,CS_121,3.7385514681251686,2.4759593862608837,
N800,4,CS_137,4.558136046560984,3.038757364373989,
N800,5,CS_135,15.151139226578215,10.100759484385478,
N800,6,CS_125,15.76611812195289,10.468038533106622,
N800,7,CS_124,15.781594177200613,10.47835590327177,
N801,1,CS_131,0.14399064213151214,0.0959937614210081,
N801,2,CS_138,1.9129268137932172,1.2752845425288117,
N801,3,CS_149,2.012341995056815,1.3415613300378768,
N801,4,CS_128,2.018712413900463,1.3458082759336423,
N801,5,CS_133,2.070954539884321,1.377527285541619,
N801,6,CS_161,2.142972230335759,1.4286481535571727,
N801,7,CS_132,3.1333884655766866,2.0889256437177908,
N802,1,CS_135,1.1068542841750966,0.737902856116731,
N802,2,CS_151,1.6172476197951835,1.0781650798634557,
N802,3,CS_133,1.9734759841081893,1.3125415816908643,
N802,4,CS_131,2.4726720038190013,1.6484480025460009,
N802,5,CS_149,3.1003792302241777,2.066919486816119,
N802,6,CS_138,3.344991648273622,2.2299944321824143,
N802,7,CS_128,3.450777248380868,2.300518165587245,
N803,1,CS_135,1.5059314091551945,1.0039542727701296,
N803,2,CS_133,1.5743988591280913,1.0464901650374658,
N803,3,CS_151,2.0163247447752815,1.3442164965168544,
N803,4,CS_131,2.0735948788389034,1.382396585892602,
N803,5,CS_149,2.7013021052440798,1.80086807016272,
N803,6,CS_138,2.945914523293524,1.9639430155290158,
N803,7,CS_128,3.05170012340077,2.0344667489338466,
N804,1,CS_131,1.2812551038652926,0.8541700692435285,
N804,2,CS_132,1.9961240038429058,1.3307493358952704,
N804,3,CS_138,3.0501912755269984,2.033460850351332,
N804,4,CS_149,3.149606456790596,2.099737637860397,
N804,5,CS_128,3.155976875634244,2.1039845837561626,
N804,6,CS_133,3.208219001618102,2.1357035933641395,
N804,7,CS_161,3.28023669206954,2.186824461379693,
N805,1,CS_131,1.613554009581895,1.0757026730545967,
N805,2,CS_132,2.237220390254193,1.491480260169462,
N805,3,CS_138,2.8765394866311795,1.9176929910874527,
N805,4,CS_128,2.9823250867384252,1.9882167244922835,
N805,5,CS_161,3.1065849031737214,2.071056602115814,
N805,6,CS_149,3.4160862624029544,2.27739084160197,
N805,7,CS_133,3.4746988072304603,2.3133567971057127,
N806,1,CS_131,1.3268563635179502,0.8845709090119669,
N806,2,CS_132,1.9505227441902482,1.3003484961268321,
N806,3,CS_138,3.095792535179656,2.0638616901197704,
N806,4,CS_149,3.195207716443253,2.1301384776288357,
N806,5,CS_128,3.2015781352869017,2.1343854235246007,
N806,6,CS_133,3.253820261270759,2.1661044331325776,
N806,7,CS_161,3.325837951722198,2.2172253011481313,
N807,1,CS_123,0.6642971840356892,0.4428647893571261,
N807,2,CS_134,2.5537869834642075,1.702524655642805,
N807,3,CS_131,3.057432944652705,2.0382886297684704,
N807,4,CS_133,3.424498445852948,2.279889889520704,
N807,5,CS_149,3.685140171057882,2.4567601140385884,
N807,6,CS_138,3.929752589107326,2.6198350594048834,
N807,7,CS_128,4.035538189214572,2.690358792809714,
N808,1,CS_129,3.827098063845795,2.5478704524771167,
N808,2,CS_126,3.919390204935914,2.6093985465371956,
N808,3,CS_154,6.5941747998577,4.396116533238466,
N808,4,CS_119,8.261740671411411,5.507827114274274,
N808,5,CS_114,9.439973580151735,6.293315720101157,
N808,6,CS_84,9.58149477273938,6.387663181826253,
N808,7,CS_145,10.35771053218628,6.905140354790852,
N809,1,CS_123,0.6995803278718248,0.4663868852478832,
N809,2,CS_134,2.518503839628072,1.679002559752048,
N809,3,CS_131,3.0221498008165693,2.014766533877713,
N809,4,CS_133,3.3892153020168125,2.2563677936299467,
N809,5,CS_149,3.6498570272217465,2.433238018147831,
N809,6,CS_138,3.8944694452711905,2.596312963514127,
N809,7,CS_128,4.000255045378436,2.6668366969189576,
N810,1,CS_135,0.4438157945671236,0.2958771963780824,
N810,2,CS_151,2.280286109403156,1.5201907396021042,
N810,3,CS_133,2.6365144737161623,1.7545672414295128,
N810,4,CS_131,3.135710493426974,2.090473662284649,
N810,5,CS_134,3.6231210442699653,2.41541402951331,
N810,6,CS_149,3.763417719832151,2.508945146554767,
N810,7,CS_138,4.008030137881595,2.672020091921062,
N811,1,CS_122,4.2052104710326885,2.7935675384448793,
N811,2,CS_140,4.356704739018804,2.8945637171022893,
N811,3,CS_121,5.921155260393968,3.9211224721965037,
N811,4,CS_137,6.740739838829782,4.483920450309609,
N811,5,CS_135,17.333743018847013,11.545922570321098,
N811,6,CS_125,17.94872191422169,11.913201619042242,
N811,7,CS_124,17.964197969469414,11.923518989207391,
N812,1,CS_135,0.7964814365419115,0.5309876243612743,
N812,2,CS_151,2.632951751377944,1.7553011675852963,
N812,3,CS_133,2.9891801156909494,1.989677669412705,
N812,4,CS_134,3.270455402295177,2.180303601530118,
N812,5,CS_131,3.488376135401761,2.3255840902678413,
N812,6,CS_149,4.116083361806938,2.7440555745379593,
N812,7,CS_138,4.360695779856382,2.907130519904254,
N813,1,CS_134,1.3404428116343723,0.8936285410895815,
N813,2,CS_123,1.8776413558655247,1.2517609039103497,
N813,3,CS_131,3.1612207750026577,2.107480516668439,
N813,4,CS_133,3.528286276202901,2.3490817764206726,
N813,5,CS_149,3.788928001407835,2.525952000938557,
N813,6,CS_138,4.033540419457279,2.689026946304852,
N813,7,CS_128,4.139326019564525,2.7595506797096827,
N814,1,CS_123,1.2190753547756303,0.8127169031837536,
N814,2,CS_134,1.9990088127242667,1.3326725418161776,
N814,3,CS_131,2.5026547739127643,1.6684365159418428,
N814,4,CS_133,2.869720275113007,1.9100377756940763,
N814,5,CS_149,3.130362000317941,2.086908000211961,
N814,6,CS_138,3.374974418367385,2.2499829455782563,
N814,7,CS_128,3.480760018474631,2.320506678983087,
N815,1,CS_135,0.819282371994214,0.5461882479961426,
N815,2,CS_151,2.6557526868302466,1.7705017912201646,
N815,3,CS_133,3.0119810511432528,2.0048782930475735,
N815,4,CS_134,3.2476544668428744,2.1651029778952497,
N815,5,CS_131,3.511177070854064,2.3407847139027096,
N815,6,CS_149,4.138884297259242,2.7592561981728276,
N815,7,CS_138,4.383496715308685,2.922331143539122,
N816,1,CS_135,2.666913072879976,1.7748327295094068,
N816,2,CS_134,4.321091929567349,2.8776186339676557,
N816,3,CS_151,4.503383387716008,2.999146272733429,
N816,4,CS_125,4.558784148229018,2.9933732315467974,
N816,5,CS_124,4.574260203476742,3.003690601711947,
N816,6,CS_133,4.859611752029014,3.2335227745608375,
N816,7,CS_131,5.358807771739826,3.5694291954159736,
N817,1,CS_135,1.2637201415907708,0.8424800943938472,
N817,2,CS_134,2.9178989982781434,1.9452659988520955,
N817,3,CS_151,3.1001904564268035,2.0667936376178693,
N817,4,CS_133,3.4564188207398088,2.3011701394452775,
N817,5,CS_131,3.9556148404506204,2.6370765603004136,
N817,6,CS_149,4.583322066855798,3.0555480445705316,
N817,7,CS_138,4.827934484905241,3.218622989936827,
N818,1,CS_135,1.2063789910748577,0.8042526607165719,
N818,2,CS_134,2.8605578477622307,1.9070385651748205,
N818,3,CS_151,3.0428493059108908,2.028566203940594,
N818,4,CS_133,3.399077670223896,2.262942705768002,
N818,5,CS_131,3.8982736899347072,2.5988491266231386,
N818,6,CS_149,4.5259809163398845,3.0173206108932566,
N818,7,CS_138,4.7705933343893285,3.1803955562595516,
N819,1,CS_135,1.6724168422947012,1.1149445615298008,
N819,2,CS_134,3.326595698982074,2.2177304659880495,
N819,3,CS_151,3.508887157130734,2.339258104753823,
N819,4,CS_133,3.865115521443739,2.5736346065812317,
N819,5,CS_131,4.364311541154551,2.9095410274363678,
N819,6,CS_149,4.992018767559728,3.328012511706486,
N819,7,CS_138,5.2366311856091725,3.4910874570727812,
N820,1,CS_135,1.7129527991181606,1.1419685327454405,
N820,2,CS_134,3.3671316558055335,2.244754437203689,
N820,3,CS_151,3.5494231139541936,2.3662820759694623,
N820,4,CS_133,3.905651478267199,2.600658577796871,
N820,5,CS_131,4.40484749797801,2.936564998652007,
N820,6,CS_149,5.032554724383187,3.355036482922125,
N820,7,CS_138,5.277167142432631,3.5181114282884205,
N821,1,CS_134,1.6013186986575054,1.0675457991050035,
N821,2,CS_123,2.7650946386016795,1.8433964257344528,
N821,3,CS_131,4.048674057738813,2.699116038492542,
N821,4,CS_133,4.415739558939055,2.940717298244776,
N821,5,CS_149,4.676381284143989,3.11758752276266,
N821,6,CS_138,4.920993702193433,3.280662468128955,
N821,7,CS_128,5.026779302300679,3.351186201533786,
N822,1,CS_88,1.505405910285802,1.0036039401905346,
N822,2,CS_93,4.754097618649266,3.1259221409940174,
N822,3,CS_91,6.183230019551865,4.097007686988769,
N822,4,CS_87,7.8435492936153715,5.229032862410248,
N822,5,CS_95,8.193224662478823,5.462149774985882,
N822,6,CS_98,8.872598343291918,5.915065562194611,
N822,7,CS_96,8.929499031094249,5.952999354062832,
N823,1,CS_88,2.8654936846542522,1.9103291231028348,
N823,2,CS_91,4.823142245183416,3.1902825040764684,
N823,3,CS_93,6.114185393017717,4.032647323906318,
N823,4,CS_87,9.203637067983822,6.135758045322548,
N823,5,CS_95,9.553312436847275,6.368874957898183,
N823,6,CS_98,10.232686117660368,6.821790745106912,
N823,7,CS_94,10.255673493438584,6.8371156622923905,
N824,1,CS_91,3.4217411463886784,2.256015104879977,
N824,2,CS_88,4.266894783448988,2.8445965222993257,
N824,3,CS_93,7.515586491812453,4.966914723102809,
N824,4,CS_94,8.854272394643848,5.902848263095899,
N824,5,CS_87,10.60503816677856,7.07002544451904,
N824,6,CS_95,10.95471353564201,7.303142357094674,
N824,7,CS_98,11.634087216455104,7.756058144303403,
N825,1,CS_137,3.8412159686221155,2.5608106457480773,
N825,2,CS_122,7.305752389904709,4.870501593269807,
N825,3,CS_140,7.457246657890826,4.9714977719272175,
N825,4,CS_135,7.927641688597342,5.2850944590648945,
N825,5,CS_125,8.542620583972015,5.65237350778604,
N825,6,CS_124,8.558096639219741,5.6626908779511895,
N825,7,CS_107,8.62425737462999,5.749504916419994,
N826,1,CS_91,2.8492234234117912,1.8743366228953853,
N826,2,CS_88,4.839412506425876,3.2262750042839174,
N826,3,CS_93,8.08810421478934,5.3485932050874005,
N826,4,CS_94,8.281754671666961,5.521169781111308,
N826,5,CS_87,11.177555889755446,7.451703926503631,
N826,6,CS_95,11.527231258618897,7.684820839079265,
N826,7,CS_98,12.20660493943199,8.137736626287994,
N827,1,CS_137,5.180034464208525,3.4533563094723494,
N827,2,CS_135,6.588823193010933,4.392548795340622,
N827,3,CS_125,7.203802088385607,4.759827844061767,
N827,4,CS_124,7.219278143633331,4.7701452142269165,
N827,5,CS_107,7.285438879043581,4.85695925269572,
N827,6,CS_100,7.834194702042044,5.222796468028029,
N827,7,CS_101,8.059289385602675,5.3728595904017835,
N828,1,CS_135,3.2061036990836045,2.137402466055736,
N828,2,CS_125,3.8210825944582787,2.5046815147768817,
N828,3,CS_124,3.836558649706003,2.5149988849420315,
N828,4,CS_134,4.860282555770978,3.240188370513985,
N828,5,CS_151,5.042574013919637,3.361716009279758,
N828,6,CS_133,5.398802378232643,3.596092511107167,
N828,7,CS_131,5.897998397943455,3.931998931962303,
N829,1,CS_91,1.7474058045827694,1.1397915436760373,
N829,2,CS_88,5.941230125254898,3.9608200835032648,
N829,3,CS_94,7.17993705283794,4.786624701891959,
N829,4,CS_93,9.189921833618362,6.083138284306749,
N829,5,CS_87,12.279373508584467,8.18624900572298,
N829,6,CS_95,12.629048877447918,8.419365918298613,
N829,7,CS_98,13.308422558261011,8.872281705507342,
N830,1,CS_91,2.8426504845276215,1.869954663639272,
N830,2,CS_94,6.084692372893087,4.056461581928724,
N830,3,CS_88,7.0364748051997505,4.6909832034665,
N830,4,CS_93,10.285166513563214,6.813301404269983,
N830,5,CS_87,13.374618188529322,8.916412125686215,
N830,6,CS_95,13.724293557392773,9.149529038261846,
N830,7,CS_98,14.403667238205866,9.602444825470576,
N831,1,CS_91,2.8926882015176485,1.9033131416326237,
N831,2,CS_94,6.03465465590306,4.023103103935373,
N831,3,CS_88,7.086512522189778,4.724341681459851,
N831,4,CS_93,10.33520423055324,6.846659882263334,
N831,5,CS_87,13.424655905519348,8.949770603679566,
N831,6,CS_95,13.7743312743828,9.182887516255198,
N831,7,CS_98,14.453704955195892,9.635803303463927,
N832,1,CS_91,4.043975834597183,2.670838230352313,
N832,2,CS_94,4.883367022823526,3.2555780152156837,
N832,3,CS_88,8.237800155269312,5.4918667701795405,
N832,4,CS_93,11.486491863632775,7.6141849709830245,
N832,5,CS_87,14.575943538598882,9.717295692399254,
N832,6,CS_95,14.925618907462333,9.950412604974888,
N832,7,CS_98,15.604992588275426,10.403328392183617,
N833,1,CS_134,7.900485289281034,5.266990192854022,
N833,2,CS_123,9.064261229225208,6.042840819483473,
N833,3,CS_131,10.34784064836234,6.8985604322415615,
N833,4,CS_133,10.714906149562584,7.140161691993795,
N833,5,CS_149,10.975547874767516,7.317031916511679,
N833,6,CS_138,11.22016029281696,7.480106861877975,
N833,7,CS_128,11.325945892924207,7.550630595282805,
N834,1,CS_94,4.2631082701944925,2.842072180129662,
N834,2,CS_91,4.6642345872262165,3.0843440654383354,
N834,3,CS_88,8.858058907898346,5.905372605265563,
N834,4,CS_93,12.10675061626181,8.027690806069046,
N834,5,CS_87,15.196202291227916,10.130801527485277,
N834,6,CS_86,15.400493130489386,10.266995420326257,
N834,7,CS_95,15.545877660091367,10.36391844006091,
N835,1,CS_94,3.177954381465587,2.118636254310391,
N835,2,CS_91,5.749388475955122,3.807779991257606,
N835,3,CS_88,9.943212796627252,6.628808531084833,
N835,4,CS_93,13.191904504990715,8.751126731888316,
N835,5,CS_86,14.31533924176048,9.543559494506987,
N835,6,CS_87,16.281356179956823,10.854237453304547,
N835,7,CS_95,16.63103154882027,11.08735436588018,
N836,1,CS_94,6.603527194035185,4.402351462690124,
N836,2,CS_123,12.291349069057134,8.194232712704755,
N836,3,CS_91,13.302092368958693,8.842915919926654,
N836,4,CS_134,14.180838868485655,9.453892578990436,
N836,5,CS_131,14.684484829674151,9.789656553116101,
N836,6,CS_133,15.051550330874393,10.031257812868335,
N836,7,CS_86,15.147443975806002,10.098295983870669,
N837,1,CS_107,1.7690000299599682,1.1793333533066455,
N837,2,CS_100,2.317755852958432,1.5451705686389545,
N837,3,CS_101,2.542850536519062,1.695233691012708,
N837,4,CS_148,3.061070541918813,2.040713694612542,
N837,5,CS_106,4.429334478960744,2.9528896526404957,
N837,6,CS_153,4.596139474971039,3.0640929833140262,
N837,7,CS_108,4.679960613220054,3.1199737421467026,
N838,1,CS_107,2.409020908604453,1.6060139390696353,
N838,2,CS_100,2.957776731602916,1.9718511544019444,
N838,3,CS_101,3.182871415163546,2.1219142767756978,
N838,4,CS_148,3.701091420563298,2.4673942803755318,
N838,5,CS_106,5.069355357605229,3.3795702384034856,
N838,6,CS_153,5.236160353615524,3.4907735690770156,
N838,7,CS_108,5.319981491864539,3.546654327909692,
N839,1,CS_148,1.2998333004469074,0.8665555336312716,
N839,2,CS_106,2.6680972374888388,1.7787314916592256,
N839,3,CS_153,2.8349022334991334,1.8899348223327554,
N839,4,CS_108,2.918723371748148,1.9458155811654323,
N839,5,CS_109,2.920912819977762,1.9472752133185083,
N839,6,CS_107,3.530237271431874,2.353491514287916,
N839,7,CS_100,4.078993094430337,2.719328729620225,
N840,1,CS_107,3.3859870258220424,2.2573246838813614,
N840,2,CS_100,3.9347428488205054,2.6231618992136707,
N840,3,CS_101,4.159837532381135,2.773225021587424,
N840,4,CS_148,4.678057537780887,3.118705025187258,
N840,5,CS_106,6.046321474822818,4.030880983215212,
N840,6,CS_153,6.213126470833114,4.142084313888742,
N840,7,CS_108,6.296947609082128,4.197965072721419,
N841,1,CS_148,3.035311965127451,2.0235413100849673,
N841,2,CS_106,3.3182696184944254,2.2121797456629504,
N841,3,CS_107,4.4302618498383595,2.9535078998922395,
N841,4,CS_153,4.5703808981796765,3.0469205987864516,
N841,5,CS_108,4.654202036428691,3.102801357619128,
N841,6,CS_109,4.656391484658306,3.104260989772204,
N841,7,CS_100,4.979017672836823,3.319345115224549,
N842,1,CS_148,3.1457306527905207,2.097153768527014,
N842,2,CS_106,3.207850930831355,2.138567287220903,
N842,3,CS_107,4.540680537501429,3.0271203583342863,
N842,4,CS_153,4.680799585842747,3.1205330572284984,
N842,5,CS_108,4.7646207240917615,3.176413816061175,
N842,6,CS_109,4.766810172321376,3.177873448214251,
N842,7,CS_100,5.089436360499892,3.3929575736665956,
N843,1,CS_148,1.2542217429495959,0.8361478286330639,
N843,2,CS_106,2.622485679991527,1.748323786661018,
N843,3,CS_153,2.789290676001822,1.8595271173345478,
N843,4,CS_108,2.8731118142508367,1.9154078761672246,
N843,5,CS_109,2.8753012624804506,1.9168675083203006,
N843,6,CS_107,3.5758488289291854,2.3838992192861235,
N843,7,CS_100,4.1246046519276485,2.7497364346184328,
N844,1,CS_106,2.049928609471201,1.3666190729808005,
N844,2,CS_148,3.376325497874201,2.250883665249467,
N844,3,CS_99,4.78864161145675,3.192427740971168,
N844,4,CS_153,4.911394430926427,3.2742629539509513,
N844,5,CS_108,4.995215569175441,3.3301437127836278,
N844,6,CS_109,4.997405017405056,3.331603344936704,
N844,7,CS_107,5.698602858861585,3.7990685725743893,
N845,1,CS_99,3.8158613858871684,2.543907590591446,
N845,2,CS_106,3.93348278352831,2.6223218556855397,
N845,3,CS_148,5.2598796719313095,3.506586447954206,
N845,4,CS_69,5.871346052194302,3.914230701462868,
N845,5,CS_153,6.794948604983535,4.52996573665569,
N845,6,CS_108,6.878769743232549,4.585846495488367,
N845,7,CS_109,6.880959191462164,4.587306127641442,
N846,1,CS_106,2.085359769876471,1.390239846584314,
N846,2,CS_148,3.4117566582794705,2.2745044388529805,
N846,3,CS_99,3.8645624067774866,2.5763749378516576,
N846,4,CS_153,4.946825591331697,3.2978837275544644,
N846,5,CS_108,5.030646729580711,3.3537644863871408,
N846,6,CS_109,5.032836177810326,3.355224118540217,
N846,7,CS_107,6.290050598235523,4.193367065490349,
N847,1,CS_148,0.504420898350763,0.33628059890050865,
N847,2,CS_106,1.8726848353926941,1.2484565569284627,
N847,3,CS_153,2.039489831402989,1.3596598876019925,
N847,4,CS_108,2.123310969652004,1.4155406464346694,
N847,5,CS_109,2.125500417881618,1.4170002785877454,
N847,6,CS_107,4.325649673528018,2.8837664490186787,
N847,7,CS_99,4.611397837378244,3.07426522491883,
N848,1,CS_106,1.0051096052124961,0.6700730701416641,
N848,2,CS_148,2.331506493615496,1.5543376624103304,
N848,3,CS_99,2.7843122421135114,1.8562081614090078,
N848,4,CS_153,3.8665754266677217,2.5777169511118148,
N848,5,CS_108,3.950396564916737,2.633597709944491,
N848,6,CS_109,3.952586013146351,2.6350573420975674,
N848,7,CS_69,5.540825046312953,3.693883364208636,
N849,1,CS_106,0.5253544226702287,0.3502362817801525,
N849,2,CS_148,1.8517513110732284,1.2345008740488188,
N849,3,CS_99,3.264067424655779,2.1760449497705197,
N849,4,CS_153,3.3868202441254542,2.257880162750303,
N849,5,CS_108,3.4706413823744695,2.3137609215829795,
N849,6,CS_109,3.4728308306040834,2.3152205537360557,
N849,7,CS_107,5.672980086250484,3.7819867241669898,
N850,1,CS_106,2.7592905112387744,1.8395270074925163,
N850,2,CS_99,3.904473657043459,2.602982438028973,
N850,3,CS_148,4.085687399641774,2.723791599761183,
N850,4,CS_153,5.620756332694,3.7471708884626667,
N850,5,CS_108,5.704577470943015,3.803051647295343,
N850,6,CS_109,5.70676691917263,3.8045112794484193,
N850,7,CS_69,6.6609864612429,4.440657640828602,
N851,1,CS_106,1.3221193507606614,0.8814129005071076,
N851,2,CS_99,2.4673024965653463,1.6448683310435641,
N851,3,CS_148,2.648516239163661,1.7656774927757741,
N851,4,CS_153,4.183585172215887,2.7890567814772584,
N851,5,CS_108,4.267406310464902,2.844937540309935,
N851,6,CS_109,4.269595758694516,2.846397172463011,
N851,7,CS_69,5.223815300764788,3.4825435338431925,
N852,1,CS_106,1.6000896371396411,1.0667264247597608,
N852,2,CS_99,2.1893322101863664,1.459554806790911,
N852,3,CS_148,2.926486525542641,1.9509910170284273,
N852,4,CS_153,4.461555458594867,2.974370305729911,
N852,5,CS_108,4.545376596843882,3.0302510645625875,
N852,6,CS_109,4.547566045073496,3.0317106967156637,
N852,7,CS_69,4.945845014385808,3.2972300095905394,
N853,1,CS_106,2.502445991926645,1.6682973279510966,
N853,2,CS_99,2.9538579773625564,1.9692386515750375,
N853,3,CS_148,3.8288428803296446,2.552561920219763,
N853,4,CS_153,5.363911813381871,3.575941208921247,
N853,5,CS_108,5.447732951630886,3.631821967753923,
N853,6,CS_109,5.4499223998605,3.6332815999069994,
N853,7,CS_69,5.7103707815619975,3.806913854374666,
N854,1,CS_99,2.109366391157586,1.4062442607717238,
N854,2,CS_69,4.16485105746472,2.7765673716431465,
N854,3,CS_106,4.66126837464954,3.10751224976636,
N854,4,CS_148,5.9876652630525395,3.9917768420350264,
N854,5,CS_102,6.3862190192498645,4.224886737606809,
N854,6,CS_153,7.522734196104766,5.015156130736511,
N854,7,CS_108,7.60655533435378,5.0710368895691875,
N855,1,CS_99,3.3757779849856737,2.2505186566571163,
N855,2,CS_69,4.379420758066955,2.919613838711303,
N855,3,CS_106,5.927679968477627,3.951786645651752,
N855,4,CS_148,7.254076856880627,4.836051237920419,
N855,5,CS_102,7.652630613077951,5.069161133492202,
N855,6,CS_153,8.789145789932853,5.859430526621902,
N855,7,CS_108,8.872966928181867,5.915311285454579,
N856,1,CS_99,1.8273887825639248,1.21825918837595,
N856,2,CS_106,4.379290766055879,2.9195271773705858,
N856,3,CS_69,4.446828666058381,2.96455244403892,
N856,4,CS_148,5.705687654458878,3.8037917696392523,
N856,5,CS_102,6.104241410656202,4.036901665211035,
N856,6,CS_153,7.240756587511104,4.827171058340737,
N856,7,CS_108,7.324577725760118,4.883051817173413,
N857,1,CS_99,1.6709428181884922,1.113961878792328,
N857,2,CS_106,4.222844801680447,2.815229867786964,
N857,3,CS_69,4.427455622387934,2.951637081591956,
N857,4,CS_148,5.549241690083446,3.6994944600556305,
N857,5,CS_102,5.94779544628077,3.9326043556274124,
N857,6,CS_153,7.084310623135671,4.722873748757115,
N857,7,CS_108,7.168131761384686,4.778754507589792,
N858,1,CS_99,1.4522009928986235,0.9681339952657491,
N858,2,CS_106,4.004102976390578,2.669401984260385,
N858,3,CS_69,4.208713797098065,2.8058091980653774,
N858,4,CS_148,5.330499864793578,3.5536665765290514,
N858,5,CS_102,5.729053620990902,3.7867764721008337,
N858,6,CS_153,6.865568797845803,4.577045865230535,
N858,7,CS_108,6.949389936094818,4.632926624063212,
N859,1,CS_69,2.744875540289113,1.8299170268594083,
N859,2,CS_99,5.010323202763515,3.340215468509011,
N859,3,CS_102,6.210734598677904,4.10789712389217,
N859,4,CS_106,7.5622251862554695,5.041483457503647,
N859,5,CS_24,7.690834061620925,5.127222707747283,
N859,6,CS_32,7.823645127096108,5.215763418064071,
N859,7,CS_105,8.396190579917771,5.537562003581938,
N860,1,CS_69,2.0040101277423124,1.336006751828208,
N860,2,CS_99,4.270207320879993,2.8468048805866624,
N860,3,CS_102,5.469869186131104,3.6139868488609688,
N860,4,CS_106,6.8221093043719465,4.548072869581298,
N860,5,CS_24,6.949968649074125,4.633312432716083,
N860,6,CS_32,7.082779714549307,4.721853143032871,
N860,7,CS_105,7.655325167370971,5.043651728550737,
N861,1,CS_69,3.003682328193153,2.002454885462102,
N861,2,CS_99,3.2705351204291526,2.1803567469527687,
N861,3,CS_106,5.822437103921106,3.8816247359474048,
N861,4,CS_102,6.469541386581945,4.280434982494864,
N861,5,CS_148,7.148833992324106,4.765889328216071,
N861,6,CS_24,7.9496408495249655,5.299760566349977,
N861,7,CS_32,8.082451915000147,5.388301276666765,
N862,1,CS_69,1.461043484447618,0.9740289896317452,
N862,2,CS_99,4.210655347744416,2.807103565162945,
N862,3,CS_102,4.926902542836411,3.252009086664506,
N862,4,CS_24,6.40700200577943,4.27133467051962,
N862,5,CS_32,6.5398130712546125,4.359875380836408,
N862,6,CS_105,7.112358524076277,4.681673966354274,
N862,7,CS_33,7.178296792390577,4.701466967588605,
N863,1,CS_99,0.1720358423328332,0.11469056155522213,
N863,2,CS_69,2.928548646532275,1.95236576435485,
N863,3,CS_106,3.6173860049931745,2.4115906699954497,
N863,4,CS_102,4.448888470425112,2.933333038390307,
N863,5,CS_148,4.9437828933961745,3.295855262264116,
N863,6,CS_153,6.4788518264484,4.3192345509656,
N863,7,CS_24,6.482234436789379,4.321489624526253,
N864,1,CS_102,0.483948215097743,0.2900395348387288,
N864,2,CS_105,2.669404196337611,1.7197044145284968,
N864,3,CS_33,2.7353424646519104,1.7394974157628276,
N864,4,CS_103,2.772778908845466,1.726733594324869,
N864,5,CS_104,2.772778908845466,1.726733594324869,
N864,6,CS_69,3.3328834688593583,2.221922312572905,
N864,7,CS_99,4.1369760976602015,2.7579840651068013,
N865,1,CS_69,0.17548631278415466,0.11699087518943645,
N865,2,CS_99,2.9250981760809536,1.9500654507206356,
N865,3,CS_102,3.641345371172946,2.3949709722221972,
N865,4,CS_24,5.121444834115967,3.4142965560773106,
N865,5,CS_32,5.25425589959115,3.502837266394099,
N865,6,CS_105,5.826801352412813,3.8246358519119648,
N865,7,CS_33,5.892739620727113,3.8444288531462956,
N866,1,CS_102,1.2667290505706201,0.8118934251539802,
N866,2,CS_69,2.550102633386481,1.7000684222576536,
N866,3,CS_99,3.354195262187324,2.2361301747915494,
N866,4,CS_105,3.452185031810488,2.241558304843748,
N866,5,CS_33,3.5181233001247874,2.2613513060780788,
N866,6,CS_103,3.5555597443183427,2.2485874846401206,
N866,7,CS_104,3.5555597443183427,2.2485874846401206,
N867,1,CS_102,1.4154116951173652,0.9110151881851436,
N867,2,CS_69,2.4014199888397356,1.6009466592264903,
N867,3,CS_99,3.2055126176405793,2.137008411760386,
N867,4,CS_105,3.6008676763572334,2.340680067874911,
N867,5,CS_33,3.6668059446715326,2.360473069109242,
N867,6,CS_103,3.7042423888650884,2.347709247671284,
N867,7,CS_104,3.7042423888650884,2.347709247671284,
N868,1,CS_99,1.0821631359669108,0.7214420906446073,
N868,2,CS_69,2.018421352898198,1.345614235265465,
N868,3,CS_102,4.092007680212281,2.6954125115817535,
N868,4,CS_106,4.527513298627252,3.0183421990848345,
N868,5,CS_24,5.572107143155301,3.714738095436867,
N868,6,CS_32,5.704918208630484,3.8032788057536555,
N868,7,CS_148,5.853910187030252,3.902606791353501,
N869,1,CS_69,0.8716226783215089,0.5810817855476725,
N869,2,CS_99,2.2289618105435993,1.4859745403623996,
N869,3,CS_102,2.9452090056355917,1.9308800618639614,
N869,4,CS_24,4.425308468578613,2.9502056457190746,
N869,5,CS_32,4.558119534053795,3.0387463560358636,
N869,6,CS_105,5.13066498687546,3.360544941553729,
N869,7,CS_33,5.19660325518976,3.38033794278806,
N870,1,CS_158,6.827125404929746,5.1202800501966825,
N870,2,CS_102,13.210129863290682,9.260606511502969,
N870,3,CS_105,15.39558584453055,10.690271391192738,
N870,4,CS_33,15.461524112844849,10.71006439242707,
N870,5,CS_103,15.498960557038405,10.69730057098911,
N870,6,CS_104,15.498960557038405,10.69730057098911,
N870,7,CS_69,16.059065117052295,11.192489289237143,
N871,1,CS_69,0.938339634308919,0.625559756205946,
N871,2,CS_99,2.29567876653101,1.530452511020673,
N871,3,CS_102,2.878492049648182,1.886402091205688,
N871,4,CS_24,4.358591512591201,2.905727675060801,
N871,5,CS_32,4.491402578066385,2.99426838537759,
N871,6,CS_105,5.06394803088805,3.3160669708954558,
N871,7,CS_33,5.12988629920235,3.3358599721297866,
N872,1,CS_86,1.1973644774395231,0.798242984959682,
N872,2,CS_147,3.9239472997472076,2.577937099459106,
N872,3,CS_90,4.999174572722636,3.294755281442726,
N872,4,CS_139,5.267661824341465,3.4999958738551156,
N872,5,CS_85,6.198593455183514,4.116423619956552,
N872,6,CS_92,6.94853177959941,4.63235451973294,
N872,7,CS_94,12.168798065352572,8.11253204356838,
N873,1,CS_147,0.7059138136828205,0.4325814420828484,
N873,2,CS_90,1.7811410866582498,1.1493996240664681,
N873,3,CS_85,2.9805599691191267,1.9710679625802938,
N873,4,CS_92,3.730498293535022,2.4869988623566814,
N873,5,CS_86,4.41539796350391,2.94359864233594,
N873,6,CS_139,8.485695310405852,5.645351531231374,
N873,7,CS_94,15.38683155141696,10.25788770094464,
N874,1,CS_92,1.113185049046229,0.7421233660308194,
N874,2,CS_147,3.3232270581716135,2.17745693840871,
N874,3,CS_90,4.398454331147042,2.89427512039233,
N874,4,CS_85,5.59787321360792,3.7159434589061555,
N874,5,CS_86,7.032711207992703,4.688474138661802,
N874,6,CS_139,11.103008554894645,7.390227027557236,
N874,7,CS_94,18.004144795905752,12.002763197270502,
N875,1,CS_92,1.0542581590674982,0.7028387727116655,
N875,2,CS_147,3.382153948150344,2.2167415317278643,
N875,3,CS_90,4.4573812211257735,2.9335597137114835,
N875,4,CS_85,5.656800103586651,3.7552280522253096,
N875,5,CS_86,7.091638097971433,4.727758731980956,
N875,6,CS_139,11.161935444873377,7.42951162087639,
N875,7,CS_94,18.063071685884484,12.042047790589654,
N876,1,CS_92,4.643605756611343,3.0957371710742287,
N876,2,CS_147,6.971501545694189,4.609639930090427,
N876,3,CS_90,8.04672881866962,5.3264581120740475,
N876,4,CS_85,9.246147701130495,6.148126450587873,
N876,5,CS_86,10.680985695515279,7.120657130343519,
N876,6,CS_139,14.751283042417223,9.822410019238953,
N876,7,CS_94,21.65241928342833,14.434946188952217,
N877,1,CS_92,4.806467476397427,3.204311650931618,
N877,2,CS_147,7.134363265480273,4.718214409947817,
N877,3,CS_90,8.209590538455704,5.435032591931437,
N877,4,CS_85,9.409009420916579,6.2567009304452625,
N877,5,CS_86,10.843847415301363,7.229231610200909,
N877,6,CS_139,14.914144762203305,9.930984499096343,
N877,7,CS_94,21.815281003214412,14.543520668809608,
N878,1,CS_110,0.38417504679800857,0.256116697865339,
N878,2,CS_118,1.6733070053584087,1.1155380035722724,
N878,3,CS_117,1.8014694866693708,1.2009796577795804,
N878,4,CS_141,2.1983569625483304,1.4655713083655535,
N878,5,CS_111,2.567778048136987,1.7118520320913244,
N878,6,CS_120,2.966474914713574,1.9776499431423826,
N878,7,CS_152,3.4739173357665205,2.315944890511014,
N879,1,CS_110,0.052913964580119835,0.03527597638674656,
N879,2,CS_118,2.0045680875762977,1.336378725050865,
N879,3,CS_117,2.1327305688872595,1.421820379258173,
N879,4,CS_141,2.4353639718386555,1.6235759812257704,
N879,5,CS_111,2.8990391303548755,1.9326927535699168,
N879,6,CS_120,3.074739786412061,2.0498265242747076,
N879,7,CS_152,3.8051784179844095,2.5367856119896066,
N880,1,CS_110,0.8275723979154495,0.5517149319436329,
N880,2,CS_118,1.2299096542409678,0.8199397694939786,
N880,3,CS_117,1.3580721355519298,0.9053814237012867,
N880,4,CS_111,2.124380697019546,1.4162537980130305,
N880,5,CS_141,2.501380909233392,1.6675872728222612,
N880,6,CS_152,3.0305199846490796,2.0203466564327197,
N880,7,CS_120,3.2694988613986355,2.1796659075990905,
N881,1,CS_144,2.6801969913186916,1.7867979942124612,
N881,2,CS_118,2.9207637748266726,1.9471758498844483,
N881,3,CS_117,3.0489262561376345,2.0326175040917565,
N881,4,CS_152,3.7523943080065916,2.501596205337728,
N881,5,CS_80,4.245152537689347,2.830101691792898,
N881,6,CS_110,4.809115512585628,3.2060770083904186,
N881,7,CS_120,4.8098156697471,3.2065437798314007,
N882,1,CS_144,1.302746970376563,0.868497980251042,
N882,2,CS_118,2.564903399224902,1.7099355994832683,
N882,3,CS_117,2.693065880535864,1.7953772536905763,
N882,4,CS_80,2.8677025167472188,1.911801677831479,
N882,5,CS_152,3.027957965049178,2.0186386433661188,
N882,6,CS_110,4.453255136983858,2.968836757989239,
N882,7,CS_83,4.827556006145191,3.2183706707634605,
N883,1,CS_144,2.0306193403003894,1.3537462268669262,
N883,2,CS_118,3.2927757691487294,2.1951838460991526,
N883,3,CS_117,3.4209382504596912,2.280625500306461,
N883,4,CS_80,3.595574886671045,2.3970499244473635,
N883,5,CS_152,3.7558303349730053,2.5038868899820037,
N883,6,CS_110,5.181127506907686,3.4540850046051235,
N883,7,CS_120,5.274552766698022,3.5163685111320153,
N884,1,CS_113,0.8606417446128756,0.5737611630752504,
N884,2,CS_120,4.29008870055117,2.860059133700781,
N884,3,CS_118,4.5035618104469854,3.00237454029799,
N884,4,CS_117,4.631724291757948,3.087816194505298,
N884,5,CS_141,5.057027411072302,3.3713516073815355,
N884,6,CS_127,6.087152728649839,4.0581018190998925,
N884,7,CS_152,6.304172140855097,4.202781427236732,
N885,1,CS_113,3.2692320155917542,2.1794880103945027,
N885,2,CS_120,7.375174590165904,4.916783060110602,
N885,3,CS_118,7.588647700061719,5.059098466707812,
N885,4,CS_117,7.716810181372681,5.14454012091512,
N885,5,CS_141,8.142113300687036,5.4280755337913575,
N885,6,CS_127,8.382116720135379,5.5880778134235864,
N885,7,CS_152,9.389258030469831,6.259505353646553,
N886,1,CS_118,1.7105053285929848,1.1403368857286567,
N886,2,CS_117,1.8386678099039468,1.2257785399359646,
N886,3,CS_152,3.194722508103193,2.1298150054021283,
N886,4,CS_110,3.5988570663519406,2.399238044234627,
N886,5,CS_120,3.5995572235134126,2.3997048156756087,
N886,6,CS_141,3.6533698728636073,2.435579915242405,
N886,7,CS_144,3.7056148834849996,2.4704099223233333,
N887,1,CS_118,2.036798651758129,1.3578657678387527,
N887,2,CS_117,2.164961133069091,1.4433074220460607,
N887,3,CS_152,2.8684291849380488,1.912286123292032,
N887,4,CS_144,3.3793215603198554,2.252881040213237,
N887,5,CS_110,3.9251503895170847,2.6167669263447233,
N887,6,CS_120,3.9258505466785563,2.617233697785705,
N887,7,CS_141,3.9796631960287514,2.6531087973525014,
N888,1,CS_80,1.0267586936425868,0.6845057957617245,
N888,2,CS_144,3.0792522603945294,2.05283484026302,
N888,3,CS_83,4.37386233939418,2.9159082262627862,
N888,4,CS_118,4.405847222329534,2.9372314815530225,
N888,5,CS_117,4.534009703640496,3.0226731357603307,
N888,6,CS_152,4.868901788153809,3.2459345254358736,
N888,7,CS_78,5.559622011660646,3.7064146744404303,
N889,1,CS_80,1.4778872004783576,0.9852581336522385,
N889,2,CS_144,3.5303807672303007,2.353587178153534,
N889,3,CS_83,4.824990846229951,3.2166605641533,
N889,4,CS_118,4.856975729165304,3.2379838194435364,
N889,5,CS_117,4.985138210476267,3.3234254736508446,
N889,6,CS_152,5.320030294989581,3.5466868633263875,
N889,7,CS_78,6.010750518496416,4.007167012330944,
N890,1,CS_80,1.9991774974255998,1.3327849982837332,
N890,2,CS_83,3.4014435356111665,2.2676290237407777,
N890,3,CS_152,3.9565968456215597,2.637731230414373,
N890,4,CS_144,4.051671064177543,2.701114042785029,
N890,5,CS_78,4.587203207877631,3.0581354719184217,
N890,6,CS_118,4.871950939296667,3.247967292864445,
N890,7,CS_115,4.887252151516348,3.2581681010108974,
N891,1,CS_78,3.2439439599319786,2.1626293066213194,
N891,2,CS_80,3.342436745371254,2.228291163580836,
N891,3,CS_79,3.5649168861759035,2.3766112574506026,
N891,4,CS_83,4.7447027835568205,3.16313518903788,
N891,5,CS_152,5.299856093567213,3.5332373957114753,
N891,6,CS_144,5.394930312123196,3.5966202080821312,
N891,7,CS_118,6.215210187242322,4.143473458161547,
N892,1,CS_80,2.7029788692880166,1.8019859128586777,
N892,2,CS_78,3.883401836015216,2.588934557343477,
N892,3,CS_83,4.105244907473583,2.736829938315722,
N892,4,CS_79,4.204374762259141,2.8029165081727605,
N892,5,CS_152,4.6603982174839755,3.1069321449893175,
N892,6,CS_144,4.755472436039959,3.170314957359973,
N892,7,CS_118,5.575752311159084,3.7171682074393897,
N893,1,CS_78,2.475809501308036,1.6505396675386903,
N893,2,CS_79,2.796782427551961,1.8645216183679736,
N893,3,CS_80,4.110571203995196,2.7403808026634646,
N893,4,CS_83,5.512837242180764,3.6752248281205087,
N893,5,CS_152,6.067990552191155,4.045327034794104,
N893,6,CS_144,6.163064770747138,4.10870984716476,
N893,7,CS_118,6.983344645866264,4.655563097244176,
N894,1,CS_81,3.061734448981639,1.9609493413153685,
N894,2,CS_155,3.3881555023969607,2.244663577279445,
N894,3,CS_78,4.895851076170765,3.241807909308915,
N894,4,CS_79,5.216824002414691,3.455789860138198,
N894,5,CS_80,9.76607354475107,6.488622888362451,
N894,6,CS_145,10.245989671959084,6.8085669731677925,
N894,7,CS_83,11.168339582936635,7.423466913819496,
N895,1,CS_81,2.1976021844664184,1.3848611649718883,
N895,2,CS_155,4.252287766912181,2.8207517536229254,
N895,3,CS_78,5.759983340685986,3.8178960856523956,
N895,4,CS_79,6.0809562669299115,4.031878036481679,
N895,5,CS_80,10.63020580926629,7.064711064705931,
N895,6,CS_145,11.110121936474304,7.384655149511273,
N895,7,CS_83,12.032471847451855,7.999555090162977,
N896,1,CS_81,3.104053967199903,1.9854823953549416,
N896,2,CS_155,3.4304750206152246,2.2691966313190184,
N896,3,CS_78,4.8535315579525005,3.217274855269342,
N896,4,CS_79,5.174504484196426,3.4312568060986255,
N896,5,CS_80,9.723754026532806,6.464089834322878,
N896,6,CS_145,10.203670153740818,6.78403391912822,
N896,7,CS_83,11.126020064718372,7.398933859779923,
N897,1,CS_78,3.2611631808192767,2.1556959371805253,
N897,2,CS_79,3.5821361070632016,2.3696778880098086,
N897,3,CS_81,4.696422344333127,3.047061313443758,
N897,4,CS_155,5.022843397748449,3.3307755494078353,
N897,5,CS_80,8.131385649399581,5.402510916234061,
N897,6,CS_145,8.611301776607595,5.722455001039403,
N897,7,CS_83,9.533651687585147,6.337354941691107,
N898,1,CS_116,0.41104840585855373,0.2740322705723692,
N898,2,CS_144,5.030600286797958,3.3537335245319717,
N898,3,CS_118,7.435918423184399,4.957278948789599,
N898,4,CS_117,7.564080904495361,5.042720602996908,
N898,5,CS_80,7.67427900762005,5.116186005080033,
N898,6,CS_152,7.8989729890086755,5.26598199267245,
N898,7,CS_110,9.324270160943355,6.21618010729557,
N899,1,CS_80,2.0525957884316544,1.36839719228777,
N899,2,CS_144,4.105089355183598,2.7367262367890652,
N899,3,CS_83,5.3996994341832485,3.5997996227888316,
N899,4,CS_118,5.431684317118602,3.621122878079068,
N899,5,CS_117,5.5598467984295645,3.706564532286376,
N899,6,CS_152,5.894738882942877,3.929825921961919,
N899,7,CS_78,6.585459106449714,4.390306070966476,
N900,1,CS_80,5.147464017666099,3.4316426784440663,
N900,2,CS_78,6.327886984393298,4.218591322928866,
N900,3,CS_83,6.549730055851667,4.366486703901111,
N900,4,CS_79,6.648859910637223,4.432573273758149,
N900,5,CS_152,7.104883365862058,4.736588910574706,
N900,6,CS_144,7.1999575844180415,4.799971722945362,
N900,7,CS_118,8.020237459537167,5.346824973024777,
N901,1,CS_111,0.8374035411962486,0.5582690274641657,
N901,2,CS_118,1.8322247967673055,1.2214831978448704,
N901,3,CS_117,1.9603872780782676,1.3069248520521783,
N901,4,CS_115,2.0702813389449553,1.3801875592966368,
N901,5,CS_110,2.1145495537387466,1.4096997024924975,
N901,6,CS_156,2.74951000859709,1.8330066723980605,
N901,7,CS_83,3.3723984120887236,2.2482656080591497,
N902,1,CS_115,0.7304050069185454,0.48693667127903023,
N902,2,CS_156,1.4096336765706803,0.9397557843804536,
N902,3,CS_83,2.032522080062314,1.3550147200415426,
N902,4,CS_111,2.1772798732226586,1.4515199154817724,
N902,5,CS_112,2.6187627340557,1.7458418227038,
N902,6,CS_118,2.6659065706945224,1.7772710471296815,
N902,7,CS_117,2.7940690520054843,1.8627127013369895,
N903,1,CS_111,1.3795741262217187,0.9197160841478125,
N903,2,CS_115,1.528110753919485,1.01874050261299,
N903,3,CS_118,1.8682008236935823,1.2454672157957216,
N903,4,CS_117,1.9963633050045444,1.3309088700030296,
N903,5,CS_156,2.20733942357162,1.4715596157144135,
N903,6,CS_110,2.656720138764217,1.7711467591761445,
N903,7,CS_83,2.8302278270632533,1.8868185513755023,
N904,1,CS_76,0.7687873254744757,0.5125248836496505,
N904,2,CS_114,1.4772633877398784,0.9848422584932521,
N904,3,CS_83,2.766927331760701,1.8446182211738007,
N904,4,CS_115,3.07202694224625,2.0480179614975,
N904,5,CS_112,3.4183127650959104,2.2788751767306064,
N904,6,CS_156,3.787435417227126,2.5249569448180846,
N904,7,CS_119,3.903143326042733,2.602095550695155,
N905,1,CS_114,1.0356451070663966,0.6904300713775976,
N905,2,CS_76,1.2104056061479576,0.806937070765305,
N905,3,CS_83,2.3253090510872196,1.5502060340581463,
N905,4,CS_115,2.6304086615727686,1.7536057743818458,
N905,5,CS_112,2.9766944844224286,1.9844629896149524,
N905,6,CS_156,3.345817136553644,2.23054475770243,
N905,7,CS_119,3.461525045369251,2.3076833635795007,
N906,1,CS_156,0.19302021229436284,0.12868014152957521,
N906,2,CS_115,1.29645099938314,0.8643006662554267,
N906,3,CS_111,2.374045123424168,1.5826967489494455,
N906,4,CS_114,2.5241252487119703,1.6827501658079804,
N906,5,CS_83,2.6906779061576978,1.7937852707717985,
N906,6,CS_112,3.047125896311371,2.0314172642075805,
N906,7,CS_138,3.273967884165505,2.1826452561103364,
N907,1,CS_115,0.5558693764959504,0.3705795843306336,
N907,2,CS_112,1.5274298381803357,1.0182865587868906,
N907,3,CS_83,1.6017117009151058,1.0678078006100704,
N907,4,CS_156,1.712716270425398,1.1418108469502655,
N907,5,CS_114,3.110184392143214,2.07345626142881,
N907,6,CS_111,3.2686127690980227,2.179075179398682,
N907,7,CS_76,3.2849448912247756,2.1899632608165165,
N908,1,CS_115,0.271663034947267,0.1811086899648447,
N908,2,CS_83,1.3175053593664225,0.8783369062442816,
N908,3,CS_156,1.566192759085638,1.044128506057092,
N908,4,CS_112,1.811636179729019,1.2077574531526796,
N908,5,CS_111,2.9844064275493394,1.9896042850328928,
N908,6,CS_114,3.394390733691898,2.262927155794599,
N908,7,CS_118,3.4730331250212028,2.3153554166808017,
N909,1,CS_83,0.9919128639054013,0.6612752426036009,
N909,2,CS_115,1.7710142230754582,1.1806761487169721,
N909,3,CS_156,2.450242892727593,1.6334952618183953,
N909,4,CS_152,2.6926985663597414,1.795132377573161,
N909,5,CS_111,3.2178890893795713,2.145259392919714,
N909,6,CS_118,3.4841330787313094,2.3227553858208725,
N909,7,CS_117,3.6122955600422713,2.4081970400281807,
N910,1,CS_115,0.9197088299838877,0.6131392199892585,
N910,2,CS_156,1.5989374996360226,1.0659583330906819,
N910,3,CS_83,1.8432182569969715,1.2288121713313143,
N910,4,CS_111,2.366583696288001,1.5777224641920005,
N910,5,CS_112,2.808066557121042,1.8720443714140282,
N910,6,CS_118,2.8552103937598643,1.9034735958399096,
N910,7,CS_152,2.8592590004126537,1.9061726669417691,
N911,1,CS_141,1.1748749280627424,0.7832499520418283,
N911,2,CS_120,1.942992880227986,1.2953285868186573,
N911,3,CS_111,2.2019419356696357,1.4679612904464239,
N911,4,CS_142,2.39473581468593,1.5964905431239533,
N911,5,CS_156,2.666470119278094,1.777646746185396,
N911,6,CS_110,3.051530661722621,2.0343537744817475,
N911,7,CS_118,3.455890363198489,2.303926908798992,
N912,1,CS_141,1.3679867881093504,0.9119911920729004,
N912,2,CS_111,2.008830075623028,1.339220050415352,
N912,3,CS_120,2.1361047402745936,1.4240698268497292,
N912,4,CS_142,2.201623954639322,1.4677493030928814,
N912,5,CS_156,2.4733582592314862,1.6489055061543243,
N912,6,CS_110,3.2446425217692294,2.163095014512819,
N912,7,CS_115,3.5767890463202634,2.3845260308801755,
N913,1,CS_141,0.3058111013794483,0.20387406758629886,
N913,2,CS_120,1.0739290535446917,0.7159527023631278,
N913,3,CS_110,2.1824668350393273,1.454977890026218,
N913,4,CS_127,2.870993081643359,1.9139953877622395,
N913,5,CS_111,3.07100576235293,2.0473371749019535,
N913,6,CS_142,3.263799641369224,2.175866427579483,
N913,7,CS_118,3.425479462094911,2.2836529747299408,
N914,1,CS_141,0.605704172263763,0.40380278150917537,
N914,2,CS_120,0.774035982660377,0.5160239884402513,
N914,3,CS_110,2.353617768331804,1.5690785122212025,
N914,4,CS_127,2.5711000107590447,1.7140666738393633,
N914,5,CS_111,3.3708988332372445,2.24726588882483,
N914,6,CS_142,3.5636927122535385,2.3757951415023593,
N914,7,CS_118,3.725372532979226,2.4835816886528175,
N915,1,CS_141,0.37018217017536725,0.24678811345024487,
N915,2,CS_120,1.0095579847487728,0.6730386564991818,
N915,3,CS_110,2.118095766243408,1.412063844162272,
N915,4,CS_127,2.8066220128474404,1.8710813418982934,
N915,5,CS_111,3.135376831148849,2.090251220765899,
N915,6,CS_142,3.3281707101651428,2.2187804734434287,
N915,7,CS_118,3.4898505308908305,2.326567020593887,
N916,1,CS_151,1.6078973473184872,1.0719315648789915,
N916,2,CS_120,2.1106425441903465,1.407095029460231,
N916,3,CS_149,2.1265204390451338,1.417680292696756,
N916,4,CS_127,2.209059199977333,1.472706133318222,
N916,5,CS_141,2.8775812547114787,1.918387503140986,
N916,6,CS_133,3.666519234025131,2.4412370816354922,
N916,7,CS_135,3.879157597089225,2.5861050647261505,
N917,1,CS_120,0.8754982725880158,0.5836655150586771,
N917,2,CS_141,1.6424369831091479,1.094957988739432,
N917,3,CS_127,2.0357091087994803,1.3571394058663202,
N917,4,CS_151,2.8430416189208176,1.8953610792805453,
N917,5,CS_149,3.3616647106474646,2.2411098070983098,
N917,6,CS_110,3.3903505791771886,2.2602337194514592,
N917,7,CS_111,4.407631644082629,2.938421096055087,
N918,1,CS_142,1.4485578347484713,0.9657052231656476,
N918,2,CS_141,2.5762690383309237,1.7175126922206156,
N918,3,CS_138,3.0456637106683373,2.0304424737788915,
N918,4,CS_156,3.0925195304137802,2.0616796869425205,
N918,5,CS_128,3.151449310775583,2.1009662071837223,
N918,6,CS_111,3.217112325844601,2.1447415505630674,
N918,7,CS_161,3.275709127210879,2.183806084807253,
N919,1,CS_142,1.2209497695831102,0.8139665130554068,
N919,2,CS_141,2.348660973165562,1.5657739821103749,
N919,3,CS_111,2.9895042606792397,1.9930028404528266,
N919,4,CS_120,3.116778925330806,2.077852616887204,
N919,5,CS_138,3.2732717758336984,2.1821811838891323,
N919,6,CS_156,3.320127595579142,2.213418397052761,
N919,7,CS_128,3.379057375940944,2.252704917293963,
N920,1,CS_131,1.0175651600706028,0.6783767733804018,
N920,2,CS_138,1.0393522958541268,0.6929015305694178,
N920,3,CS_128,1.1451378959613727,0.7634252639742485,
N920,4,CS_161,1.2693977123966684,0.8462651415977789,
N920,5,CS_149,1.697911112236991,1.1319407414913272,
N920,6,CS_133,2.0479125306163275,1.3621659460296232,
N920,7,CS_135,3.412493636594592,2.2749957577297275,
N921,1,CS_131,0.8123647029891432,0.5415764686594288,
N921,2,CS_138,1.2445527529355862,0.8297018352903908,
N921,3,CS_128,1.3503383530428321,0.9002255686952214,
N921,4,CS_161,1.4745981694781278,0.9830654463187518,
N921,5,CS_149,1.784099528707362,1.1893996858049078,
N921,6,CS_133,1.8427120735348677,1.2253656413086502,
N921,7,CS_135,3.207293179513132,2.1381954530087546,
N922,1,CS_138,1.4983934576940177,0.9989289717960118,
N922,2,CS_128,1.6041790578012636,1.0694527052008425,
N922,3,CS_161,1.7284388742365593,1.1522925828243729,
N922,4,CS_156,1.96859463876585,1.3123964258439003,
N922,5,CS_115,2.663399591358121,1.7755997275720812,
N922,6,CS_114,2.6974371640412187,1.7982914426941459,
N922,7,CS_149,3.007199723467882,2.004799815645255,
N923,1,CS_95,1.319637361318076,0.8797582408787175,
N923,2,CS_89,2.5984005198796565,1.732267013253104,
N923,3,CS_145,2.823293676275815,1.8821957841838768,
N923,4,CS_98,3.1264525576013997,2.0843017050676,
N923,5,CS_96,3.1833532454037314,2.122235496935821,
N923,6,CS_97,3.9791078765480057,2.647005648967664,
N923,7,CS_87,4.17184405022487,2.78122936681658,
N924,1,CS_89,1.875570054227276,1.2503800361515174,
N924,2,CS_145,2.071198601606318,1.3807990677375452,
N924,3,CS_95,2.0717324359875735,1.381154957325049,
N924,4,CS_119,3.603313532839031,2.4022090218926877,
N924,5,CS_98,3.8785476322708967,2.585698421513931,
N924,6,CS_96,3.9354483200732284,2.623632213382152,
N924,7,CS_97,4.731202951217503,3.1484023654139954,
N925,1,CS_145,1.448399595504349,0.9655997303362328,
N925,2,CS_89,1.5963179493800281,1.064211966253352,
N925,3,CS_95,2.694531442089542,1.7963542947263615,
N925,4,CS_119,2.9805145267370627,1.9870096844913756,
N925,5,CS_154,4.440768671124249,2.9605124474161664,
N925,6,CS_98,4.5013466383728655,3.000897758915244,
N925,7,CS_96,4.558247326175197,3.038831550783465,
N926,1,CS_145,1.2436183953525817,0.8290789302350544,
N926,2,CS_89,1.8010991495317956,1.2007327663545304,
N926,3,CS_119,2.775733326585295,1.850488884390197,
N926,4,CS_95,2.899312642241309,1.9328750948275397,
N926,5,CS_154,4.235987470972481,2.8239916473149873,
N926,6,CS_98,4.706127838524633,3.1374185590164223,
N926,7,CS_96,4.7630285263269645,3.1753523508846433,
N927,1,CS_120,1.487210787256867,0.9914738581712446,
N927,2,CS_141,2.2541494977779992,1.5027663318519997,
N927,3,CS_127,3.284274815355535,2.189516543570357,
N927,4,CS_118,3.489266984916724,2.3261779899444823,
N927,5,CS_117,3.617429466227686,2.4116196441517905,
N927,6,CS_113,3.6635196579071794,2.4423464386047864,
N927,7,CS_110,4.00206309384604,2.6680420625640267,
N928,1,CS_120,1.8786253066535723,1.2524168711023815,
N928,2,CS_141,2.6455640171747046,1.7637093447831365,
N928,3,CS_118,3.0978524655200186,2.0652349770133456,
N928,4,CS_117,3.2260149468309804,2.150676631220654,
N928,5,CS_113,3.272105138510474,2.181403425673649,
N928,6,CS_127,3.6756893347522404,2.4504595565014937,
N928,7,CS_146,4.217126242650196,2.7199465288290243,
N929,1,CS_127,1.6285203810753488,1.0856802540502326,
N929,2,CS_120,2.20836996100809,1.4722466406720598,
N929,3,CS_141,2.975308671529222,1.983539114352815,
N929,4,CS_110,4.723222267597263,3.148814845064842,
N929,5,CS_151,4.751174209754293,3.167449473169529,
N929,6,CS_149,5.713920449669896,3.8092802997799295,
N929,7,CS_111,5.740503332502704,3.8270022216684696,
N930,1,CS_127,1.658876066263222,1.1059173775088147,
N930,2,CS_151,3.4351578089780355,2.2901052059853573,
N930,3,CS_120,3.8185619683369776,2.5457079788913184,
N930,4,CS_149,4.397904048893638,2.931936032595759,
N930,5,CS_141,4.58550067885811,3.057000452572073,
N930,6,CS_133,5.493779695684679,3.6594107227418577,
N930,7,CS_135,5.706418058748774,3.804278705832516,
N931,1,CS_127,0.1406336057592787,0.09375573717285246,
N931,2,CS_120,2.269231866742397,1.5128212444949314,
N931,3,CS_141,3.0361705772635292,2.0241137181756863,
N931,4,CS_151,3.263287434438223,2.175524956292149,
N931,5,CS_149,4.226033674353825,2.8173557829025504,
N931,6,CS_110,4.78408417333157,3.1893894488877135,
N931,7,CS_133,5.321909321144867,3.5448304730486493,
N932,1,CS_127,0.6420652026872249,0.4280434684581499,
N932,2,CS_120,2.7706634636703433,1.8471089757802288,
N932,3,CS_141,3.5376021741914756,2.3584014494609837,
N932,4,CS_151,3.764719031366169,2.5098126875774462,
N932,5,CS_149,4.727465271281771,3.1516435141878474,
N932,6,CS_110,5.285515770259517,3.523677180173011,
N932,7,CS_133,5.823340918072813,3.879118204333947,
N933,1,CS_122,1.8099965551624149,1.2066643701082764,
N933,2,CS_140,1.9614908231485304,1.307660548765687,
N933,3,CS_137,2.8303943433224052,1.886929562214937,
N933,4,CS_121,3.525941344523694,2.334219303859901,
N933,5,CS_135,13.423397523339636,8.948931682226425,
N933,6,CS_125,14.03837641871431,9.316210730947569,
N933,7,CS_124,14.053852473962035,9.326528101112718,
N934,1,CS_137,1.8981631819193914,1.2654421212795943,
N934,2,CS_122,2.742227716565429,1.8281518110436192,
N934,3,CS_140,2.8937219845515445,1.9291479897010297,
N934,4,CS_121,4.458172505926709,2.9557067447952434,
N934,5,CS_135,12.491166361936623,8.327444241291083,
N934,6,CS_125,13.106145257311297,8.694723290012226,
N934,7,CS_124,13.121621312559022,8.705040660177376,
N935,1,CS_137,0.5879272386011128,0.3919514924007419,
N935,2,CS_122,4.052463659883707,2.7016424399224714,
N935,3,CS_140,4.203957927869823,2.8026386185798815,
N935,4,CS_121,5.768408449244987,3.829197373674096,
N935,5,CS_135,11.180930418618345,7.4539536124122305,
N935,6,CS_125,11.795909313993022,7.821232661133375,
N935,7,CS_124,11.811385369240746,7.831550031298525,
N936,1,CS_135,2.1572289463792806,1.4381526309195203,
N936,2,CS_134,3.8114078030666536,2.540938535377769,
N936,3,CS_151,3.9936992612153133,2.662466174143542,
N936,4,CS_133,4.349927625528319,2.8968426759709507,
N936,5,CS_131,4.849123645239131,3.232749096826087,
N936,6,CS_125,4.869957347162603,3.203931349913098,
N936,7,CS_124,4.885433402410327,3.2142487200782477,
N937,1,CS_135,2.857628651029307,1.9050857673528714,
N937,2,CS_125,4.169557642512576,2.7369982134797466,
N937,3,CS_124,4.185033697760301,2.7473155836448964,
N937,4,CS_134,4.51180750771668,3.0078716718111203,
N937,5,CS_151,4.69409896586534,3.129399310576894,
N937,6,CS_133,5.050327330178345,3.3637758124043016,
N937,7,CS_131,5.549523349889157,3.699682233259438,
N938,1,CS_135,2.6311559034916727,1.754103935661115,
N938,2,CS_134,4.285334760179046,2.8568898401193636,
N938,3,CS_151,4.467626218327705,2.9784174788851367,
N938,4,CS_125,4.523026978840715,2.9726444376985057,
N938,5,CS_124,4.538503034088439,2.9829618078636555,
N938,6,CS_133,4.8238545826407115,3.2127939807125454,
N938,7,CS_131,5.323050602351524,3.5487004015676815,
N939,1,CS_134,1.4319096132257714,0.9529384849174957,
N939,2,CS_135,2.6733894753040777,1.780591726303033,
N939,3,CS_123,4.336302621754196,2.889200490603112,
N939,4,CS_151,4.50985979014011,3.0049052695270553,
N939,5,CS_133,4.8660881544531165,3.239281771354463,
N939,6,CS_131,5.3652841741639286,3.5751881922095996,
N939,7,CS_149,5.992991400569105,3.9936596764797176,
N940,1,CS_134,1.4127284883793911,0.9418189922529273,
N940,2,CS_135,2.6542083504576977,1.769472233638465,
N940,3,CS_123,4.3171214969078155,2.878080997938544,
N940,4,CS_151,4.49067866529373,2.9937857768624867,
N940,5,CS_133,4.8469070296067365,3.2281622786898954,
N940,6,CS_131,5.3461030493175485,3.5640686995450315,
N940,7,CS_149,5.973810275722725,3.9825401838151495,
N941,1,CS_134,1.4541047243201122,0.9694031495467412,
N941,2,CS_123,2.617880664264286,1.7452537761761906,
N941,3,CS_131,3.9014600834014193,2.6009733889342797,
N941,4,CS_133,4.2685255846016625,2.8425746486865133,
N941,5,CS_149,4.529167309806597,3.0194448732043977,
N941,6,CS_138,4.7737797278560405,3.1825198185706927,
N941,7,CS_128,4.879565327963286,3.2530435519755234,
N942,1,CS_134,0.748557665287964,0.49903844352530935,
N942,2,CS_123,2.469526502211933,1.6463510014746219,
N942,3,CS_131,3.753105921349066,2.502070614232711,
N942,4,CS_133,4.120171422549309,2.743671873984945,
N942,5,CS_149,4.380813147754244,2.920542098502829,
N942,6,CS_135,4.50180334515358,3.001202230102386,
N942,7,CS_138,4.625425565803687,3.083617043869124,
N943,1,CS_154,2.2633127867495593,1.5088751911663727,
N943,2,CS_119,3.9308786583032718,2.620585772202181,
N943,3,CS_114,5.1091115670435965,3.406074378029064,
N943,4,CS_84,5.250632759631239,3.5004218397541598,
N943,5,CS_129,5.6287654461813785,3.748982040700839,
N943,6,CS_126,5.721057587271497,3.810510134760918,
N943,7,CS_145,6.026848519078138,4.017899012718758,
N944,1,CS_154,3.281814579035209,2.1878763860234725,
N944,2,CS_129,4.6102636538957285,3.0699808458437388,
N944,3,CS_126,4.702555794985847,3.1315089399038176,
N944,4,CS_119,4.949380450588921,3.299586967059281,
N944,5,CS_114,6.127613359329246,4.085075572886163,
N944,6,CS_84,6.269134551916888,4.179423034611259,
N944,7,CS_145,7.045350311363787,4.696900207575858,
N945,1,CS_129,2.562500748459516,1.7048055755529308,
N945,2,CS_126,2.654792889549635,1.7663336696130099,
N945,3,CS_154,5.329577484471421,3.55305165631428,
N945,4,CS_119,6.997143356025133,4.664762237350088,
N945,5,CS_114,8.175376264765458,5.4502508431769705,
N945,6,CS_84,8.3168974573531,5.544598304902067,
N945,7,CS_145,9.093113216799999,6.0620754778666655,
N946,1,CS_154,0.23838774392607914,0.1589251626173861,
N946,2,CS_119,1.9059536154797918,1.2706357436531945,
N946,3,CS_114,3.0841865242201156,2.0561243494800774,
N946,4,CS_84,3.2257077168077593,2.1504718112051733,
N946,5,CS_145,4.001923476254658,2.6679489841697723,
N946,6,CS_156,4.893928249484664,3.2626188329897756,
N946,7,CS_76,4.9232638059153855,3.2821758706102564,
N947,1,CS_154,2.9278355129442324,1.9518903419628217,
N947,2,CS_138,3.580470619155852,2.386980412770568,
N947,3,CS_128,3.6862562192630977,2.4575041461753986,
N947,4,CS_161,3.8105160356983934,2.540344023798929,
N947,5,CS_131,4.095583667357112,2.730389111571408,
N947,6,CS_119,4.595401384497945,3.06360092299863,
N947,7,CS_149,4.742571141529796,3.161714094353197,
N948,1,CS_154,1.2949248435801,0.8632832290533999,
N948,2,CS_119,2.9624907151338125,1.9749938100892086,
N948,3,CS_114,4.140723623874137,2.7604824159160914,
N948,4,CS_84,4.28224481646178,2.8548298776411873,
N948,5,CS_145,5.058460575908679,3.3723070506057864,
N948,6,CS_138,5.213381288519985,3.4755875256799897,
N948,7,CS_128,5.3191668886272305,3.5461112590848205,
N949,1,CS_87,1.7620399862884453,1.174693324192297,
N949,2,CS_95,2.1117153551518966,1.4078102367679313,
N949,3,CS_98,2.79108903596499,1.8607260239766603,
N949,4,CS_96,2.8479897237673217,1.8986598158448813,
N949,5,CS_97,3.643744354911596,2.4234299678767246,
N949,6,CS_89,5.008204583816081,3.338803055877387,
N949,7,CS_145,5.23309774021224,3.4887318268081593,
N950,1,CS_95,1.6450141571205283,1.096676104747019,
N950,2,CS_87,2.228741184319814,1.485827456213209,
N950,3,CS_98,2.324387837933622,1.549591891955748,
N950,4,CS_96,2.3812885257359535,1.587525683823969,
N950,5,CS_97,3.177043156880228,2.1122958358558126,
N950,6,CS_89,4.541503385784712,3.0276689238564747,
N950,7,CS_145,4.766396542180872,3.1775976947872473,
N951,1,CS_98,1.2762865775829186,0.8508577183886126,
N951,2,CS_96,1.3331872653852501,0.8887915102568336,
N951,3,CS_95,1.5520772712339532,1.0347181808226356,
N951,4,CS_97,2.128941896529525,1.413561662288677,
N951,5,CS_87,3.2768424446705167,2.1845616297803447,
N951,6,CS_89,4.448566499898138,2.965710999932091,
N951,7,CS_145,4.6734596562942965,3.1156397708628636,
N952,1,CS_98,1.7254277142757408,1.150285142850494,
N952,2,CS_96,1.7823284020780723,1.188218934718715,
N952,3,CS_95,2.0012184079267756,1.334145605284517,
N952,4,CS_97,2.578083033222347,1.7129890867505586,
N952,5,CS_87,3.0631758597920795,2.042117239861386,
N952,6,CS_89,4.89770763659096,3.265138424393973,
N952,7,CS_145,5.122600792987119,3.4150671953247453,
N953,1,CS_87,1.246439531735635,0.8309596878237566,
N953,2,CS_95,2.627315809704707,1.7515438731364714,
N953,3,CS_98,3.3066894905178006,2.2044596603452002,
N953,4,CS_96,3.3635901783201323,2.2423934522134212,
N953,5,CS_97,4.1593448094644065,2.7671636042452645,
N953,6,CS_89,5.5238050383688915,3.6825366922459275,
N953,7,CS_145,5.74869819476505,3.8324654631766997,
N954,1,CS_87,1.4445445955089586,0.9630297303393057,
N954,2,CS_95,2.429210745931383,1.6194738306209224,
N954,3,CS_98,3.1085844267444767,2.0723896178296513,
N954,4,CS_96,3.1654851145468084,2.1103234096978722,
N954,5,CS_97,3.961239745691083,2.6350935617297155,
N954,6,CS_89,5.325699974595567,3.5504666497303785,
N954,7,CS_145,5.550593130991727,3.7003954206611507,
N955,1,CS_87,3.4586851924945794,2.30579012832972,
N955,2,CS_95,3.808360561358031,2.5389070409053542,
N955,3,CS_98,4.4877342421711255,2.9918228281140835,
N955,4,CS_96,4.544634929973457,3.0297566199823045,
N955,5,CS_97,5.340389561117731,3.554526772014148,
N955,6,CS_93,5.5248848879668575,3.6397803205390784,
N955,7,CS_88,5.890270011406594,3.9268466742710624,
N956,1,CS_87,3.289020497741703,2.192680331827802,
N956,2,CS_95,3.638695866605154,2.4257972444034364,
N956,3,CS_98,4.318069547418248,2.878713031612165,
N956,4,CS_96,4.374970235220579,2.916646823480386,
N956,5,CS_97,5.1707248663648535,3.4414169755122295,
N956,6,CS_93,5.694549582719734,3.7528901170409963,
N956,7,CS_88,6.0599347061594715,4.039956470772981,
N957,1,CS_87,4.918024667765456,3.278683111843638,
N957,2,CS_95,5.2677000366289075,3.511800024419272,
N957,3,CS_98,5.947073717442001,3.964715811628001,
N957,4,CS_96,6.003974405244333,4.002649603496222,
N957,5,CS_93,6.359826260888646,4.196407902486937,
N957,6,CS_88,6.725211384328382,4.483474256218922,
N957,7,CS_97,6.799729036388607,4.527419755528065,
N958,1,CS_93,2.9470592027476656,1.921229863726284,
N958,2,CS_88,3.3124443261874026,2.208296217458268,
N958,3,CS_87,6.036510877713771,4.0243405851425145,
N958,4,CS_95,6.386186246577222,4.257457497718149,
N958,5,CS_98,7.065559927390316,4.710373284926878,
N958,6,CS_96,7.122460615192647,4.748307076795099,
N958,7,CS_97,7.9182152463369215,5.273077228826942,
N959,1,CS_88,2.9962590801565483,1.997506053437699,
N959,2,CS_93,3.2632444487785195,2.132020027746853,
N959,3,CS_87,6.352696123744626,4.235130749163083,
N959,4,CS_95,6.702371492608077,4.468247661738718,
N959,5,CS_98,7.381745173421171,4.921163448947447,
N959,6,CS_96,7.4386458612235025,4.959097240815668,
N959,7,CS_91,7.674083189422612,5.0909098002359325,
N960,1,CS_88,4.332684980117555,2.888456653411703,
N960,2,CS_93,4.599670348739526,3.022970627720857,
N960,3,CS_87,5.9341490652058475,3.9560993768038983,
N960,4,CS_95,6.918815215628273,4.612543477085515,
N960,5,CS_98,7.598188896441367,5.065459264294244,
N960,6,CS_96,7.655089584243698,5.1033930561624645,
N960,7,CS_97,8.450844215387972,5.628163208194308,
N961,1,CS_88,5.248202518391076,3.6964462054511467,
N961,2,CS_93,5.515187887013047,3.8309601797603006,
N961,3,CS_87,7.912445171386055,5.274963447590704,
N961,4,CS_95,8.262120540249507,5.508080360166337,
N961,5,CS_98,8.9414942210626,5.960996147375067,
N961,6,CS_96,8.998394908864931,5.998929939243287,
N961,7,CS_97,9.794149540009206,6.52370009127513,
N962,1,CS_88,5.881392288035082,3.9209281920233883,
N962,2,CS_93,7.447884846515617,5.76365713926287,
N962,3,CS_91,8.090493208379794,5.36851647954072,
N962,4,CS_87,9.845142130888625,7.2076604070932735,
N962,5,CS_95,10.194817499752077,7.440777319668907,
N962,6,CS_98,10.87419118056517,7.893693106877636,
N962,7,CS_96,10.931091868367501,7.931626898745857,
N963,1,CS_91,2.9340566569968285,1.9308921119520768,
N963,2,CS_88,4.7545792728408385,3.169719515227226,
N963,3,CS_93,8.003270981204302,5.292037716030709,
N963,4,CS_94,8.366587905251997,5.577725270167999,
N963,5,CS_87,11.092722656170409,7.39514843744694,
N963,6,CS_95,11.44239802503386,7.628265350022573,
N963,7,CS_98,12.121771705846953,8.081181137231303,
N964,1,CS_91,3.1861703687702363,2.098967919801015,
N964,2,CS_88,4.502465561067431,3.001643707378287,
N964,3,CS_93,7.751157269430895,5.12396190818177,
N964,4,CS_94,8.618701617025405,5.745801078016937,
N964,5,CS_87,10.840608944397001,7.227072629598002,
N964,6,CS_95,11.190284313260452,7.4601895421736355,
N964,7,CS_98,11.869657994073545,7.913105329382365,
N965,1,CS_86,5.694853757335739,3.7965691715571595,
N965,2,CS_94,7.671308785456355,5.114205856970903,
N965,3,CS_147,8.421436579643425,5.576263286056585,
N965,4,CS_90,9.496663852618855,6.293081468040205,
N965,5,CS_139,9.765151104237681,6.498322060452593,
N965,6,CS_85,10.69608273507973,7.11474980655403,
N965,7,CS_92,11.446021059495624,7.630680706330417,
N966,1,CS_94,2.4111228805106384,1.607415253673759,
N966,2,CS_91,9.109688055434145,6.047979710910289,
N966,3,CS_86,10.955039662281456,7.303359774854304,
N966,4,CS_88,13.303512376106273,8.869008250737517,
N966,5,CS_147,13.681622484589141,9.083053889353728,
N966,6,CS_90,14.756849757564572,9.799872071337349,
N966,7,CS_139,15.025337009183398,10.005112663749738,
N967,1,CS_94,2.1803489678387855,1.4535659785591903,
N967,2,CS_91,8.878914142762294,5.894130435795721,
N967,3,CS_86,11.18581357495331,7.457209049968872,
N967,4,CS_88,13.07273846343442,8.71515897562295,
N967,5,CS_147,13.912396397260995,9.236903164468297,
N967,6,CS_90,14.987623670236426,9.953721346451918,
N967,7,CS_139,15.256110921855251,10.158961938864307,
N968,1,CS_94,1.1143888412486003,0.7429258941657335,
N968,2,CS_91,7.8129540161721085,5.183490351402264,
N968,3,CS_88,12.006778336844238,8.004518891229493,
N968,4,CS_86,12.251773701543494,8.16784913436233,
N968,5,CS_147,14.978356523851179,9.947543248861754,
N968,6,CS_93,15.255470045207701,10.126837092032977,
N968,7,CS_90,16.053583796826608,10.664361430845375,
N969,1,CS_94,2.474669739374458,1.6497798262496386,
N969,2,CS_91,6.45267311804625,4.276636419318359,
N969,3,CS_88,10.64649743871838,7.097664959145586,
N969,4,CS_86,13.612054599669351,9.074703066446235,
N969,5,CS_93,13.895189147081844,9.21998315994907,
N969,6,CS_147,16.338637421977037,10.854397180945659,
N969,7,CS_87,16.98464082204795,11.323093881365299,
N970,1,CS_99,6.2997865849586665,4.199857723305779,
N970,2,CS_106,6.422624727072999,4.281749818048666,
N970,3,CS_162,6.52609296562267,4.4794738359749235,
N970,4,CS_148,7.749021615475999,5.166014410317333,
N970,5,CS_69,9.014303336661216,6.009535557774146,
N970,6,CS_102,9.119293613725542,6.046936467257262,
N970,7,CS_153,9.284090548528225,6.189393699018816,
N971,1,CS_99,3.6713768344841675,2.4475845563227785,
N971,2,CS_106,3.7942149765984987,2.5294766510656657,
N971,3,CS_148,5.120611865001499,3.413741243334332,
N971,4,CS_69,6.385893586186716,4.257262390791145,
N971,5,CS_102,6.490883863251042,4.294663300274261,
N971,6,CS_153,6.655680798053725,4.4371205320358165,
N971,7,CS_108,6.739501936302739,4.493001290868493,
N972,1,CS_99,1.833291852605838,1.222194568403892,
N972,2,CS_106,1.9561299947201696,1.3040866631467798,
N972,3,CS_148,3.282526883123169,2.188351255415446,
N972,4,CS_69,4.58980465680528,3.05986977120352,
N972,5,CS_153,4.817595816175396,3.2117305441169304,
N972,6,CS_108,4.901416954424411,3.2676113029496068,
N972,7,CS_109,4.903606402654025,3.269070935102683,
N973,1,CS_99,0.47180448460430885,0.3145363230695392,
N973,2,CS_69,3.2283172888037504,2.152211525869167,
N973,3,CS_106,3.3176173627216987,2.2117449084811325,
N973,4,CS_102,4.149119828153635,2.73348727687599,
N973,5,CS_148,4.644014251124699,3.096009500749799,
N973,6,CS_153,6.179083184176925,4.119388789451283,
N973,7,CS_108,6.262904322425939,4.17526954828396,
N974,1,CS_99,0.952774442084124,0.635182961389416,
N974,2,CS_69,3.5631595936094955,2.375439729072997,
N974,3,CS_102,3.6681498706738207,2.4128406385561134,
N974,4,CS_106,3.7985873202015137,2.532391546801009,
N974,5,CS_148,5.124984208604514,3.4166561390696755,
N974,6,CS_105,5.853605851913688,3.842505518245881,
N974,7,CS_33,5.919544120227988,3.8622985194802117,
N975,1,CS_99,2.156032604791517,1.4373550698610114,
N975,2,CS_69,4.118184843830789,2.745456562553859,
N975,3,CS_106,4.707934588283471,3.1386230588556474,
N975,4,CS_148,6.034331476686471,4.022887651124314,
N975,5,CS_102,6.432885232883795,4.255997546696097,
N975,6,CS_153,7.569400409738696,5.046266939825798,
N975,7,CS_108,7.653221547987711,5.102147698658475,
N976,1,CS_99,2.284869431992795,1.5232462879951967,
N976,2,CS_69,3.9893480166295108,2.6595653444196734,
N976,3,CS_106,4.836771415484749,3.224514276989833,
N976,4,CS_148,6.163168303887749,4.108778869258499,
N976,5,CS_102,6.5617220600850725,4.341888764830283,
N976,6,CS_153,7.698237236939976,5.132158157959983,
N976,7,CS_108,7.78205837518899,5.18803891679266,
N977,1,CS_69,0.43090491329071057,0.287269942193807,
N977,2,CS_99,2.6696795755743974,1.7797863837162653,
N977,3,CS_102,3.3859267706663907,2.224691905217827,
N977,4,CS_24,4.86602623360941,3.24401748907294,
N977,5,CS_32,4.9988372990845935,3.332558199389729,
N977,6,CS_105,5.571382751906258,3.654356784907595,
N977,7,CS_33,5.637321020220558,3.6741497861419257,
N978,1,CS_69,1.855920703446388,1.2372804689642587,
N978,2,CS_102,1.9609109805107128,1.2746813784473754,
N978,3,CS_99,2.6600133322472317,1.7733422214981542,
N978,4,CS_105,4.146366961750581,2.704346258137143,
N978,5,CS_33,4.21230523006488,2.724139259371474,
N978,6,CS_103,4.249741674258436,2.711375437933516,
N978,7,CS_104,4.249741674258436,2.711375437933516,
N979,1,CS_99,4.376941923556649,2.9179612823711,
N979,2,CS_106,4.494563321197791,2.996375547465194,
N979,3,CS_148,5.820960209600791,3.8806401397338606,
N979,4,CS_69,6.432426589863783,4.288284393242523,
N979,5,CS_153,7.356029142653018,4.904019428435345,
N979,6,CS_108,7.439850280902032,4.959900187268022,
N979,7,CS_109,7.442039729131647,4.961359819421097,
N980,1,CS_107,1.5300719417420405,1.0200479611613604,
N980,2,CS_100,2.0788277647405042,1.3858851764936693,
N980,3,CS_101,2.303922448301134,1.5359482988674227,
N980,4,CS_148,3.2999986301367406,2.199999086757827,
N980,5,CS_106,4.6682625671786715,3.112175044785781,
N980,6,CS_153,4.835067563188966,3.223378375459311,
N980,7,CS_108,4.9188887014379805,3.2792591342919875,
N981,1,CS_107,2.1907670112793864,1.4605113408529244,
N981,2,CS_148,2.6393035605993944,1.7595357070662632,
N981,3,CS_100,2.73952283427785,1.8263485561852335,
N981,4,CS_101,2.96461751783848,1.976411678558987,
N981,5,CS_106,4.007567497641325,2.671711665094217,
N981,6,CS_153,4.174372493651621,2.7829149957677473,
N981,7,CS_108,4.258193631900635,2.8387957546004237,
N982,1,CS_148,2.320808196668364,1.547205464445576,
N982,2,CS_107,2.509262375210417,1.6728415834736117,
N982,3,CS_100,3.058018198208881,2.038678798805921,
N982,4,CS_101,3.283112881769511,2.188741921179674,
N982,5,CS_106,3.6890721337102947,2.45938142247353,
N982,6,CS_153,3.8558771297205894,2.57058475314706,
N982,7,CS_108,3.9396982679696047,2.6264655119797364,
N983,1,CS_148,3.512688200253683,2.341792133502455,
N983,2,CS_107,3.701142378795736,2.467428252530491,
N983,3,CS_106,4.047389089537048,2.6982593930246987,
N983,4,CS_100,4.2498982017942,2.8332654678628004,
N983,5,CS_101,4.47499288535483,2.9833285902365536,
N983,6,CS_153,5.047757133305909,3.3651714222039395,
N983,7,CS_108,5.131578271554924,3.421052181036616,
N984,1,CS_127,1.242174752290482,0.8281165015269879,
N984,2,CS_120,3.3707730132736007,2.247182008849067,
N984,3,CS_141,4.137711723794733,2.7584744825298215,
N984,4,CS_151,4.3648285809694265,2.909885720646284,
N984,5,CS_149,5.3275748208850295,3.5517165472566847,
N984,6,CS_110,5.885625319862774,3.9237502132418487,
N984,7,CS_113,6.112930258866411,4.075286839244274,
N985,1,CS_127,3.045053083724573,2.0300353891497154,
N985,2,CS_120,3.994139255353881,2.6627595035692537,
N985,3,CS_113,4.31005192743232,2.873367951621547,
N985,4,CS_141,4.761077965875012,3.1740519772500084,
N985,5,CS_151,6.167706912403517,4.111804608269011,
N985,6,CS_110,6.508991561943054,4.3393277079620365,
N985,7,CS_118,6.519780967574941,4.346520645049961,
N986,1,CS_98,0.2779957277404773,0.1795975497626453,
N986,2,CS_96,0.33489641554280886,0.21753134163086632,
N986,3,CS_97,0.9987935325406061,0.6658623550270708,
N986,4,CS_95,2.682225635222872,1.7824174880842418,
N986,5,CS_87,4.406990808659435,2.932260937041951,
N986,6,CS_89,5.578714863887056,3.7134103071936972,
N986,7,CS_145,5.803608020283216,3.86333907812447,
N987,1,CS_133,0.37318788000931746,0.24879192000621164,
N987,2,CS_131,1.841757302006516,1.2247291269564156,
N987,3,CS_149,2.4694645284116925,1.6432006112265334,
N987,4,CS_135,2.7071423882739682,1.801652517801384,
N987,5,CS_138,2.714076946461137,1.8062755565928295,
N987,6,CS_128,2.8198625465683826,1.87679928999766,
N987,7,CS_161,2.944122363003679,1.9596391676211904,
N988,1,CS_138,0.4774228663357275,0.3091619754728521,
N988,2,CS_128,0.5832084664429734,0.3796857088776827,
N988,3,CS_161,0.7074682828782692,0.4625255865012132,
N988,4,CS_149,1.7359992006082126,1.1482128649878423,
N988,5,CS_131,1.7892531041945579,1.1837154673787391,
N988,6,CS_133,2.819600474740283,1.8675046400279605,
N988,7,CS_156,3.4495536762310754,2.2905825154030843,
N989,1,CS_138,2.236913915808574,1.4821560084547496,
N989,2,CS_128,2.3426995159158195,1.5526797418595804,
N989,3,CS_161,2.4669593323511156,1.6355196194831108,
N989,4,CS_149,3.4954902500810587,2.32120689796974,
N989,5,CS_131,3.548744153667404,2.3567095003606364,
N989,6,CS_133,4.579091524213128,3.040498673009858,
N989,7,CS_156,5.209044725703923,3.4635765483849816,
N990,1,CS_145,2.473909285632683,1.6272691554363288,
N990,2,CS_119,3.0614728177851087,2.018978176871279,
N990,3,CS_89,4.270684685956223,2.825119422318689,
N990,4,CS_154,4.521726962172295,2.9924809397960694,
N990,5,CS_114,5.210238972588362,3.451488946740115,
N990,6,CS_95,5.368898178665736,3.557261750791698,
N990,7,CS_84,6.507425122355258,4.316279713251378,
N991,1,CS_151,1.5817203885108022,1.0522002935012509,
N991,2,CS_127,2.1828822411696476,1.4529748619404814,
N991,3,CS_120,2.1892587096348968,1.4572258409173136,
N991,4,CS_149,2.2051366044896836,1.4678111041538386,
N991,5,CS_141,2.956197420156029,1.9685183145980687,
N991,6,CS_133,3.6403422752174457,2.4215058102577522,
N991,7,CS_135,3.8529806382815406,2.5663737933484096,
N992,1,CS_129,4.115197390221565,2.695073073809233,
N992,2,CS_126,4.207489531311683,2.756601167869312,
N992,3,CS_154,6.882274126233469,4.543319154570583,
N992,4,CS_119,8.549839997787181,5.655029735606392,
N992,5,CS_114,9.728072906527503,6.4405183414332745,
N992,6,CS_84,9.86959409911515,6.53486580315837,
N992,7,CS_145,10.645809858562048,7.0523429761229695,
N993,1,CS_129,4.365160088294178,2.8617148725243093,
N993,2,CS_126,4.457452229384296,2.923242966584388,
N993,3,CS_154,7.132236824306082,4.70996095328566,
N993,4,CS_119,8.799802695859794,5.821671534321468,
N993,5,CS_114,9.978035604600116,6.607160140148351,
N993,6,CS_84,10.119556797187762,6.7015076018734465,
N993,7,CS_145,10.895772556634661,7.218984774838046,
N994,1,CS_135,2.022036980490621,1.3480246536604141,
N994,2,CS_134,2.0448998583464673,1.3632665722309782,
N994,3,CS_151,3.8585072953266537,2.5723381968844365,
N994,4,CS_133,4.2147356596396595,2.8067146987118443,
N994,5,CS_131,4.7139316793504715,3.142621119566981,
N994,6,CS_123,4.949292866874892,3.2995285779165946,
N994,7,CS_149,5.341638905755648,3.561092603837099,
N995,1,CS_135,1.6190273183337456,1.0793515455558302,
N995,2,CS_134,2.447909520503343,1.631939680335562,
N995,3,CS_151,3.455497633169778,2.3036650887798524,
N995,4,CS_133,3.8117259974827835,2.5380415906072606,
N995,5,CS_131,4.310922017193596,2.873948011462397,
N995,6,CS_149,4.938629243598772,3.2924194957325152,
N995,7,CS_138,5.183241661648217,3.45549444109881,
N996,1,CS_115,1.1163198226746416,0.7442132151164276,
N996,2,CS_156,1.1522658242467068,0.7681772161644713,
N996,3,CS_112,2.0878802843590267,1.3919201895726847,
N996,4,CS_83,2.162162147093797,1.4414414313958646,
N996,5,CS_114,2.5597756598707937,1.7065171065805294,
N996,6,CS_111,3.333290735376512,2.2221938235843415,
N996,7,CS_138,3.8245876616213437,2.549725107747562,
N997,1,CS_114,0.9168280732472625,0.611218715498175,
N997,2,CS_154,2.4251072961399496,1.616738197426633,
N997,3,CS_119,2.449592259633478,1.6330615064223184,
N997,4,CS_76,2.755905354942532,1.8372702366283542,
N997,5,CS_156,2.7777645314810924,1.851843020987395,
N997,6,CS_115,3.472569484073364,2.3150463227155758,
N997,7,CS_83,3.870808799881794,2.580539199921196,
N998,1,CS_144,9.611088626434064,6.4247880630141285,
N998,2,CS_118,10.253404231452677,6.852998466359872,
N998,3,CS_117,10.38156671276364,6.93844012056718,
N998,4,CS_152,11.0850347646326,7.407418821813151,
N998,5,CS_80,11.176044172804719,7.468091760594565,
N998,6,CS_110,12.141755969211635,8.111899624865842,
N998,7,CS_120,12.142456126373109,8.112366396306824,
N999,1,CS_144,3.846490469990443,2.5643269799936292,
N999,2,CS_118,4.087057253498425,2.724704835665616,
N999,3,CS_117,4.215219734809387,2.810146489872924,
N999,4,CS_152,4.918687786678343,3.2791251911188963,
N999,5,CS_80,5.411446016361099,3.607630677574066,
N999,6,CS_110,5.975408991257381,3.9836059941715867,
N999,7,CS_120,5.9761091484188515,3.984072765612568,
N1000,1,CS_145,1.0447258050013177,0.6964838700008785,
N1000,2,CS_119,2.5768407362340313,1.7178938241560213,
N1000,3,CS_89,2.8415012053248576,1.8943341368832385,
N1000,4,CS_95,3.939714698034372,2.626476465356248,
N1000,5,CS_154,4.0370948806212175,2.691396587080812,
N1000,6,CS_114,4.725606891037285,3.1504045940248573,
N1000,7,CS_78,5.342881729419137,3.5619211529460912,
N1001,1,CS_145,0.12108798355990288,0.08072532237326858,
N1001,2,CS_119,2.6589690922336477,1.7726460614890989,
N1001,3,CS_89,2.923629561324474,1.949086374216316,
N1001,4,CS_95,4.0218430540339885,2.6812287026893253,
N1001,5,CS_154,4.119223236620834,2.7461488244138894,
N1001,6,CS_114,4.807735247036901,3.2051568313579346,
N1001,7,CS_78,5.425010085418753,3.6166733902791695,
N1002,1,CS_145,1.349289340820023,0.8775225255612218,
N1002,2,CS_119,1.9368528729724488,1.2692315469961724,
N1002,3,CS_89,3.1460647411435634,2.0753727924435816,
N1002,4,CS_154,3.3971070173596347,2.242734309920963,
N1002,5,CS_114,4.085619027775702,2.7017423168650083,
N1002,6,CS_95,4.244278233853077,2.807515120916591,
N1002,7,CS_84,5.382805177542597,3.5665330833762714,
N1003,1,CS_145,2.0106645493431516,1.3184393312433076,
N1003,2,CS_119,2.5982280814955767,1.710148352678258,
N1003,3,CS_89,3.8074399496666915,2.516289598125667,
N1003,4,CS_154,4.058482225882763,2.6836511156030487,
N1003,5,CS_114,4.74699423629883,3.142659122547094,
N1003,6,CS_95,4.905653442376205,3.248431926598677,
N1003,7,CS_84,6.044180386065726,4.007449889058357,
N1004,1,CS_80,2.6708564193025337,1.7805709462016894,
N1004,2,CS_83,2.7297646137342326,1.819843075822822,
N1004,3,CS_152,3.284917923744625,2.1899452824964167,
N1004,4,CS_118,4.200272017419733,2.800181344946489,
N1004,5,CS_115,4.215573229639414,2.8103821530929416,
N1004,6,CS_117,4.3284344987306955,2.885622999153797,
N1004,7,CS_144,4.723349986054477,3.1488999907029847,
N1005,1,CS_127,0.7972837655696257,0.5315225103797504,
N1005,2,CS_120,1.6125817069320498,1.0750544712880332,
N1005,3,CS_141,2.379520417453182,1.5863469449687881,
N1005,4,CS_151,3.91993759424857,2.6132917294990468,
N1005,5,CS_110,4.127434013521223,2.751622675680815,
N1005,6,CS_149,4.60009005387732,3.0667267025848797,
N1005,7,CS_111,5.144715078426664,3.429810052284443,
N1006,1,CS_80,3.8381248727541335,2.558749915169422,
N1006,2,CS_78,5.018547839481333,3.345698559654222,
N1006,3,CS_83,5.240390910939701,3.4935939406264667,
N1006,4,CS_79,5.339520765725259,3.5596805104835054,
N1006,5,CS_152,5.7955442209500925,3.863696147300062,
N1006,6,CS_144,5.890618439506076,3.927078959670718,
N1006,7,CS_118,6.710898314625201,4.473932209750134,
N1007,1,CS_133,3.0493948178549353,2.0082110167083673,
N1007,2,CS_131,3.0690002830749776,2.024390401236324,
N1007,3,CS_149,3.696707509480155,2.442861885506442,
N1007,4,CS_138,3.941319927529599,2.605936830872738,
N1007,5,CS_128,4.047105527636845,2.6764605642775687,
N1007,6,CS_161,4.17136534407214,2.7593004419010994,
N1007,7,CS_130,4.1863812903112905,2.769311072727199,
N1008,1,CS_133,2.291870636555324,1.5031948958419599,
N1008,2,CS_131,2.311476101775366,1.5193742803699166,
N1008,3,CS_149,2.939183328180543,1.9378457646400347,
N1008,4,CS_138,3.1837957462299875,2.1009207100063305,
N1008,5,CS_128,3.289581346337233,2.1714444434111613,
N1008,6,CS_161,3.4138411627725294,2.254284321034692,
N1008,7,CS_130,3.428857109011679,2.2642949518607915,
N1009,1,CS_133,1.6555890208146895,1.100616939495198,
N1009,2,CS_131,1.6751944860347323,1.1167963240231547,
N1009,3,CS_149,2.3029017124399087,1.5352678082932727,
N1009,4,CS_138,2.547514130489353,1.6983427536595683,
N1009,5,CS_128,2.653299730596599,1.768866487064399,
N1009,6,CS_161,2.7775595470318946,1.8517063646879295,
N1009,7,CS_135,3.0201701267929537,2.0134467511953025,
N1010,1,CS_133,2.043358080531557,1.3591296459731095,
N1010,2,CS_131,2.0629635457516,1.3753090305010662,
N1010,3,CS_149,2.690670772156776,1.793780514771184,
N1010,4,CS_138,2.9352831902062206,1.9568554601374801,
N1010,5,CS_128,3.0410687903134663,2.0273791935423104,
N1010,6,CS_161,3.165328606748762,2.110219071165841,
N1010,7,CS_130,3.180344552987912,2.120229701991941,
N1011,1,CS_110,0.7761582652804245,0.5174388435202829,
N1011,2,CS_141,1.7121196711383506,1.141413114092234,
N1011,3,CS_120,2.351495485711756,1.5676636571411708,
N1011,4,CS_118,2.727812388276602,1.8185415921844015,
N1011,5,CS_117,2.855974869587564,1.9039832463917095,
N1011,6,CS_111,3.6222834310551804,2.4148556207034533,
N1011,7,CS_127,4.148559513810425,2.765706342540283,
N1012,1,CS_149,1.3182154234061771,0.8788102822707847,
N1012,2,CS_151,2.416202362957444,1.6108015753049625,
N1012,3,CS_120,2.9189475598293035,1.945965039886202,
N1012,4,CS_127,3.0173642156162894,2.0115761437441932,
N1012,5,CS_138,3.2854636551292784,2.190309103419519,
N1012,6,CS_128,3.391249255236524,2.2608328368243495,
N1012,7,CS_131,3.438132739979221,2.292088493319481,
N1013,1,CS_113,1.1211101533066339,0.7474067688710893,
N1013,2,CS_120,5.227052727880784,3.484701818587189,
N1013,3,CS_118,5.440525837776598,3.627017225184399,
N1013,4,CS_117,5.568688319087561,3.7124588793917073,
N1013,5,CS_141,5.993991438401916,3.9959942922679437,
N1013,6,CS_127,6.233994857850259,4.1559965719001735,
N1013,7,CS_152,7.241136168184709,4.827424112123141,
N1014,1,CS_113,0.522393935294948,0.3482626235299654,
N1014,2,CS_120,4.628336509869097,3.0855576732460657,
N1014,3,CS_118,4.841809619764913,3.2278730798432753,
N1014,4,CS_117,4.969972101075875,3.3133147340505835,
N1014,5,CS_141,5.395275220390229,3.5968501469268204,
N1014,6,CS_127,6.425400537967766,4.283600358645177,
N1014,7,CS_152,6.642419950173024,4.428279966782017,
N1015,1,CS_113,0.807639444824245,0.5384262965494966,
N1015,2,CS_120,4.913582019398395,3.275721346265597,
N1015,3,CS_118,5.1270551292942095,3.418036752862806,
N1015,4,CS_117,5.255217610605172,3.5034784070701144,
N1015,5,CS_141,5.680520729919526,3.7870138199463517,
N1015,6,CS_127,6.710646047497064,4.473764031664709,
N1015,7,CS_152,6.927665459702321,4.618443639801548,
N1016,1,CS_154,0.8165976999087361,0.5443984666058241,
N1016,2,CS_119,2.4841635714624486,1.6561090476416327,
N1016,3,CS_114,3.6623964802027724,2.441597653468516,
N1016,4,CS_84,3.8039176727904165,2.5359451151936114,
N1016,5,CS_145,4.580133432237315,3.0534222881582105,
N1016,6,CS_156,5.4721382054673215,3.6480921369782138,
N1016,7,CS_76,5.501473761898041,3.667649174598695,
N1017,1,CS_153,0.5607952617681897,0.37386350784545985,
N1017,2,CS_108,0.6446164000172048,0.42974426667813653,
N1017,3,CS_109,0.6468058482468187,0.4312038988312125,
N1017,4,CS_148,1.9831154679855623,1.3220769786570414,
N1017,5,CS_106,3.3513794050274934,2.2342529366849955,
N1017,6,CS_107,5.804344243162817,3.8695628287752117,
N1017,7,CS_99,6.090092407013043,4.060061604675362,
N1018,1,CS_131,0.9186694669519765,0.6032024187828104,
N1018,2,CS_138,1.3508575168984196,0.8913277854137723,
N1018,3,CS_128,1.4566431170056655,0.961851518818603,
N1018,4,CS_161,1.5809029334409612,1.0446913964421334,
N1018,5,CS_149,1.8904042926701952,1.2510256359282894,
N1018,6,CS_133,1.9490168374977013,1.2869915914320318,
N1018,7,CS_135,3.313597943475965,2.1998214031321366,
N1019,1,CS_131,2.420122876622948,1.6041713585634585,
N1019,2,CS_138,2.8523109265693916,1.8922967251944205,
N1019,3,CS_128,2.9580965266766373,1.962820458599251,
N1019,4,CS_161,3.0823563431119334,2.0456603362227814,
N1019,5,CS_149,3.391857702341167,2.2519945757089377,
N1019,6,CS_133,3.4504702471686732,2.28796053121268,
N1019,7,CS_135,4.815051353146938,3.200790342912784,
N1020,1,CS_129,2.521925795795263,1.6812838638635088,
N1020,2,CS_126,2.6142179368853817,1.742811957923588,
N1020,3,CS_154,5.370152437135674,3.576573368003702,
N1020,4,CS_119,7.037718308689387,4.688283949039509,
N1020,5,CS_114,8.21595121742971,5.473772554866392,
N1020,6,CS_84,8.357472410017355,5.568120016591488,
N1020,7,CS_145,9.133688169464254,6.085597189556087,
N1021,1,CS_129,1.5774682686766472,1.0516455124510982,
N1021,2,CS_126,1.669760409766766,1.1131736065111772,
N1021,3,CS_154,6.31460996425429,4.206211719416113,
N1021,4,CS_119,7.982175835808002,5.317922300451921,
N1021,5,CS_114,9.160408744548324,6.103410906278804,
N1021,6,CS_84,9.30192993713597,6.1977583680039,
N1021,7,CS_145,10.078145696582869,6.715235540968499,
N1022,1,CS_141,1.6823020359642167,1.1215346906428112,
N1022,2,CS_120,1.850633846360831,1.2337558975738874,
N1022,3,CS_118,3.347988385559569,2.231992257039712,
N1022,4,CS_110,3.430215632032258,2.286810421354838,
N1022,5,CS_117,3.476150866870531,2.3174339112470204,
N1022,6,CS_127,3.6476978744594986,2.431798582973,
N1022,7,CS_111,4.447496696937699,2.964997797958466,
N1023,1,CS_110,1.0044303570667008,0.6696202380444672,
N1023,2,CS_141,1.578101652279638,1.0520677681864252,
N1023,3,CS_118,2.293562315627101,1.5290415437514009,
N1023,4,CS_120,2.3462196044448813,1.5641464029632541,
N1023,5,CS_117,2.421724796938063,1.6144831979587089,
N1023,6,CS_111,3.1880333584056793,2.1253555722704522,
N1023,7,CS_152,4.094172646035212,2.7294484306901428,
N1024,1,CS_110,1.2051837795577884,0.8034558530385256,
N1024,2,CS_141,1.3773482297885504,0.918232153192367,
N1024,3,CS_120,2.1454661819537937,1.4303107879691959,
N1024,4,CS_118,2.494315738118189,1.6628771587454592,
N1024,5,CS_117,2.622478219429151,1.7483188129527671,
N1024,6,CS_111,3.388786780896767,2.2591911872645114,
N1024,7,CS_127,3.9425302100524613,2.6283534733683083,
N1025,1,CS_110,1.0501719462372763,0.7001146308248508,
N1025,2,CS_141,1.4381059901814988,0.958737326787666,
N1025,3,CS_120,2.077481804754904,1.384987869836603,
N1025,4,CS_118,3.001826069233454,2.001217379488969,
N1025,5,CS_117,3.129988550544416,2.0866590336962774,
N1025,6,CS_127,3.8745458328535722,2.583030555235715,
N1025,7,CS_111,3.896297112012032,2.597531408008021,
N1026,1,CS_127,2.028720233716574,1.3203197934238013,
N1026,2,CS_151,3.8050019764313876,2.504507621900344,
N1026,3,CS_120,4.18840613579033,2.760110394806305,
N1026,4,CS_149,4.767748216346989,3.1463384485107455,
N1026,5,CS_141,4.955344846311461,3.2714028684870597,
N1026,6,CS_133,5.863623863138032,3.8738131386568444,
N1026,7,CS_135,6.076262226202126,4.018681121747503,
N1027,1,CS_127,4.463304454149303,2.943375940378954,
N1027,2,CS_151,6.239586196864116,4.127563768855496,
N1027,3,CS_120,6.622990356223059,4.383166541761457,
N1027,4,CS_149,7.20233243677972,4.769394595465897,
N1027,5,CS_141,7.38992906674419,4.894459015442212,
N1027,6,CS_133,8.298208083570758,5.4968692856119965,
N1027,7,CS_135,8.510846446634854,5.641737268702656,
N1028,1,CS_147,0.8895920072560768,0.5390615542992289,
N1028,2,CS_90,1.9648192802315063,1.2558797362828487,
N1028,3,CS_85,2.79688177554587,1.8645878503639133,
N1028,4,CS_92,3.9141764871082785,2.593478974573062,
N1028,5,CS_86,4.5990761570771665,3.0500787545523207,
N1028,6,CS_139,8.66937350397911,5.751831643447755,
N1028,7,CS_94,15.570509744990215,10.364367813161019,
N1029,1,CS_85,0.7427498773472561,0.49516658489817067,
N1029,2,CS_147,2.943723905454691,1.9084828197649717,
N1029,3,CS_90,4.018951178430121,2.6253010017485914,
N1029,4,CS_92,5.968308385306893,3.9629002400388043,
N1029,5,CS_86,6.653208055275781,4.419500020018064,
N1029,6,CS_139,10.723505402177723,7.1212529089134975,
N1029,7,CS_94,17.62464164318883,11.733789078626762,
N1030,1,CS_120,2.396223189694182,1.593801986169931,
N1030,2,CS_141,2.450035839044377,1.6296770857367278,
N1030,3,CS_118,2.6648978092151197,1.7729183991838893,
N1030,4,CS_117,2.7930602905260815,1.8583600533911973,
N1030,5,CS_146,3.6995283596095865,2.378561413761474,
N1030,6,CS_113,3.789703021551084,2.5227885407411987,
N1030,7,CS_127,4.193287217792851,2.7918446715690433,
N1031,1,CS_120,3.036928888950439,2.020939119007436,
N1031,2,CS_146,3.0588226603533295,1.9514242809239695,
N1031,3,CS_141,3.0907415383006343,2.056814218574232,
N1031,4,CS_118,3.3056035084713766,2.200055532021394,
N1031,5,CS_117,3.4337659897823385,2.285497186228702,
N1031,6,CS_113,4.430408720807341,2.9499256735787034,
N1031,7,CS_127,4.833992917049108,3.2189818044065484,
N1032,1,CS_120,2.2312397172988274,1.487493144865885,
N1032,2,CS_113,2.9194907278652185,1.946327151910146,
N1032,3,CS_141,2.9981784278199597,1.9987856185466402,
N1032,4,CS_118,3.450466876165274,2.300311250776849,
N1032,5,CS_117,3.578629357476236,2.385752904984157,
N1032,6,CS_127,4.028303745397495,2.6855358302649974,
N1032,7,CS_146,4.569740653295451,2.9550228025925276,
N1033,1,CS_135,2.9123658002468598,1.9349394626171923,
N1033,2,CS_134,4.566544656934234,3.037725367075441,
N1033,3,CS_151,4.748836115082893,3.1592530058412147,
N1033,4,CS_125,4.804236875595902,3.153479964654583,
N1033,5,CS_124,4.819712930843626,3.1637973348197326,
N1033,6,CS_133,5.105064479395899,3.3936295076686225,
N1033,7,CS_131,5.604260499106711,3.729535928523759,
N1034,1,CS_135,3.9751633193429976,2.6403618608989188,
N1034,2,CS_134,5.629342176030371,3.743147765357168,
N1034,3,CS_151,5.81163363417903,3.864675404122941,
N1034,4,CS_125,5.867034394692039,3.85890236293631,
N1034,5,CS_124,5.882510449939764,3.8692197331014597,
N1034,6,CS_133,6.167861998492036,4.09905190595035,
N1034,7,CS_131,6.667058018202848,4.434958326805486,
N1035,1,CS_110,1.279122245244723,0.8527481634964821,
N1035,2,CS_141,1.6095704551637586,1.0730469701091725,
N1035,3,CS_118,2.1217201083106008,1.4144800722070672,
N1035,4,CS_117,2.2498825896215626,1.4999217264143752,
N1035,5,CS_120,2.377688407329002,1.5851256048860016,
N1035,6,CS_111,3.0161911510891786,2.0107941007261187,
N1035,7,CS_152,3.9223304387187126,2.614886959145809,
N1036,1,CS_107,3.2239335363125736,2.1492890242083824,
N1036,2,CS_100,3.7726893593110375,2.5151262395406917,
N1036,3,CS_101,3.9977840428716678,2.665189361914445,
N1036,4,CS_148,4.5160040482714185,3.010669365514279,
N1036,5,CS_106,5.8842679853133495,3.9228453235422327,
N1036,6,CS_153,6.051072981323644,4.034048654215763,
N1036,7,CS_108,6.1348941195726585,4.08992941304844,
N1037,1,CS_133,2.0932043876074315,1.387120827647424,
N1037,2,CS_131,2.592400407318243,1.7230272485025604,
N1037,3,CS_135,3.0711121909581474,2.04216843759583,
N1037,4,CS_149,3.22010763372342,2.1414987327726784,
N1037,5,CS_138,3.4647200517728645,2.304573678138974,
N1037,6,CS_128,3.57050565188011,2.3750974115438046,
N1037,7,CS_151,3.5815055265782343,2.3824306613425548,
N1038,1,CS_133,1.1114676641267072,0.7326296786602744,
N1038,2,CS_131,1.6106636838375192,1.0685360995154107,
N1038,3,CS_135,2.089375467477423,1.3876772886086803,
N1038,4,CS_149,2.2383709102426956,1.4870075837855286,
N1038,5,CS_138,2.48298332829214,1.6500825291518244,
N1038,6,CS_128,2.5887689283993858,1.7206062625566552,
N1038,7,CS_151,2.5997688030975104,1.7279395123554049,
N1039,1,CS_133,1.9368583861117017,1.2828901599836042,
N1039,2,CS_131,2.4360544058225138,1.6187965808387408,
N1039,3,CS_135,2.914766189462418,1.9379377699320102,
N1039,4,CS_149,3.0637616322276906,2.037268065108859,
N1039,5,CS_138,3.308374050277135,2.2003430104751542,
N1039,6,CS_128,3.4141596503843807,2.270866743879985,
N1039,7,CS_151,3.425159525082505,2.278199993678735,
N1040,1,CS_137,2.5847115722265186,1.7231410481510125,
N1040,2,CS_122,3.428776106872556,2.2858507379150375,
N1040,3,CS_140,3.5802703748586717,2.386846916572448,
N1040,4,CS_121,5.144720896233836,3.413405671666662,
N1040,5,CS_135,13.17771475224375,8.785143168162502,
N1040,6,CS_125,13.792693647618425,9.152422216883645,
N1040,7,CS_124,13.808169702866149,9.162739587048794,
N1041,1,CS_137,4.206074531652107,2.804049687768071,
N1041,2,CS_122,5.050139066298144,3.366759377532096,
N1041,3,CS_140,5.20163333428426,3.467755556189506,
N1041,4,CS_121,6.766083855659424,4.49431431128372,
N1041,5,CS_135,14.799077711669339,9.866051807779561,
N1041,6,CS_125,15.414056607044014,10.233330856500704,
N1041,7,CS_124,15.429532662291738,10.243648226665853,
N1042,1,CS_94,3.6595668859862904,2.439711257324193,
N1042,2,CS_91,7.637570264658082,5.066567850392913,
N1042,3,CS_88,11.831394585330212,7.887596390220141,
N1042,4,CS_86,14.796951746281184,9.86463449752079,
N1042,5,CS_93,15.080086293693675,10.009914591023625,
N1042,6,CS_147,17.523534568588868,11.644328612020214,
N1042,7,CS_87,18.16953796865978,12.113025312439854,
N1043,1,CS_148,1.9919413341706698,1.327960889447113,
N1043,2,CS_107,3.3252846927791033,2.216856461852735,
N1043,3,CS_106,3.360205271212601,2.240136847475067,
N1043,4,CS_153,3.527010267222896,2.351340178148597,
N1043,5,CS_108,3.610831405471911,2.4072209369812736,
N1043,6,CS_109,3.6130208537015247,2.40868056913435,
N1043,7,CS_100,3.8740405157775664,2.5826936771850444,
N1044,1,CS_115,0.7241197703399813,0.4827465135599876,
N1044,2,CS_156,0.7653514413375213,0.5102342942250142,
N1044,3,CS_83,2.118346677114539,1.4122311180763594,
N1044,4,CS_112,2.612477497477136,1.7416516649847573,
N1044,5,CS_114,2.687830643258623,1.7918870955057489,
N1044,6,CS_111,2.9463763524673268,1.9642509016448844,
N1044,7,CS_138,3.4376732787121576,2.291782185808105,
N1045,1,CS_156,0.6269588775797771,0.4179725850531847,
N1045,2,CS_115,0.9067789971584801,0.6045193314389867,
N1045,3,CS_83,2.3010059039330377,1.5340039359553586,
N1045,4,CS_112,2.7951367242956344,1.8634244828637565,
N1045,5,CS_111,2.8079837887095818,1.871989192473055,
N1045,6,CS_114,2.9580639139973846,1.97204260933159,
N1045,7,CS_118,3.4485813696854253,2.29905424645695,
N1046,1,CS_151,0.9742651810039488,0.6495101206692991,
N1046,2,CS_135,3.2455254307746864,2.1636836205164576,
N1046,3,CS_127,3.894256925911271,2.5961712839408477,
N1046,4,CS_133,4.112147130707779,2.738322346090591,
N1046,5,CS_120,4.23996341831324,2.826642278875494,
N1046,6,CS_149,4.255841313168029,2.8372275421120188,
N1046,7,CS_131,4.611343150418591,3.0742287669457276,
N1047,1,CS_151,1.0537604236010654,0.702506949067377,
N1047,2,CS_135,3.3250206733718035,2.216680448914536,
N1047,3,CS_127,3.973752168508388,2.6491681123389252,
N1047,4,CS_133,4.191642373304896,2.7913191744886685,
N1047,5,CS_120,4.319458660910357,2.8796391072735714,
N1047,6,CS_149,4.335336555765144,2.8902243705100963,
N1047,7,CS_131,4.690838393015708,3.127225595343805,
N1048,1,CS_135,2.9242315776253727,1.9418181741409677,
N1048,2,CS_134,4.578410434312746,3.0446040785992166,
N1048,3,CS_151,4.760701892461405,3.16613171736499,
N1048,4,CS_125,4.816102652974414,3.160358676178358,
N1048,5,CS_124,4.831578708222138,3.170676046343508,
N1048,6,CS_133,5.1169302567744115,3.400508219192398,
N1048,7,CS_131,5.616126276485224,3.7364146400475344,
N1049,1,CS_135,6.3078399794086035,4.197557108663121,
N1049,2,CS_134,7.962018836095976,5.3003430131213705,
N1049,3,CS_151,8.144310294244637,5.421870651887143,
N1049,4,CS_125,8.199711054757644,5.416097610700511,
N1049,5,CS_124,8.215187110005369,5.426414980865661,
N1049,6,CS_133,8.50053865855764,5.656247153714552,
N1049,7,CS_131,8.999734678268453,5.992153574569689,
N1050,1,CS_107,19.899405948625102,13.84801454415329,
N1050,2,CS_100,20.448161771623564,14.2138517594856,
N1050,3,CS_101,20.673256455184195,14.363914881859353,
N1050,4,CS_148,21.19147646058395,14.709394885459186,
N1050,5,CS_106,22.559740397625884,15.62157084348714,
N1050,6,CS_153,22.726545393636176,15.73277417416067,
N1050,7,CS_108,22.810366531885194,15.788654932993348,
N1051,1,CS_107,17.486519638257196,12.239423670574688,
N1051,2,CS_100,18.035275461255658,12.605260885906997,
N1051,3,CS_101,18.26037014481629,12.75532400828075,
N1051,4,CS_148,18.778590150216043,13.100804011880584,
N1051,5,CS_106,20.146854087257974,14.012979969908537,
N1051,6,CS_153,20.31365908326827,14.124183300582068,
N1051,7,CS_108,20.397480221517288,14.180064059414745,
N1052,1,CS_137,5.822244027188168,3.8256517083011286,
N1052,2,CS_135,7.231032755990576,4.764844194169401,
N1052,3,CS_125,7.8460116513652505,5.132123242890546,
N1052,4,CS_124,7.861487706612975,5.142440613055696,
N1052,5,CS_107,7.927648442023224,5.229254651524499,
N1052,6,CS_100,8.476404265021689,5.595091866856809,
N1052,7,CS_101,8.701498948582318,5.745154989230563,
N1053,1,CS_137,6.678090449253517,4.396215989678027,
N1053,2,CS_135,8.086879178055925,5.3354084755463,
N1053,3,CS_125,8.701858073430598,5.702687524267445,
N1053,4,CS_124,8.717334128678324,5.713004894432594,
N1053,5,CS_107,8.783494864088572,5.799818932901399,
N1053,6,CS_100,9.332250687087038,6.165656148233707,
N1053,7,CS_101,9.557345370647667,6.315719270607461,
N1054,1,CS_107,13.357010564678825,9.542423842361274,
N1054,2,CS_100,13.905766387677291,9.908261057693583,
N1054,3,CS_101,14.13086107123792,10.058324180067336,
N1054,4,CS_148,14.649081076637671,10.40380418366717,
N1054,5,CS_106,16.017345013679602,11.315980141695123,
N1054,6,CS_153,16.184150009689898,11.427183472368654,
N1054,7,CS_108,16.267971147938912,11.48306423120133,
N1055,1,CS_107,15.816738629638536,11.182242552334415,
N1055,2,CS_100,16.365494452636998,11.548079767666724,
N1055,3,CS_101,16.59058913619763,11.698142890040478,
N1055,4,CS_148,17.108809141597384,12.043622893640311,
N1055,5,CS_106,18.477073078639318,12.955798851668265,
N1055,6,CS_153,18.64387807464961,13.067002182341795,
N1055,7,CS_108,18.727699212898628,13.122882941174472,
N1056,1,CS_107,13.721451936756393,9.753694202985951,
N1056,2,CS_100,14.270207759754859,10.11953141831826,
N1056,3,CS_101,14.495302443315488,10.269594540692013,
N1056,4,CS_148,15.01352244871524,10.615074544291847,
N1056,5,CS_106,16.38178638575717,11.5272505023198,
N1056,6,CS_153,16.548591381767466,11.638453832993331,
N1056,7,CS_108,16.63241252001648,11.694334591826008,
N1057,1,CS_107,15.697895200029558,11.07132304516806,
N1057,2,CS_100,16.246651023028022,11.43716026050037,
N1057,3,CS_101,16.471745706588653,11.587223382874123,
N1057,4,CS_148,16.989965711988404,11.932703386473957,
N1057,5,CS_106,18.35822964903034,12.84487934450191,
N1057,6,CS_153,18.52503464504063,12.956082675175441,
N1057,7,CS_108,18.60885578328965,13.011963434008118,
N1058,1,CS_107,20.361060381434335,14.115640302303571,
N1058,2,CS_100,20.909816204432797,14.48147751763588,
N1058,3,CS_101,21.134910887993428,14.631540640009634,
N1058,4,CS_148,21.653130893393183,14.977020643609467,
N1058,5,CS_106,23.021394830435117,15.88919660163742,
N1058,6,CS_153,23.18819982644541,16.000399932310952,
N1058,7,CS_108,23.272020964694427,16.056280691143627,
N1059,1,CS_107,21.660357256444982,14.981838218977334,
N1059,2,CS_100,22.209113079443444,15.347675434309643,
N1059,3,CS_101,22.434207763004075,15.497738556683396,
N1059,4,CS_148,22.95242776840383,15.84321856028323,
N1059,5,CS_106,24.320691705445764,16.755394518311185,
N1059,6,CS_153,24.487496701456056,16.866597848984714,
N1059,7,CS_108,24.571317839705074,16.92247860781739,
N1060,1,CS_137,5.54840263523064,3.6669030752822716,
N1060,2,CS_135,6.957191364033049,4.6060955611505445,
N1060,3,CS_125,7.572170259407722,4.973374609871689,
N1060,4,CS_124,7.587646314655446,4.983691980036839,
N1060,5,CS_107,7.653807050065697,5.070506018505643,
N1060,6,CS_100,8.202562873064162,5.436343233837952,
N1060,7,CS_101,8.42765755662479,5.586406356211706,
N1061,1,CS_137,6.217834880487413,4.113191238786786,
N1061,2,CS_135,7.626623609289821,5.0523837246550585,
N1061,3,CS_125,8.241602504664494,5.419662773376204,
N1061,4,CS_124,8.25707855991222,5.4299801435413535,
N1061,5,CS_107,8.323239295322468,5.516794182010157,
N1061,6,CS_100,8.871995118320934,5.882631397342466,
N1061,7,CS_101,9.097089801881562,6.0326945197162205,
N1062,1,CS_137,4.035622909404476,2.6735103215639384,
N1062,2,CS_122,7.500159330687071,4.983201269085668,
N1062,3,CS_140,7.651653598673187,5.084197447743079,
N1062,4,CS_135,8.122048629379702,5.397794134880756,
N1062,5,CS_125,8.737027524754376,5.765073183601901,
N1062,6,CS_124,8.7525035800021,5.775390553767051,
N1062,7,CS_107,8.818664315412349,5.862204592235853,
N1063,1,CS_137,4.7135120076540975,3.1238815746792685,
N1063,2,CS_122,8.178048428936693,5.433572522200998,
N1063,3,CS_140,8.32954269692281,5.534568700858409,
N1063,4,CS_135,8.799937727629324,5.848165387996086,
N1063,5,CS_125,9.414916623003998,6.215444436717231,
N1063,6,CS_124,9.430392678251723,6.225761806882381,
N1063,7,CS_107,9.496553413661971,6.3125758453511835,
N1064,1,CS_131,0.6840842247756725,0.44807481775995983,
N1064,2,CS_138,1.5564038692302933,1.0296212473963737,
N1064,3,CS_149,1.6558190504938912,1.0958980349054388,
N1064,4,CS_128,1.6621894693375392,1.1001449808012043,
N1064,5,CS_133,1.7144315953213973,1.1318639904091812,
N1064,6,CS_161,1.786449285772835,1.1829848584247347,
N1064,7,CS_135,3.079012701299661,2.044693802109286,
N1065,1,CS_131,1.070530905087606,0.7057059379679155,
N1065,2,CS_138,1.9428505495422266,1.2872523676043293,
N1065,3,CS_149,2.0422657308058243,1.3535291551133943,
N1065,4,CS_128,2.0486361496494725,1.3577761010091598,
N1065,5,CS_133,2.1008782756333306,1.3894951106171367,
N1065,6,CS_161,2.172895966084768,1.4406159786326902,
N1065,7,CS_135,3.4654593816115953,2.3023249223172417,
N1066,1,CS_107,5.767904510252797,3.757735256225447,
N1066,2,CS_100,6.31666033325126,4.123572471557756,
N1066,3,CS_101,6.54175501681189,4.27363559393151,
N1066,4,CS_148,7.059975022211642,4.6191155975313425,
N1066,5,CS_106,8.428238959253573,5.531291555559298,
N1066,6,CS_153,8.595043955263868,5.642494886232827,
N1066,7,CS_108,8.678865093512883,5.698375645065504,
N1067,1,CS_107,5.05411798114781,3.2818775701554554,
N1067,2,CS_100,5.602873804146273,3.6477147854877647,
N1067,3,CS_101,5.827968487706903,3.797777907861518,
N1067,4,CS_148,6.346188493106654,4.143257911461352,
N1067,5,CS_106,7.714452430148585,5.055433869489306,
N1067,6,CS_153,7.88125742615888,5.166637200162836,
N1067,7,CS_108,7.965078564407895,5.222517958995513,
N1068,1,CS_144,7.4415020959776506,5.0281244077835865,
N1068,2,CS_118,8.083817700996265,5.45633481112933,
N1068,3,CS_117,8.211980182307228,5.541776465336638,
N1068,4,CS_152,8.915448234176186,6.010755166582609,
N1068,5,CS_80,9.006457642348305,6.071428105364023,
N1068,6,CS_110,9.972169438755222,6.715235969635301,
N1068,7,CS_120,9.972869595916693,6.7157027410762815,
N1069,1,CS_144,6.964479216441675,4.6703617201652,
N1069,2,CS_118,7.606794821460289,5.098572123510944,
N1069,3,CS_117,7.734957302771251,5.184013777718252,
N1069,4,CS_152,8.43842535464021,5.652992478964222,
N1069,5,CS_80,8.52943476281233,5.713665417745638,
N1069,6,CS_110,9.495146559219245,6.357473282016914,
N1069,7,CS_120,9.495846716380717,6.357940053457895,
N1070,1,CS_137,7.454995869564467,4.890779286214875,
N1070,2,CS_122,8.299060404210504,5.4534889759789,
N1070,3,CS_140,8.45055467219662,5.5544851546363105,
N1070,4,CS_121,10.015005193571783,6.581043909730524,
N1070,5,CS_135,18.047999049581698,11.952781406226364,
N1070,6,CS_125,18.662977944956374,12.320060454947509,
N1070,7,CS_124,18.6784540002041,12.330377825112658,
N1071,1,CS_137,6.1300864809335724,4.007506360460945,
N1071,2,CS_122,6.97415101557961,4.570216050224969,
N1071,3,CS_140,7.125645283565726,4.67121222888238,
N1071,4,CS_121,8.69009580494089,5.697770983976594,
N1071,5,CS_135,16.7230896609508,11.069508480472434,
N1071,6,CS_125,17.338068556325478,11.436787529193579,
N1071,7,CS_124,17.353544611573202,11.447104899358727,
N1072,1,CS_144,2.6419561325504457,1.761304088366964,
N1072,2,CS_116,2.799692560106066,1.866461706737377,
N1072,3,CS_118,5.047274268936887,3.364849512624591,
N1072,4,CS_117,5.175436750247849,3.4502911668318994,
N1072,5,CS_80,5.285634853372538,3.5237565689150254,
N1072,6,CS_152,5.510328834761162,3.6735525565074423,
N1072,7,CS_110,6.935626006695843,4.623750671130562,
N1073,1,CS_144,2.9359546330840134,1.9573030887226754,
N1073,2,CS_116,3.0936910606396326,2.0624607070930883,
N1073,3,CS_118,5.341272769470454,3.5608485129803027,
N1073,4,CS_117,5.469435250781416,3.646290167187611,
N1073,5,CS_80,5.579633353906106,3.719755569270737,
N1073,6,CS_152,5.80432733529473,3.8695515568631538,
N1073,7,CS_110,7.22962450722941,4.8197496714862735,
N1074,1,CS_146,0.7049353295103039,0.41980037701420303,
N1074,2,CS_120,5.390816219793464,3.552563022917203,
N1074,3,CS_141,5.444628869143659,3.588438122483999,
N1074,4,CS_118,5.659490839314402,3.7316794359311602,
N1074,5,CS_117,5.787653320625364,3.8171210901384685,
N1074,6,CS_113,6.784296051650365,4.481549577488471,
N1074,7,CS_127,7.187880247892133,4.750605708316315,
N1075,1,CS_146,0.9736074215678184,0.5989151050525461,
N1075,2,CS_120,5.122144127735949,3.3734482948788593,
N1075,3,CS_141,5.175956777086144,3.409323394445656,
N1075,4,CS_118,5.390818747256887,3.552564707892817,
N1075,5,CS_117,5.518981228567849,3.6380063621001253,
N1075,6,CS_113,6.515623959592851,4.302434849450127,
N1075,7,CS_127,6.919208155834618,4.5714909802779715,
N1076,1,CS_130,1.1997895334532696,0.7883916853240409,
N1076,2,CS_133,5.956295088037193,3.956286313998728,
N1076,3,CS_131,5.975900553257236,3.9724656985266846,
N1076,4,CS_149,6.603607779662413,4.390937182796802,
N1076,5,CS_138,6.848220197711856,4.554012128163098,
N1076,6,CS_128,6.954005797819102,4.624535861567928,
N1076,7,CS_161,7.078265614254398,4.707375739191459,
N1077,1,CS_130,0.7410648582942772,0.48257523521804596,
N1077,2,CS_133,5.497570412878201,3.6504698638927326,
N1077,3,CS_131,5.517175878098243,3.6666492484206894,
N1077,4,CS_149,6.144883104503419,4.0851207326908066,
N1077,5,CS_138,6.389495522552863,4.248195678057103,
N1077,6,CS_128,6.495281122660109,4.318719411461933,
N1077,7,CS_161,6.619540939095405,4.401559289085464,
N1078,1,CS_127,4.567812884920473,3.0057834410248923,
N1078,2,CS_120,5.51689905654978,3.63850755544443,
N1078,3,CS_113,5.8328117286282195,3.8491160034967233,
N1078,4,CS_141,6.283837767070913,4.149800029125185,
N1078,5,CS_151,7.690466713599417,5.087552660144187,
N1078,6,CS_110,8.031751363138953,5.315075759837212,
N1078,7,CS_118,8.04254076877084,5.3222686969251365,
N1079,1,CS_127,4.149674917058202,2.727024795783378,
N1079,2,CS_120,5.098761088687509,3.3597489102029163,
N1079,3,CS_113,5.4146737607659485,3.5703573582552095,
N1079,4,CS_141,5.865699799208641,3.871041383883671,
N1079,5,CS_151,7.272328745737146,4.808794014902673,
N1079,6,CS_110,7.6136133952766825,5.036317114595699,
N1079,7,CS_118,7.62440280090857,5.043510051683623,
N1080,1,CS_154,5.697064187537101,3.7485411037843486,
N1080,2,CS_119,7.364630059090813,4.860251684820156,
N1080,3,CS_114,8.542862967831137,5.645740290647039,
N1080,4,CS_84,8.68438416041878,5.740087752372135,
N1080,5,CS_145,9.46059991986568,6.257564925336734,
N1080,6,CS_156,10.352604693095685,6.852234774156738,
N1080,7,CS_76,10.381940249526407,6.87179181177722,
N1081,1,CS_154,5.2634812925090495,3.4594858404323148,
N1081,2,CS_119,6.931047164062762,4.571196421468122,
N1081,3,CS_114,8.109280072803086,5.356685027295005,
N1081,4,CS_84,8.250801265390729,5.4510324890201005,
N1081,5,CS_145,9.027017024837628,5.9685096619847,
N1081,6,CS_156,9.919021798067634,6.563179510804703,
N1081,7,CS_76,9.948357354498354,6.582736548425186,
N1082,1,CS_121,0.8483156200809541,0.5261140972035196,
N1082,2,CS_122,3.87937263886173,2.5304105172348086,
N1082,3,CS_140,4.030866906847845,2.6314066958922187,
N1082,4,CS_137,6.414902006658824,4.220763429099538,
N1082,5,CS_135,17.007905186676055,11.282765549111028,
N1082,6,CS_125,17.62288408205073,11.650044597832172,
N1082,7,CS_124,17.638360137298456,11.660361967997321,
N1083,1,CS_121,1.2269261298150713,0.778521103692931,
N1083,2,CS_122,4.257983148595847,2.78281752372422,
N1083,3,CS_140,4.409477416581963,2.88381370238163,
N1083,4,CS_137,6.793512516392941,4.4731704355889494,
N1083,5,CS_135,17.38651569641017,11.535172555600438,
N1083,6,CS_125,18.001494591784848,11.902451604321582,
N1083,7,CS_124,18.016970647032572,11.912768974486731,
N1084,1,CS_133,1.0725094310386374,0.7150062873590917,
N1084,2,CS_131,2.541078853035836,1.6909434943092956,
N1084,3,CS_149,3.1687860794410128,2.1094149785794136,
N1084,4,CS_135,3.4064639393032885,2.2678668851542643,
N1084,5,CS_138,3.413398497490457,2.272489923945709,
N1084,6,CS_128,3.519184097597703,2.34301365735054,
N1084,7,CS_161,3.643443914032999,2.4258535349740704,
N1085,1,CS_133,0.873359167432655,0.5822394449551034,
N1085,2,CS_131,2.3419285894298536,1.558176651905307,
N1085,3,CS_149,2.96963581583503,1.9766481361754251,
N1085,4,CS_135,3.2073136756973057,2.1351000427502758,
N1085,5,CS_138,3.214248233884475,2.139723081541721,
N1085,6,CS_128,3.3200338339917206,2.2102468149465517,
N1085,7,CS_161,3.4442936504270163,2.2930866925700824,
N1086,1,CS_83,4.2174192412526414,2.7943336185471654,
N1086,2,CS_76,4.400480758881903,2.9163746303000058,
N1086,3,CS_150,5.3917345304270965,3.5584423703856856,
N1086,4,CS_115,5.447397820711861,3.6143193381866436,
N1086,5,CS_82,5.571395369983916,3.6782162634235656,
N1086,6,CS_112,6.418958282396245,4.2620263126429005,
N1086,7,CS_114,6.431641065307485,4.270481501250394,
N1087,1,CS_83,3.6724056940989285,2.430991253778023,
N1087,2,CS_76,3.8554672117281896,2.553032265530864,
N1087,3,CS_115,4.902384273558147,3.250976973417502,
N1087,4,CS_112,5.873944735242532,3.8986839478737583,
N1087,5,CS_114,5.886627518153771,3.907139136481252,
N1087,6,CS_150,5.936748077580809,3.921784735154828,
N1087,7,CS_156,6.059231167487594,4.022208236037134,
N1088,1,CS_83,1.0357702631321197,0.6905135087547465,
N1088,2,CS_115,1.1742234825287283,0.7828156550191521,
N1088,3,CS_112,2.1457839442131137,1.4305226294754092,
N1088,4,CS_156,2.3310703764581757,1.554046917638784,
N1088,5,CS_114,2.593855960191665,1.7292373067944433,
N1088,6,CS_76,2.7686164592732263,1.8457443061821504,
N1088,7,CS_111,3.886966875130801,2.5913112500872,
N1089,1,CS_83,1.0585684928286219,0.7057123285524147,
N1089,2,CS_115,1.151425252832226,0.767616835221484,
N1089,3,CS_112,2.122985714516611,1.415323809677741,
N1089,4,CS_156,2.3082721467616736,1.5388480978411159,
N1089,5,CS_114,2.616654189888167,1.7444361265921116,
N1089,6,CS_76,2.7914146889697284,1.8609431259798186,
N1089,7,CS_111,3.8641686454342983,2.576112430289532,
N1090,1,CS_114,0.9617730177314783,0.6376542256938706,
N1090,2,CS_119,2.3954936158045066,1.5934679577425563,
N1090,3,CS_76,2.800850299426748,1.86370574682405,
N1090,4,CS_154,3.003619203682966,1.9988850163281962,
N1090,5,CS_156,3.2719450472187264,2.177768912018703,
N1090,6,CS_83,3.9157537443660093,2.606974710116892,
N1090,7,CS_115,3.966749999810998,2.640972213746884,
N1091,1,CS_114,1.323215479863779,0.8770615716436359,
N1091,2,CS_119,2.7569360779368073,1.8328753036923215,
N1091,3,CS_76,3.1622927615590486,2.1031130927738153,
N1091,4,CS_154,3.365061665815267,2.2382923622779614,
N1091,5,CS_156,3.633387509351027,2.4171762579684684,
N1091,6,CS_83,4.27719620649831,2.846382056066657,
N1091,7,CS_115,4.328192461943299,2.8803795596966495,
N1092,1,CS_89,0.3478504683323491,0.2319003122215661,
N1092,2,CS_145,2.696867076552028,1.7979113843680188,
N1092,3,CS_95,3.570187412865383,2.3801249419102555,
N1092,4,CS_119,4.228982007784742,2.8193213385231615,
N1092,5,CS_98,5.3770026091487075,3.5846684060991376,
N1092,6,CS_96,5.433903296951039,3.6226021979673586,
N1092,7,CS_154,5.689236152171928,3.7928241014479522,
N1093,1,CS_89,0.9319397672593988,0.6212931781729325,
N1093,2,CS_145,2.1127777776249785,1.4085185184166524,
N1093,3,CS_95,3.0153627229554507,2.0102418153036337,
N1093,4,CS_119,3.6448927088576926,2.429928472571795,
N1093,5,CS_98,4.822177919238775,3.214785279492516,
N1093,6,CS_96,4.879078607041106,3.252719071360737,
N1093,7,CS_154,5.105146853244879,3.4034312354965857,
N1094,1,CS_91,3.504839529612652,2.311414027029292,
N1094,2,CS_94,6.0872692408481575,4.058179493898772,
N1094,3,CS_88,7.69866385028478,5.13244256685652,
N1094,4,CS_93,10.947355558648244,7.254760767660003,
N1094,5,CS_87,14.03680723361435,9.357871489076233,
N1094,6,CS_95,14.386482602477802,9.590988401651867,
N1094,7,CS_98,15.065856283290895,10.043904188860596,
N1095,1,CS_98,2.0821655969528807,1.3881103979685874,
N1095,2,CS_95,2.122710949915654,1.4151406332771028,
N1095,3,CS_96,2.1390662847552124,1.4260441898368084,
N1095,4,CS_87,2.7064379771149394,1.8042919847432928,
N1095,5,CS_97,2.934820915899487,1.9508143418686519,
N1095,6,CS_89,5.019200178579838,3.346133452386559,
N1095,7,CS_145,5.2440933349759975,3.496062223317331,
N1096,1,CS_88,4.210635455833939,2.807090303889293,
N1096,2,CS_93,4.477620824455911,2.941604278198447,
N1096,3,CS_87,7.567072499422016,5.044714999614678,
N1096,4,CS_95,7.9167478682854675,5.277831912190312,
N1096,5,CS_98,8.59612154909856,5.730747699399041,
N1096,6,CS_96,8.653022236900892,5.7686814912672615,
N1096,7,CS_91,8.888459565100003,5.900494050687525,
N1097,1,CS_106,2.027122318105341,1.351414878736894,
N1097,2,CS_148,3.3535192065083406,2.2356794710055605,
N1097,3,CS_99,4.765835320090891,3.1772235467272614,
N1097,4,CS_153,4.888588139560567,3.2590587597070444,
N1097,5,CS_108,4.972409277809582,3.314939518539721,
N1097,6,CS_109,4.974598726039196,3.316399150692797,
N1097,7,CS_107,5.721409150227443,3.8142727668182963,
N1098,1,CS_142,1.7545231925435547,1.1696821283623697,
N1098,2,CS_141,1.8150875502051176,1.210058366803412,
N1098,3,CS_111,2.455930837718795,1.6372872251458634,
N1098,4,CS_120,2.583205502370361,1.722137001580241,
N1098,5,CS_156,2.9204590213272534,1.9469726808848358,
N1098,6,CS_110,3.691743283864996,2.461162189243331,
N1098,7,CS_138,3.8068451987941425,2.537896799196095,
N1099,1,CS_144,0.7311661166075123,0.48744407773834153,
N1099,2,CS_118,3.136484252993953,2.090989501995969,
N1099,3,CS_117,3.264646734304915,2.176431156203277,
N1099,4,CS_80,3.3748448374296043,2.249896558286403,
N1099,5,CS_152,3.599538818818229,2.39969254587882,
N1099,6,CS_116,4.7104825760489994,3.140321717365999,
N1099,7,CS_110,5.024835990752909,3.3498906605019396,
N1100,1,CS_144,1.618903463794548,1.079268975863032,
N1100,2,CS_116,3.8227452288619634,2.5484968192413087,
N1100,3,CS_118,4.024221600180989,2.6828144001206593,
N1100,4,CS_117,4.1523840814919515,2.7682560543279675,
N1100,5,CS_80,4.26258218461664,2.8417214564110935,
N1100,6,CS_152,4.487276166005265,2.9915174440035104,
N1100,7,CS_110,5.912573337939945,3.94171555862663,
N1101,1,CS_78,3.278198130090847,2.1854654200605648,
N1101,2,CS_79,3.599171056334772,2.399447370889848,
N1101,3,CS_80,4.912959832778007,3.275306555185338,
N1101,4,CS_83,6.315225870963575,4.210150580642383,
N1101,5,CS_152,6.870379180973966,4.580252787315978,
N1101,6,CS_144,6.965453399529951,4.6436355996866325,
N1101,7,CS_118,7.7857332746490755,5.19048884976605,
N1102,1,CS_95,1.8667852801875817,1.2445235201250546,
N1102,2,CS_89,2.051252601010151,1.367501734006767,
N1102,3,CS_145,3.37044159514532,2.2469610634302137,
N1102,4,CS_98,3.6736004764709054,2.4490669843139368,
N1102,5,CS_96,3.730501164273237,2.4870007761821578,
N1102,6,CS_97,4.526255795417511,3.011770928214001,
N1102,7,CS_87,4.718991969094375,3.145994646062917,
N1103,1,CS_145,1.8939113327695238,1.2626075551796825,
N1103,2,CS_89,2.041829686645203,1.3612197910968018,
N1103,3,CS_95,3.1400431793547163,2.0933621195698113,
N1103,4,CS_119,3.4260262640022376,2.284017509334825,
N1103,5,CS_154,4.886280408389424,3.2575202722596157,
N1103,6,CS_98,4.94685837563804,3.2979055837586935,
N1103,7,CS_96,5.003759063440372,3.3358393756269145,
N1104,1,CS_91,4.6804654115950575,3.0951646150175627,
N1104,2,CS_88,5.525619048655368,3.683746032436912,
N1104,3,CS_93,8.774310757018831,5.806064233240395,
N1104,4,CS_94,10.112996659850227,6.741997773233484,
N1104,5,CS_87,11.863762431984938,7.909174954656626,
N1104,6,CS_95,12.21343780084839,8.14229186723226,
N1104,7,CS_98,12.892811481661482,8.595207654440989,
N1105,1,CS_94,1.8026550918317636,1.201770061221176,
N1105,2,CS_91,8.501220266755272,5.642334518457705,
N1105,3,CS_88,12.695044587427398,8.463363058284934,
N1105,4,CS_86,12.940039952126657,8.626693301417772,
N1105,5,CS_147,15.666622774434343,10.406387415917196,
N1105,6,CS_93,15.943736295790861,10.585681259088418,
N1105,7,CS_90,16.741850047409773,11.123205597900817,
N1106,1,CS_115,0.6472746022490162,0.4235681209990776,
N1106,2,CS_112,1.6188350639334017,1.0712750954553345,
N1106,3,CS_83,1.6931169266681718,1.1207963372785146,
N1106,4,CS_156,1.804121496178464,1.1947993836187094,
N1106,5,CS_114,3.20158961789628,2.126444798097254,
N1106,6,CS_111,3.3600179948510887,2.2320637160671257,
N1106,7,CS_76,3.3763501169778416,2.2429517974849604,
N1107,1,CS_115,1.0860232349063763,0.7160672094373177,
N1107,2,CS_112,2.0575836965907617,1.3637741838935746,
N1107,3,CS_83,2.131865559325532,1.4132954257167545,
N1107,4,CS_156,2.2428701288358237,1.4872984720569495,
N1107,5,CS_114,3.64033825055364,2.418943886535494,
N1107,6,CS_111,3.7987666275084484,2.524562804505366,
N1107,7,CS_76,3.8150987496352013,2.535450885923201,
N1108,1,CS_134,0.15684557948573613,0.10456371965715741,
N1108,2,CS_123,3.061238588014161,2.0408257253427737,
N1108,3,CS_135,3.9100912593513524,2.6067275062342343,
N1108,4,CS_131,4.344818007151294,2.896545338100863,
N1108,5,CS_133,4.711883508351537,3.1381465978530967,
N1108,6,CS_149,4.972525233556471,3.315016822370981,
N1108,7,CS_138,5.217137651605915,3.478091767737276,
N1109,1,CS_122,1.2411257456366538,0.8110089046018745,
N1109,2,CS_140,1.3926200136227693,0.9120050832592848,
N1109,3,CS_121,2.5796805744123517,1.7197870496082341,
N1109,4,CS_137,3.7766551134337476,2.501361816466604,
N1109,5,CS_135,14.36965829345098,9.563363936478094,
N1109,6,CS_125,14.984637188825655,9.930642985199237,
N1109,7,CS_124,15.000113244073379,9.940960355364385,
N1110,1,CS_121,1.2014252394304656,0.8009501596203104,
N1110,2,CS_122,2.61938108061854,1.7298457945897985,
N1110,3,CS_140,2.7708753486046556,1.830841973247209,
N1110,4,CS_137,5.1549104484156345,3.420198706454528,
N1110,5,CS_135,15.747913628432867,10.482200826466018,
N1110,6,CS_125,16.362892523807542,10.849479875187162,
N1110,7,CS_124,16.378368579055266,10.859797245352311,
N1111,1,CS_148,2.0376598816679152,1.3584399211119433,
N1111,2,CS_106,3.405923818709846,2.270615879139897,
N1111,3,CS_153,3.572728814720141,2.381819209813427,
N1111,4,CS_108,3.656549952969156,2.4376999686461036,
N1111,5,CS_109,3.65873940119877,2.43915960079918,
N1111,6,CS_107,4.268063852652881,2.8453759017685876,
N1111,7,CS_100,4.816819675651345,3.211213117100897,
N1112,1,CS_99,0.6658034645689648,0.44386897637930983,
N1112,2,CS_69,3.422316268768407,2.2815441791789377,
N1112,3,CS_106,4.1111536272293066,2.7407690848195374,
N1112,4,CS_102,4.9426560926612435,3.262511453214395,
N1112,5,CS_148,5.437550515632306,3.625033677088204,
N1112,6,CS_153,6.972619448684531,4.648412965789688,
N1112,7,CS_24,6.97600205902551,4.65066803935034,
N1113,1,CS_99,1.9089668356280733,1.2726445570853822,
N1113,2,CS_69,2.6069672000655455,1.7379781333770303,
N1113,3,CS_102,2.7119574771298707,1.7753790428601472,
N1113,4,CS_106,4.754779713745463,3.1698531424969754,
N1113,5,CS_105,4.897413458369739,3.2050439225499145,
N1113,6,CS_33,4.963351726684039,3.2248369237842454,
N1113,7,CS_103,5.000788170877594,3.212073102346287,
N1114,1,CS_107,0.5124552660911224,0.34163684406074823,
N1114,2,CS_100,1.0612110890895858,0.7074740593930573,
N1114,3,CS_101,1.286305772650216,0.8575371817668107,
N1114,4,CS_148,4.317615305787658,2.878410203858439,
N1114,5,CS_106,5.68587924282959,3.790586161886393,
N1114,6,CS_153,5.852684238839885,3.9017894925599235,
N1114,7,CS_108,5.936505377088899,3.9576702513926,
N1115,1,CS_131,1.5428618798713467,1.0285745865808977,
N1115,2,CS_138,1.9750499298177895,1.31669995321186,
N1115,3,CS_128,2.0808355299250354,1.3872236866166905,
N1115,4,CS_161,2.205095346360331,1.4700635642402209,
N1115,5,CS_149,2.514596705589565,1.6763978037263767,
N1115,6,CS_133,2.5732092504170714,1.712363759230119,
N1115,7,CS_132,3.138709947067583,2.092473298045055,
N1116,1,CS_91,4.288428271119287,2.833806521367049,
N1116,2,CS_88,5.604723463416481,3.7364823089443204,
N1116,3,CS_93,8.853415171779945,5.858800509747804,
N1116,4,CS_94,9.720959519374455,6.480639679582971,
N1116,5,CS_87,11.94286684674605,7.961911231164034,
N1116,6,CS_95,12.292542215609501,8.19502814373967,
N1116,7,CS_98,12.971915896422594,8.647943930948397,
N1117,1,CS_93,4.716202113564345,3.1006584709374034,
N1117,2,CS_88,5.081587237004081,3.3877248246693874,
N1117,3,CS_87,5.6203714905263364,3.7469143270175578,
N1117,4,CS_95,5.970046859389788,3.980031239593192,
N1117,5,CS_98,6.649420540202882,4.432947026801921,
N1117,6,CS_96,6.706321228005213,4.470880818670142,
N1117,7,CS_97,7.502075859149487,4.995650970701985,
N1118,1,CS_156,1.7959775280232533,1.1973183520155022,
N1118,2,CS_111,1.8919886291714327,1.2613257527809552,
N1118,3,CS_115,2.129367434791249,1.4195782898608325,
N1118,4,CS_118,2.469457504565346,1.6463050030435642,
N1118,5,CS_117,2.597619985876308,1.7317466572508722,
N1118,6,CS_141,3.1662683407937386,2.1108455605291594,
N1118,7,CS_110,3.2579768196359806,2.171984546423987,
N1119,1,CS_141,1.6512821614941064,1.1008547743294044,
N1119,2,CS_120,2.41940011365935,1.6129334091062335,
N1119,3,CS_111,2.678349169101,1.7855661127340001,
N1119,4,CS_142,2.871143048117294,1.9140953654115294,
N1119,5,CS_156,3.142877352709458,2.0952515684729724,
N1119,6,CS_110,3.5279378951539853,2.3519585967693235,
N1119,7,CS_118,3.9322975966298532,2.6215317310865687,
N1120,1,CS_155,2.906868644049993,1.9238056717148,
N1120,2,CS_81,3.543021307328607,2.2818072468800135,
N1120,3,CS_78,5.377137934517734,3.5626658148735606,
N1120,4,CS_79,5.698110860761659,3.776647765702844,
N1120,5,CS_80,10.247360403098037,6.809480793927096,
N1120,6,CS_145,10.727276530306051,7.129424878732438,
N1120,7,CS_83,11.649626441283605,7.744324819384142,
N1121,1,CS_155,3.2602797792577514,2.159413095186639,
N1121,2,CS_81,3.896432442536365,2.5174146703518523,
N1121,3,CS_78,5.730549069725491,3.7982732383453994,
N1121,4,CS_79,6.051521995969416,4.012255189174683,
N1121,5,CS_80,10.600771538305795,7.045088217398935,
N1121,6,CS_145,11.080687665513809,7.365032302204277,
N1121,7,CS_83,12.003037576491362,7.9799322428559805,
N1122,1,CS_99,2.5282137794708426,1.6854758529805614,
N1122,2,CS_69,4.490366018510113,2.993577345673409,
N1122,3,CS_106,5.080115762962796,3.3867438419751976,
N1122,4,CS_148,6.406512651365796,4.271008434243864,
N1122,5,CS_102,6.805066407563121,4.504118329815646,
N1122,6,CS_153,7.941581584418023,5.294387722945348,
N1122,7,CS_108,8.025402722667037,5.350268481778025,
N1123,1,CS_89,2.391637490744775,1.59442499382985,
N1123,2,CS_145,2.587266038123817,1.724844025415878,
N1123,3,CS_95,2.587799872505072,1.7251999150033819,
N1123,4,CS_119,4.119380969356531,2.7462539795710206,
N1123,5,CS_98,4.394615068788396,2.929743379192264,
N1123,6,CS_96,4.4515157565907275,2.967677171060485,
N1123,7,CS_97,5.247270387735002,3.4924473230923283,
N1124,1,CS_81,1.691351380531143,1.0913824380528878,
N1124,2,CS_155,4.758538570847456,3.114230480541926,
N1124,3,CS_78,6.2662341446212615,4.111374812571396,
N1124,4,CS_79,6.587207070865187,4.325356763400679,
N1124,5,CS_80,11.136456613201565,7.358189791624931,
N1124,6,CS_145,11.61637274040958,7.678133876430273,
N1124,7,CS_83,12.538722651387133,8.293033817081977,
N1125,1,CS_81,1.095832344493769,0.6943697473613053,
N1125,2,CS_155,5.3540576068848305,3.5112431712335086,
N1125,3,CS_78,6.861753180658636,4.508387503262979,
N1125,4,CS_79,7.182726106902561,4.722369454092262,
N1125,5,CS_80,11.731975649238938,7.7552024823165135,
N1125,6,CS_145,12.211891776446954,8.075146567121855,
N1125,7,CS_83,13.134241687424506,8.690046507773559,
N1126,1,CS_111,0.3000593815257794,0.20003958768385294,
N1126,2,CS_156,2.267005954192751,1.5113373027951678,
N1126,3,CS_118,2.369568956437775,1.5797126376251833,
N1126,4,CS_117,2.4977314377487367,1.6651542918324913,
N1126,5,CS_115,2.607625498615424,1.7384169990769496,
N1126,6,CS_110,2.6518937134092155,1.7679291422728105,
N1126,7,CS_141,3.076757482206599,2.0511716548043997,
N1127,1,CS_141,1.5274673550349025,1.0183115700232683,
N1127,2,CS_110,1.8147111428022316,1.209807428534821,
N1127,3,CS_118,2.21704839912775,1.4780322660851668,
N1127,4,CS_120,2.2955853072001458,1.5303902048000972,
N1127,5,CS_117,2.345210880438712,1.5634739202924748,
N1127,6,CS_111,3.111519441906328,2.074346294604218,
N1127,7,CS_142,3.6335777787566688,2.4223851858377787,
N1128,1,CS_146,1.4678013185111718,0.9785342123407812,
N1128,2,CS_120,7.307281923292325,4.780050315923775,
N1128,3,CS_141,7.36109457264252,4.815925415490573,
N1128,4,CS_118,7.5759565428132625,4.959166728937734,
N1128,5,CS_117,7.704119024124225,5.044608383145042,
N1128,6,CS_113,8.700761755149227,5.709036870495043,
N1128,7,CS_127,9.104345951390993,5.978093001322888,
N1129,1,CS_146,0.1281354722613078,0.08542364817420521,
N1129,2,CS_120,5.967616077042461,3.886939751757201,
N1129,3,CS_141,6.021428726392655,3.9228148513239973,
N1129,4,CS_118,6.236290696563398,4.066056164771158,
N1129,5,CS_117,6.364453177874361,4.151497818978466,
N1129,6,CS_113,7.361095908899362,4.815926306328468,
N1129,7,CS_127,7.76468010514113,5.084982437156313,
N1130,1,CS_127,0.9360702539851968,0.6240468359901311,
N1130,2,CS_120,2.900820088098242,1.9338800587321614,
N1130,3,CS_141,3.6677587986193743,2.4451725324129163,
N1130,4,CS_151,4.058724082664141,2.7058160551094272,
N1130,5,CS_149,5.021470322579743,3.3476468817198284,
N1130,6,CS_110,5.415672394687415,3.6104482631249435,
N1130,7,CS_133,6.117345969370786,4.075121571865928,
N1131,1,CS_111,2.095544886520866,1.397029924347244,
N1131,2,CS_156,2.560073070129324,1.7067153800862163,
N1131,3,CS_142,2.7039179198164023,1.8026119465442683,
N1131,4,CS_141,2.71616984928427,1.810779899522847,
N1131,5,CS_138,3.3212418863784317,2.214161257585621,
N1131,6,CS_128,3.4270274864856773,2.284684990990452,
N1131,7,CS_120,3.4842878014495136,2.322858534299676,
N1132,1,CS_145,2.030003759908985,1.3533358399393232,
N1132,2,CS_89,2.5874845140881986,1.724989676058799,
N1132,3,CS_119,3.562118691141699,2.3747457940944656,
N1132,4,CS_95,3.685698006797713,2.4571320045318084,
N1132,5,CS_154,5.022372835528885,3.348248557019256,
N1132,6,CS_98,5.492513203081037,3.661675468720691,
N1132,7,CS_96,5.549413890883368,3.699609260588912,
N1133,1,CS_88,3.2478743125946314,2.1433699563003556,
N1133,2,CS_93,3.514859681216602,2.2778839306095096,
N1133,3,CS_87,6.604311356182708,4.380994652025741,
N1133,4,CS_95,6.95398672504616,4.614111564601375,
N1133,5,CS_98,7.6333604058592535,5.067027351810104,
N1133,6,CS_96,7.690261093661585,5.104961143678325,
N1133,7,CS_91,7.925698421860695,5.236773703098589,
N1134,1,CS_88,5.034731422343249,3.334608029466101,
N1134,2,CS_93,5.30171679096522,3.469122003775255,
N1134,3,CS_87,8.391168465931326,5.572232725191485,
N1134,4,CS_95,8.740843834794779,5.80534963776712,
N1134,5,CS_98,9.42021751560787,6.258265424975849,
N1134,6,CS_96,9.477118203410202,6.2961992168440695,
N1134,7,CS_91,9.712555531609315,6.428011776264335,
N1135,1,CS_91,3.1905127490785743,2.101862840006574,
N1135,2,CS_88,7.384337069750703,4.922891379833802,
N1135,3,CS_94,8.623043997333744,5.748695998222496,
N1135,4,CS_93,10.633028778114166,7.045209580637285,
N1135,5,CS_87,13.722480453080273,9.148320302053515,
N1135,6,CS_95,14.072155821943724,9.381437214629148,
N1135,7,CS_98,14.751529502756817,9.834353001837878,
N1136,1,CS_88,3.746512879747528,2.4324357923310203,
N1136,2,CS_93,4.013498248369499,2.5669497666401746,
N1136,3,CS_87,7.102949923335605,4.670060488056405,
N1136,4,CS_95,7.452625292199056,4.903177400632039,
N1136,5,CS_98,8.13199897301215,5.356093187840768,
N1136,6,CS_96,8.188899660814482,5.394026979708989,
N1136,7,CS_91,8.424336989013591,5.525839539129254,
N1137,1,CS_88,5.296075809833901,3.4654777457219357,
N1137,2,CS_93,5.563061178455873,3.59999172003109,
N1137,3,CS_87,8.652512853421978,5.703102441447321,
N1137,4,CS_95,9.002188222285431,5.936219354022955,
N1137,5,CS_98,9.681561903098522,6.389135141231685,
N1137,6,CS_96,9.738462590900854,6.427068933099905,
N1137,7,CS_91,9.973899919099967,6.55888149252017,
N1138,1,CS_158,8.78721786961179,6.543711770563733,
N1138,2,CS_102,15.170222327972727,10.68403823187002,
N1138,3,CS_105,17.355678309212593,12.113703111559788,
N1138,4,CS_33,17.421616577526894,12.13349611279412,
N1138,5,CS_103,17.459053021720447,12.120732291356163,
N1138,6,CS_104,17.459053021720447,12.120732291356163,
N1138,7,CS_69,18.01915758173434,12.615921009604193,
N1139,1,CS_158,8.449662807288163,6.254374726614281,
N1139,2,CS_102,14.8326672656491,10.394701187920568,
N1139,3,CS_105,17.018123246888965,11.824366067610336,
N1139,4,CS_33,17.084061515203267,11.844159068844668,
N1139,5,CS_103,17.12149795939682,11.83139524740671,
N1139,6,CS_104,17.12149795939682,11.83139524740671,
N1139,7,CS_69,17.681602519410713,12.326583965654741,
N1140,1,CS_86,1.3328192480569343,0.8767674896654276,
N1140,2,CS_147,4.0594020703646185,2.6564616041648517,
N1140,3,CS_139,5.132207053724054,3.42147136914937,
N1140,4,CS_90,5.134629343340047,3.3732797861484713,
N1140,5,CS_85,6.334048225800925,4.1949481246622975,
N1140,6,CS_92,7.083986550216821,4.710879024438685,
N1140,7,CS_94,12.304252835969983,8.191056548274126,
N1141,1,CS_139,2.247098771090089,1.4980658473933928,
N1141,2,CS_86,4.2179275306909,2.8001730114214047,
N1141,3,CS_147,6.944510352998584,4.5798671259208295,
N1141,4,CS_90,8.019737625974015,5.29668530790445,
N1141,5,CS_85,9.21915650843489,6.118353646418275,
N1141,6,CS_92,9.969094832850784,6.634284546194662,
N1141,7,CS_94,15.189361118603948,10.114462070030104,
N1142,1,CS_90,0.1925444184235473,0.1283629456156982,
N1142,2,CS_147,1.419871840019788,0.9465812266798586,
N1142,3,CS_85,4.569156637353829,2.9921046410310637,
N1142,4,CS_92,5.319094961769725,3.508035540807451,
N1142,5,CS_86,6.003994631738612,3.96463532078671,
N1142,6,CS_139,10.074291978640554,6.666388209682144,
N1142,7,CS_94,16.97542821965166,11.27892437939541,
N1143,1,CS_90,0.7928789982474017,0.5285859988316011,
N1143,2,CS_147,0.8195372601959335,0.5463581734639557,
N1143,3,CS_85,3.968822057529975,2.5918815878151604,
N1143,4,CS_92,4.71876038194587,3.107812487591548,
N1143,5,CS_86,5.403660051914758,3.564412267570807,
N1143,6,CS_139,9.473957398816701,6.266165156466241,
N1143,7,CS_94,16.37509363982781,10.878701326179506,
N1144,1,CS_90,1.6317775982203298,1.0744361040857224,
N1144,2,CS_147,2.85910501981657,1.8926543851498827,
N1144,3,CS_85,6.008389817150611,3.9381777995010876,
N1144,4,CS_92,6.758328141566507,4.454108699277475,
N1144,5,CS_86,7.443227811535395,4.910708479256734,
N1144,6,CS_139,11.513525158437337,7.612461368152168,
N1144,7,CS_94,18.41466139944844,12.224997537865432,
N1145,1,CS_90,0.9370257568625736,0.6112682098472184,
N1145,2,CS_147,2.164353178458814,1.4294864909113787,
N1145,3,CS_85,5.313637975792856,3.4750099052625836,
N1145,4,CS_92,6.0635763002087515,3.990940805038971,
N1145,5,CS_86,6.748475970177639,4.44754058501823,
N1145,6,CS_139,10.81877331707958,7.149293473913664,
N1145,7,CS_94,17.719909558090688,11.76182964362693,
N1146,1,CS_154,5.301355765491088,3.512957889772186,
N1146,2,CS_119,6.968921637044801,4.624668470807993,
N1146,3,CS_114,8.147154545785124,5.410157076634876,
N1146,4,CS_84,8.288675738372769,5.504504538359972,
N1146,5,CS_145,9.064891497819668,6.021981711324571,
N1146,6,CS_156,9.956896271049672,6.616651560144575,
N1146,7,CS_76,9.986231827480394,6.636208597765057,
N1147,1,CS_154,4.664193263083432,3.088182888167082,
N1147,2,CS_119,6.331759134637145,4.199893469202889,
N1147,3,CS_114,7.509992043377469,4.985382075029772,
N1147,4,CS_84,7.651513235965112,5.0797295367548685,
N1147,5,CS_145,8.42772899541201,5.597206709719467,
N1147,6,CS_156,9.319733768642017,6.191876558539471,
N1147,7,CS_76,9.349069325072739,6.211433596159953,
N1148,1,CS_138,3.1365343979171767,2.0910229319447846,
N1148,2,CS_128,3.2423199980244224,2.1615466653496154,
N1148,3,CS_161,3.366579814459718,2.244386542973146,
N1148,4,CS_154,3.371771734182908,2.2478478227886054,
N1148,5,CS_131,3.651647446118437,2.434431630745625,
N1148,6,CS_149,4.298634920291121,2.865756613527414,
N1148,7,CS_133,4.681994816664162,3.1182208033948466,
N1149,1,CS_138,4.47509391228371,2.96662154680056,
N1149,2,CS_128,4.580879512390956,3.0371452802053907,
N1149,3,CS_161,4.7051393288262515,3.1199851578289213,
N1149,4,CS_131,4.99020696048497,3.3100302456014,
N1149,5,CS_154,5.4879661935292905,3.641869734297613,
N1149,6,CS_149,5.637194434657655,3.7413552283831892,
N1149,7,CS_133,6.020554331030695,3.993819418250622,
N1150,1,CS_138,4.098990156704069,2.715885709747466,
N1150,2,CS_128,4.204775756811315,2.7864094431522966,
N1150,3,CS_161,4.32903557324661,2.869249320775827,
N1150,4,CS_131,4.614103204905329,3.059294408548306,
N1150,5,CS_154,5.1118624379496485,3.391133897244519,
N1150,6,CS_149,5.261090679078013,3.490619391330095,
N1150,7,CS_133,5.644450575451054,3.743083581197528,
N1151,1,CS_138,3.7404949260630413,2.472918309513075,
N1151,2,CS_128,3.846280526170287,2.543442042917906,
N1151,3,CS_161,3.9705403426055828,2.6262819205414365,
N1151,4,CS_131,4.255607974264302,2.816327008313915,
N1151,5,CS_154,4.753367207308622,3.1481664970101284,
N1151,6,CS_149,4.902595448436985,3.2476519910957045,
N1151,7,CS_133,5.285955344810026,3.500116180963137,
N1152,1,CS_138,4.122774791149397,2.7277715529039788,
N1152,2,CS_128,4.228560391256643,2.7982952863088095,
N1152,3,CS_161,4.352820207691939,2.88113516393234,
N1152,4,CS_131,4.6378878393506575,3.071180251704819,
N1152,5,CS_154,5.135647072394977,3.403019740401032,
N1152,6,CS_149,5.284875313523342,3.502505234486608,
N1152,7,CS_133,5.668235209896382,3.754969424354041,
N1153,1,CS_135,4.830019664467085,3.212062791316833,
N1153,2,CS_125,6.141948655950353,4.043975237443708,
N1153,3,CS_124,6.157424711198077,4.054292607608858,
N1153,4,CS_134,6.484198521154458,4.3148486957750825,
N1153,5,CS_151,6.666489979303117,4.436376334540855,
N1153,6,CS_133,7.022718343616123,4.670752836368263,
N1153,7,CS_131,7.521914363326935,5.0066592572234,
N1154,1,CS_135,3.859051904315789,2.564750951215969,
N1154,2,CS_125,5.170980895799058,3.396663397342845,
N1154,3,CS_124,5.186456951046782,3.406980767507995,
N1154,4,CS_134,5.513230761003163,3.6675368556742183,
N1154,5,CS_151,5.695522219151822,3.7890644944399914,
N1154,6,CS_133,6.051750583464827,4.0234409962674,
N1154,7,CS_131,6.550946603175639,4.359347417122536,
N1155,1,CS_135,3.7143028280309975,2.459223859235485,
N1155,2,CS_134,4.543185030200595,3.0118119940152166,
N1155,3,CS_151,5.55077314286703,3.6835374024595073,
N1155,4,CS_133,5.907001507180036,3.917913904286915,
N1155,5,CS_131,6.406197526890848,4.253820325142052,
N1155,6,CS_149,7.033904753296024,4.672291809412169,
N1155,7,CS_138,7.278517171345468,4.835366754778465,
N1156,1,CS_135,2.639011926829327,1.7423632584343711,
N1156,2,CS_134,3.4678941289989242,2.294951393214103,
N1156,3,CS_151,4.475482241665359,2.966676801658393,
N1156,4,CS_133,4.831710605978365,3.2010533034858017,
N1156,5,CS_131,5.3309066256891775,3.536959724340938,
N1156,6,CS_149,5.958613852094354,3.955431208611056,
N1156,7,CS_138,6.203226270143798,4.118506153977352,
N1157,1,CS_135,1.7354945040048517,1.1468687546405296,
N1157,2,CS_134,2.5643767061744493,1.6994568894202613,
N1157,3,CS_151,3.5719648188408843,2.371182297864552,
N1157,4,CS_133,3.9281931831538897,2.60555879969196,
N1157,5,CS_131,4.427389202864702,2.9414652205470966,
N1157,6,CS_149,5.055096429269879,3.3599367048172146,
N1157,7,CS_138,5.299708847319322,3.5230116501835096,
N1158,1,CS_135,2.2038595637077245,1.459112127775778,
N1158,2,CS_134,3.0327417658773217,2.0117002625555096,
N1158,3,CS_151,4.040329878543757,2.6834256709998,
N1158,4,CS_133,4.396558242856763,2.9178021728272086,
N1158,5,CS_131,4.895754262567575,3.2537085936823447,
N1158,6,CS_149,5.523461488972751,3.6721800779524627,
N1158,7,CS_138,5.768073907022195,3.835255023318758,
N1159,1,CS_129,3.8532058664608235,2.5431939296001085,
N1159,2,CS_126,3.9454980075509423,2.6047220236601873,
N1159,3,CS_154,6.620282602472728,4.391440010361458,
N1159,4,CS_119,8.28784847402644,5.503150591397266,
N1159,5,CS_114,9.466081382766763,6.288639197224149,
N1159,6,CS_84,9.60760257535441,6.382986658949244,
N1159,7,CS_145,10.383818334801308,6.900463831913844,
N1160,1,CS_129,3.4868015930133045,2.2989244139684293,
N1160,2,CS_126,3.5790937341034232,2.360452508028508,
N1160,3,CS_154,6.25387832902521,4.147170494729779,
N1160,4,CS_119,7.9214442005789225,5.258881075765587,
N1160,5,CS_114,9.099677109319245,6.04436968159247,
N1160,6,CS_84,9.241198301906891,6.138717143317566,
N1160,7,CS_145,10.01741406135379,6.656194316282165,
N1161,1,CS_144,8.937434471825426,5.975685293275035,
N1161,2,CS_118,9.579750076844038,6.403895696620778,
N1161,3,CS_117,9.707912558155,6.4893373508280865,
N1161,4,CS_152,10.41138061002396,6.958316052074057,
N1161,5,CS_80,10.502390018196081,7.018988990855472,
N1161,6,CS_110,11.468101814602996,7.662796855126749,
N1161,7,CS_120,11.468801971764469,7.66326362656773,
N1162,1,CS_144,8.787321320854813,5.8756098592946255,
N1162,2,CS_118,9.429636925873426,6.303820262640369,
N1162,3,CS_117,9.557799407184389,6.389261916847677,
N1162,4,CS_152,10.261267459053348,6.858240618093649,
N1162,5,CS_80,10.35227686722547,6.918913556875063,
N1162,6,CS_110,11.317988663632384,7.56272142114634,
N1162,7,CS_120,11.318688820793858,7.5631881925873214,
N1163,1,CS_135,3.7760739923320785,2.4848240707158835,
N1163,2,CS_151,4.286467327952166,2.8250862944626083,
N1163,3,CS_133,4.642695692265171,3.059462796290016,
N1163,4,CS_131,5.141891711975983,3.3953692171451526,
N1163,5,CS_149,5.76959893838116,3.8138407014152707,
N1163,6,CS_138,6.014211356430604,3.9769156467815656,
N1163,7,CS_128,6.119996956537849,4.047439380186396,
N1164,1,CS_135,3.079759986725063,2.02061473364454,
N1164,2,CS_151,3.5901533223451505,2.3608769573912647,
N1164,3,CS_133,3.946381686658156,2.5952534592186725,
N1164,4,CS_131,4.445577706368968,2.931159880073809,
N1164,5,CS_149,5.073284932774145,3.349631364343927,
N1164,6,CS_138,5.317897350823588,3.512706309710222,
N1164,7,CS_128,5.423682950930834,3.5832300431150528,
N1165,1,CS_114,2.251427049600494,1.5009513664003296,
N1165,2,CS_119,2.2517132164263667,1.5011421442842448,
N1165,3,CS_154,3.711967360813553,2.4746449072090355,
N1165,4,CS_76,4.090504331295763,2.727002887530509,
N1165,5,CS_145,4.347683077201233,2.8984553848008225,
N1165,6,CS_156,4.561599079087743,3.041066052725162,
N1165,7,CS_83,5.205407776235026,3.4702718508233508,
N1166,1,CS_114,1.5942861881284902,1.0628574587523267,
N1166,2,CS_119,1.594572354954363,1.063048236636242,
N1166,3,CS_154,3.054826499341549,2.0365509995610327,
N1166,4,CS_76,3.43336346982376,2.288908979882506,
N1166,5,CS_145,3.690542215729229,2.4603614771528197,
N1166,6,CS_156,3.904458217615738,2.6029721450771595,
N1166,7,CS_83,4.548266914763022,3.0321779431753475,
N1167,1,CS_114,2.158117830961298,1.4283432470611888,
N1167,2,CS_119,2.15840399778717,1.428534024945104,
N1167,3,CS_154,3.6186581421743567,2.402036787869895,
N1167,4,CS_76,3.9971951126565677,2.654394768191368,
N1167,5,CS_145,4.254373858562037,2.8258472654616815,
N1167,6,CS_156,4.468289860448547,2.9684579333860213,
N1167,7,CS_83,5.11209855759583,3.39766373148421,
N1168,1,CS_114,1.713908884294768,1.1322039492835023,
N1168,2,CS_119,1.7141950511206405,1.1323947271674175,
N1168,3,CS_154,3.174449195507827,2.1058974900922083,
N1168,4,CS_76,3.552986165990038,2.3582554704136816,
N1168,5,CS_145,3.810164911895507,2.5297079676839953,
N1168,6,CS_156,4.024080913782016,2.6723186356083346,
N1168,7,CS_83,4.6678896109293,3.101524433706523,
N1169,1,CS_125,3.329953456878945,2.21996897125263,
N1169,2,CS_124,3.3454295121266693,2.23028634141778,
N1169,3,CS_135,3.697232836662938,2.4221150095799873,
N1169,4,CS_134,5.351411693350312,3.5249009140382364,
N1169,5,CS_151,5.533703151498971,3.6464285528040095,
N1169,6,CS_133,5.889931515811977,3.880805054631418,
N1169,7,CS_131,6.389127535522789,4.216711475486554,
N1170,1,CS_125,2.2038404354617382,1.4692269569744922,
N1170,2,CS_124,2.219316490709463,1.479544327139642,
N1170,3,CS_135,4.823345858080145,3.1728570238581257,
N1170,4,CS_134,6.477524714767519,4.275642928316375,
N1170,5,CS_151,6.6598161729161784,4.3971705670821475,
N1170,6,CS_133,7.016044537229183,4.631547068909556,
N1170,7,CS_131,7.515240556939995,4.967453489764693,
N1171,1,CS_122,1.149702954576302,0.7580101851465979,
N1171,2,CS_140,1.3011972225624175,0.8590063638040083,
N1171,3,CS_121,2.6711033654727037,1.772785769063511,
N1171,4,CS_137,3.685232322373396,2.4483630970113275,
N1171,5,CS_135,14.278235502390627,9.510365217022818,
N1171,6,CS_125,14.893214397765302,9.87764426574396,
N1171,7,CS_124,14.908690453013026,9.88796163590911,
N1172,1,CS_122,1.6281421749281755,1.0769696653811804,
N1172,2,CS_140,1.779636442914291,1.1779658440385907,
N1172,3,CS_121,3.149542585824577,2.0917452492980932,
N1172,4,CS_137,4.16367154272527,2.76732257724591,
N1172,5,CS_135,14.7566747227425,9.8293246972574,
N1172,6,CS_125,15.371653618117175,10.196603745978543,
N1172,7,CS_124,15.3871296733649,10.206921116143691,
N1173,1,CS_137,2.3369241804494165,1.5416185086843452,
N1173,2,CS_122,3.180988715095454,2.10432819844837,
N1173,3,CS_140,3.3324829830815696,2.2053243771057804,
N1173,4,CS_121,4.896933504456734,3.2318831321999943,
N1173,5,CS_135,12.929927360466648,8.603620628695834,
N1173,6,CS_125,13.544906255841322,8.970899677416977,
N1173,7,CS_124,13.560382311089047,8.981217047582126,
N1174,1,CS_137,4.322458228292919,2.8653078739133466,
N1174,2,CS_122,5.166522762938955,3.4280175636773715,
N1174,3,CS_140,5.318017030925072,3.5290137423347816,
N1174,4,CS_121,6.882467552300236,4.5555724974289955,
N1174,5,CS_135,14.915461408310149,9.927309993924835,
N1174,6,CS_125,15.530440303684824,10.29458904264598,
N1174,7,CS_124,15.545916358932548,10.304906412811128,
N1175,1,CS_138,2.8136540088940016,1.8700356798307762,
N1175,2,CS_128,2.9194396090012473,1.940559413235607,
N1175,3,CS_161,3.043699425436543,2.0233992908591376,
N1175,4,CS_131,3.328767057095262,2.2134443786316167,
N1175,5,CS_154,3.8265262901395816,2.54528386732783,
N1175,6,CS_149,3.9757545312679454,2.644769361413406,
N1175,7,CS_133,4.3591144276409866,2.8972335512808387,
N1176,1,CS_138,3.1468378164459763,2.0921582181987595,
N1176,2,CS_128,3.252623416553222,2.1626819516035902,
N1176,3,CS_161,3.3768832329885177,2.245521829227121,
N1176,4,CS_131,3.6619508646472365,2.4355669169996,
N1176,5,CS_154,4.159710097691557,2.767406405695813,
N1176,6,CS_149,4.308938338819921,2.866891899781389,
N1176,7,CS_133,4.692298235192961,3.1193560896488215,
N1177,1,CS_80,9.520268530761712,6.27593785206602,
N1177,2,CS_78,10.700691497488911,7.06288649655082,
N1177,3,CS_83,10.922534568947277,7.210781877523066,
N1177,4,CS_79,11.021664423732837,7.276868447380103,
N1177,5,CS_152,11.477687878957672,7.5808840841966605,
N1177,6,CS_144,11.572762097513657,7.644266896567315,
N1177,7,CS_118,12.39304197263278,8.191120146646732,
N1178,1,CS_80,8.649151473484121,5.695193147214292,
N1178,2,CS_78,9.829574440211319,6.4821417916990915,
N1178,3,CS_83,10.051417511669687,6.630037172671337,
N1178,4,CS_79,10.150547366455244,6.696123742528375,
N1178,5,CS_152,10.606570821680082,7.000139379344932,
N1178,6,CS_144,10.701645040236064,7.063522191715586,
N1178,7,CS_118,11.52192491535519,7.610375441795004,
N1179,1,CS_156,2.028932148756786,1.341614065923986,
N1179,2,CS_115,2.7237371013490574,1.804817367652167,
N1179,3,CS_114,2.749293832100274,1.8218551881529779,
N1179,4,CS_112,3.9594426319802736,2.6286210547396434,
N1179,5,CS_83,4.0337244947150435,2.6781422965628243,
N1179,6,CS_111,4.209957059886591,2.7956306733438554,
N1179,7,CS_138,4.261368395615199,2.8299048971629275,
N1180,1,CS_156,1.7780089836141646,1.1743319558289047,
N1180,2,CS_115,2.472813936206436,1.6375352575570858,
N1180,3,CS_114,2.498370666957652,1.6545730780578969,
N1180,4,CS_112,3.708519466837652,2.461338944644563,
N1180,5,CS_83,3.782801329572422,2.5108601864677427,
N1180,6,CS_111,3.95903389474397,2.6283485632487746,
N1180,7,CS_138,4.010445230472577,2.6626227870678463,
N1181,1,CS_135,1.3030250493941802,0.8516250388524317,
N1181,2,CS_151,1.813418385014267,1.1918872625991563,
N1181,3,CS_133,2.169646749327273,1.426263764426565,
N1181,4,CS_131,2.6688427690380845,1.7621701852817013,
N1181,5,CS_149,3.2965499954432618,2.1806416695518194,
N1181,6,CS_138,3.5411624134927058,2.343716614918115,
N1181,7,CS_128,3.6469480135999515,2.4142403483229455,
N1182,1,CS_135,1.577041700435792,1.0343028062135062,
N1182,2,CS_151,2.087435036055879,1.374565029960231,
N1182,3,CS_133,2.4436634003688846,1.6089415317876397,
N1182,4,CS_131,2.9428594200796963,1.944847952642776,
N1182,5,CS_149,3.570566646484873,2.363319436912894,
N1182,6,CS_138,3.8151790645343175,2.52639438227919,
N1182,7,CS_128,3.9209646646415632,2.5969181156840206,
N1183,1,CS_88,3.116771911083145,2.067368564119784,
N1183,2,CS_93,3.3837572797051156,2.2018825384289378,
N1183,3,CS_87,6.473208954671221,4.304993259845169,
N1183,4,CS_95,6.822884323534672,4.538110172420803,
N1183,5,CS_98,7.502258004347766,4.991025959629532,
N1183,6,CS_96,7.559158692150097,5.028959751497752,
N1183,7,CS_91,7.794596020349209,5.160772310918017,
N1184,1,CS_88,4.076855667255025,2.7074244015677036,
N1184,2,CS_93,4.343841035876995,2.8419383758768575,
N1184,3,CS_87,7.4332927108431015,4.945049097293088,
N1184,4,CS_95,7.782968079706553,5.178166009868723,
N1184,5,CS_98,8.462341760519648,5.631081797077452,
N1184,6,CS_96,8.519242448321979,5.669015588945673,
N1184,7,CS_91,8.754679776521089,5.8008281483659365,
N1185,1,CS_78,3.370079791339145,2.2188360012500143,
N1185,2,CS_79,3.69105271758307,2.4328179520792976,
N1185,3,CS_81,4.805338954852997,3.1102013775132473,
N1185,4,CS_155,5.131760008268318,3.3939156134773243,
N1185,5,CS_80,8.24030225991945,5.4656509803035505,
N1185,6,CS_145,8.720218387127463,5.785595065108892,
N1185,7,CS_83,9.642568298105015,6.400495005760596,
N1186,1,CS_78,3.600770581614448,2.3726298614335497,
N1186,2,CS_79,3.921743507858373,2.586611812262833,
N1186,3,CS_81,5.0360297451283,3.263995237696783,
N1186,4,CS_155,5.3624507985436205,3.54770947366086,
N1186,5,CS_80,8.470993050194751,5.619444840487086,
N1186,6,CS_145,8.950909177402766,5.939388925292428,
N1186,7,CS_83,9.873259088380319,6.554288865944131,
N1187,1,CS_81,0.9532468148003661,0.6354978765335775,
N1187,2,CS_155,6.043730503452533,3.9348399533107696,
N1187,3,CS_78,7.551426077226338,4.931984285340239,
N1187,4,CS_79,7.872399003470264,5.145966236169523,
N1187,5,CS_80,12.42164854580664,8.178799264393774,
N1187,6,CS_145,12.901564673014656,8.498743349199117,
N1187,7,CS_83,13.823914583992206,9.113643289850819,
N1188,1,CS_81,0.6797031313632163,0.45313542090881087,
N1188,2,CS_155,5.770186820015383,3.752477497686003,
N1188,3,CS_78,7.277882393789188,4.749621829715473,
N1188,4,CS_79,7.598855320033113,4.963603780544756,
N1188,5,CS_80,12.14810486236949,7.996436808769009,
N1188,6,CS_145,12.628020989577506,8.316380893574351,
N1188,7,CS_83,13.550370900555055,8.931280834226055,
N1189,1,CS_99,2.0318599351959805,1.31875633827003,
N1189,2,CS_69,4.788372739395423,3.1564315410696584,
N1189,3,CS_106,5.477210097856322,3.6156564467102577,
N1189,4,CS_102,6.308712563288259,4.137398815105116,
N1189,5,CS_148,6.803606986259322,4.499921038978924,
N1189,6,CS_153,8.338675919311548,5.523300327680408,
N1189,7,CS_24,8.342058529652526,5.52555540124106,
N1190,1,CS_99,1.0776984109661385,0.6826486554501353,
N1190,2,CS_69,3.8342112151655803,2.5203238582497636,
N1190,3,CS_106,4.523048573626479,2.979548763890363,
N1190,4,CS_102,5.354551039058418,3.5012911322852203,
N1190,5,CS_148,5.84944546202948,3.8638133561590293,
N1190,6,CS_153,7.384514395081705,4.887192644860513,
N1190,7,CS_24,7.387897005422684,4.889447718421166,
N1191,1,CS_150,2.200321200738844,1.4668808004925626,
N1191,2,CS_82,2.3799820402956637,1.5866546935304426,
N1191,3,CS_83,7.408832570940894,4.885895188440289,
N1191,4,CS_76,7.591894088570156,5.0079362001931305,
N1191,5,CS_115,8.63881115040011,5.705880908079767,
N1191,6,CS_112,9.610371612084494,6.353587882536024,
N1191,7,CS_114,9.623054394995737,6.362043071143519,
N1192,1,CS_150,1.475986586394033,0.983991057596022,
N1192,2,CS_82,1.655647425950853,1.103764950633902,
N1192,3,CS_83,8.133167185285705,5.36878493133683,
N1192,4,CS_76,8.316228702914966,5.490825943089671,
N1192,5,CS_115,9.363145764744921,6.188770650976308,
N1192,6,CS_112,10.334706226429304,6.836477625432565,
N1192,7,CS_114,10.347389009340546,6.84493281404006,
N1193,1,CS_91,1.5573089616418032,1.0382059744278687,
N1193,2,CS_88,6.329483448034203,4.19450997264366,
N1193,3,CS_94,7.568190375617246,5.020314591032355,
N1193,4,CS_93,9.578175156397668,6.316828173447143,
N1193,5,CS_87,12.667626831363773,8.419938894863373,
N1193,6,CS_95,13.017302200227224,8.653055807439008,
N1193,7,CS_98,13.696675881040317,9.105971594647736,
N1194,1,CS_91,1.4582307217226333,0.9721538144817555,
N1194,2,CS_88,6.230405208115034,4.128457812697547,
N1194,3,CS_94,7.469112135698075,4.954262431086242,
N1194,4,CS_93,9.479096916478499,6.250776013501031,
N1194,5,CS_87,12.568548591444603,8.35388673491726,
N1194,6,CS_95,12.918223960308055,8.587003647492896,
N1194,7,CS_98,13.597597641121148,9.039919434701623,
N1195,1,CS_94,3.1460091089904516,2.038962069505287,
N1195,2,CS_91,7.1240124876622435,4.665818662574007,
N1195,3,CS_88,11.317836808334373,7.4868472024012345,
N1195,4,CS_86,14.283393969285346,9.463885309701883,
N1195,5,CS_93,14.566528516697836,9.609165403204718,
N1195,6,CS_147,17.00997679159303,11.243579424201307,
N1195,7,CS_87,17.655980191663943,11.712276124620947,
N1196,1,CS_94,3.5406913440938856,2.3020835595742435,
N1196,2,CS_91,7.5186947227656775,4.928940152642963,
N1196,3,CS_88,11.712519043437807,7.749968692470191,
N1196,4,CS_86,14.678076204388779,9.72700679977084,
N1196,5,CS_93,14.96121075180127,9.872286893273676,
N1196,6,CS_147,17.404659026696464,11.506700914270263,
N1196,7,CS_87,18.050662426767378,11.975397614689905,
N1199,1,CS_93,2.4470820812011604,1.631388054134107,
N1199,2,CS_88,3.8124214477339073,2.4981380270504454,
N1199,3,CS_87,6.5364879992602765,4.314182394734692,
N1199,4,CS_95,6.886163368123728,4.547299307310325,
N1199,5,CS_98,7.565537048936822,5.000215094519055,
N1199,6,CS_96,7.622437736739153,5.038148886387275,
N1199,7,CS_97,8.418192367883428,5.5629190384191185,
N1200,1,CS_93,1.7734666894607298,1.182311126307153,
N1200,2,CS_88,4.486036839474338,2.947214954877399,
N1200,3,CS_87,7.2101033910007075,4.763259322561645,
N1200,4,CS_95,7.559778759864159,4.996376235137279,
N1200,5,CS_98,8.239152440677254,5.449292022346008,
N1200,6,CS_96,8.296053128479585,5.487225814214229,
N1200,7,CS_97,9.09180775962386,6.011995966246072,
N1201,1,CS_86,6.096194322397625,4.1455609672631475,
N1201,2,CS_94,8.07264935051824,5.463197652676891,
N1201,3,CS_147,8.822777144705311,5.925255081762572,
N1201,4,CS_90,9.898004417680742,6.642073263746192,
N1201,5,CS_139,10.166491669299567,6.847313856158581,
N1201,6,CS_85,11.097423300141616,7.463741602260018,
N1201,7,CS_92,11.84736162455751,7.979672502036404,
N1202,1,CS_86,6.264100138630375,4.313466783495897,
N1202,2,CS_94,8.24055516675099,5.6311034689096395,
N1202,3,CS_147,8.990682960938061,6.093160897995321,
N1202,4,CS_90,10.065910233913492,6.809979079978941,
N1202,5,CS_139,10.334397485532318,7.01521967239133,
N1202,6,CS_85,11.265329116374366,7.631647418492767,
N1202,7,CS_92,12.01526744079026,8.147578318269154,
N1203,1,CS_24,1.9656431159636014,1.2707751584295268,
N1203,2,CS_32,6.376410580013129,4.211286801129212,
N1203,3,CS_69,6.678688218678369,4.412805226906039,
N1203,4,CS_6,6.7908367465680355,4.427233213289862,
N1203,5,CS_12,7.75819759939588,5.072151109662563,
N1203,6,CS_99,8.036027350900461,5.317697981720766,
N1203,7,CS_102,8.618840634017634,5.673647561905782,
N1204,1,CS_24,2.1830307864800353,1.4157002721071494,
N1204,2,CS_32,6.593798250529563,4.356211914806835,
N1204,3,CS_69,6.896075889194802,4.557730340583662,
N1204,4,CS_6,7.008224417084469,4.572158326967485,
N1204,5,CS_12,7.9755852699123135,5.217076223340186,
N1204,6,CS_99,8.253415021416894,5.4626230953983885,
N1204,7,CS_102,8.836228304534066,5.818572675583405,
N1205,1,CS_12,3.759575630869882,2.4136648358917268,
N1205,2,CS_30,3.8678886902553393,2.546200579870515,
N1205,3,CS_28,6.7240300791651455,4.431889237655792,
N1205,4,CS_44,7.339020123119832,4.860288201780176,
N1205,5,CS_6,8.09563470394254,5.3043602234526945,
N1205,6,CS_24,9.216958449437003,6.112247085991626,
N1205,7,CS_34,10.493255755377955,6.963111956618923,
N1206,1,CS_12,3.5123857610501363,2.2488715893452302,
N1206,2,CS_30,3.620698820435593,2.3814073333240176,
N1206,3,CS_28,6.4768402093454,4.267095991109294,
N1206,4,CS_44,7.0918302533000865,4.695494955233679,
N1206,5,CS_6,7.848444834122794,5.139566976906197,
N1206,6,CS_24,8.969768579617257,5.947453839445129,
N1206,7,CS_34,10.24606588555821,6.798318710072427,
N1207,1,CS_12,2.77845184817662,1.8286560250202126,
N1207,2,CS_30,7.595184677909934,4.979484207120604,
N1207,3,CS_6,10.220659646675522,6.669463154088375,
N1207,4,CS_28,10.451326066819739,6.8651728649058805,
N1207,5,CS_44,11.066316110774427,7.293571829030265,
N1207,6,CS_24,11.341983392169984,7.477350016627306,
N1207,7,CS_34,14.22055174303255,9.396395583869012,
N1208,1,CS_12,2.997266425947544,1.9745324102008288,
N1208,2,CS_30,7.813999255680857,5.12536059230122,
N1208,3,CS_6,10.439474224446446,6.815339539268992,
N1208,4,CS_28,10.670140644590662,7.011049250086497,
N1208,5,CS_44,11.285130688545348,7.4394482142108815,
N1208,6,CS_24,11.560797969940909,7.623226401807924,
N1208,7,CS_34,14.43936632080347,9.542271969049628,
N1209,1,CS_12,3.8687044969423527,2.48688437276567,
N1209,2,CS_6,4.556053183930442,2.9451061696035947,
N1209,3,CS_30,5.579288601249422,3.6876008133588662,
N1209,4,CS_24,5.677376929424909,3.752993032142524,
N1209,5,CS_28,8.435429990159227,5.573289471144142,
N1209,6,CS_44,9.050420034113914,6.001688435268527,
N1209,7,CS_32,9.13720016431097,6.059541855399897,
N1210,1,CS_12,4.063244399404361,2.616577641073676,
N1210,2,CS_6,4.75059308639245,3.0747994379116,
N1210,3,CS_30,5.77382850371143,3.817294081666871,
N1210,4,CS_24,5.871916831886917,3.882686300450529,
N1210,5,CS_28,8.629969892621235,5.702982739452148,
N1210,6,CS_44,9.24495993657592,6.131381703576532,
N1210,7,CS_32,9.331740066772978,6.189235123707903,
N1211,1,CS_24,0.6681849034832665,0.4127399169838656,
N1211,2,CS_32,5.0789523675327946,3.353251559683551,
N1211,3,CS_69,5.381230006198034,3.554769985460378,
N1211,4,CS_99,6.738569138420124,4.459662740275105,
N1211,5,CS_102,7.321382421537297,4.8156123204601196,
N1211,6,CS_6,7.928746254266779,5.192776451963587,
N1211,7,CS_12,8.896107107094622,5.837694348336288,
N1212,1,CS_24,0.9941526987355302,0.6300517804853748,
N1212,2,CS_32,5.404920162785058,3.57056342318506,
N1212,3,CS_69,5.707197801450297,3.772081848961887,
N1212,4,CS_99,7.064536933672389,4.676974603776614,
N1212,5,CS_102,7.647350216789562,5.03292418396163,
N1212,6,CS_6,8.254714049519043,5.410088315465096,
N1212,7,CS_12,9.222074902346888,6.055006211837797,
N1213,1,CS_12,1.2072535601580894,0.785284053262502,
N1213,2,CS_30,6.023986389891402,3.936112235362894,
N1213,3,CS_6,8.64946135865699,5.626091182330666,
N1213,4,CS_28,8.880127778801207,5.821800893148171,
N1213,5,CS_44,9.495117822755894,6.2501998572725554,
N1213,6,CS_24,9.770785104151456,6.433978044869598,
N1213,7,CS_34,12.649353455014017,8.353023612111302,
N1214,1,CS_12,1.4682494478826447,0.9592813117455388,
N1214,2,CS_30,6.284982277615956,4.110109493845931,
N1214,3,CS_6,8.910457246381545,5.800088440813703,
N1214,4,CS_28,9.141123666525763,5.995798151631208,
N1214,5,CS_44,9.756113710480449,6.424197115755592,
N1214,6,CS_24,10.03178099187601,6.607975303352634,
N1214,7,CS_34,12.910349342738572,8.527020870594338,
N1215,1,CS_12,1.0810128328736415,0.7121916521714363,
N1215,2,CS_30,4.179118804782484,2.7172685957221816,
N1215,3,CS_6,6.804593773548072,4.407247542689954,
N1215,4,CS_28,7.035260193692289,4.6029572535074585,
N1215,5,CS_44,7.650250237646976,5.031356217631843,
N1215,6,CS_24,7.925917519042537,5.215134405228884,
N1215,7,CS_34,10.804485869905099,7.13417997247059,
N1216,1,CS_12,1.2998310622846871,0.8580704717788,
N1216,2,CS_30,4.3979370341935295,2.8631474153295455,
N1216,3,CS_6,7.023412002959118,4.553126362297317,
N1216,4,CS_28,7.254078423103334,4.7488360731148225,
N1216,5,CS_44,7.869068467058021,5.177235037239207,
N1216,6,CS_24,8.144735748453583,5.361013224836248,
N1216,7,CS_34,11.023304099316144,7.280058792077955,
N1217,1,CS_12,1.2910476472802068,0.8339509648708945,
N1217,2,CS_30,3.773961886256451,2.482395019765061,
N1217,3,CS_6,6.3994368550220395,4.172373966732834,
N1217,4,CS_28,6.630103275166257,4.368083677550338,
N1217,5,CS_44,7.245093319120944,4.796482641674723,
N1217,6,CS_24,7.520760600516505,4.980260829271764,
N1217,7,CS_34,10.399328951379065,6.899306396513471,
N1218,1,CS_12,1.5243312678130738,0.9894733785594725,
N1218,2,CS_30,4.007245506789318,2.637917433453639,
N1218,3,CS_6,6.6327204755549065,4.327896380421412,
N1218,4,CS_28,6.863386895699123,4.523606091238916,
N1218,5,CS_44,7.47837693965381,4.9520050553633,
N1218,6,CS_24,7.754044221049371,5.135783242960342,
N1218,7,CS_34,10.632612571911933,7.054828810202047,
N1219,1,CS_12,1.4074895254165907,0.9014535029209721,
N1219,2,CS_30,3.6575200081200667,2.4148924817149835,
N1219,3,CS_6,6.2829949768856554,4.104871428682756,
N1219,4,CS_28,6.513661397029872,4.30058113950026,
N1219,5,CS_44,7.128651440984559,4.728980103624646,
N1219,6,CS_24,7.40431872238012,4.912758291221686,
N1219,7,CS_34,10.282887073242682,6.831803858463393,
N1220,1,CS_12,1.61200916394461,1.0377999286063182,
N1220,2,CS_30,3.862039646648086,2.5512389074003297,
N1220,3,CS_6,6.487514615413675,4.241217854368102,
N1220,4,CS_28,6.718181035557891,4.436927565185607,
N1220,5,CS_44,7.333171079512578,4.865326529309992,
N1220,6,CS_24,7.608838360908139,5.049104716907032,
N1220,7,CS_34,10.487406711770701,6.968150284148739,
N1221,1,CS_12,1.542944840691962,0.9799783233704626,
N1221,2,CS_30,3.5220646928446957,2.336367661265493,
N1221,3,CS_6,6.147539661610283,4.026346608233266,
N1221,4,CS_28,6.378206081754501,4.22205631905077,
N1221,5,CS_44,6.993196125709188,4.650455283175155,
N1221,6,CS_24,7.2688634071047495,4.834233470772195,
N1221,7,CS_34,10.147431757967311,6.753279038013903,
N1222,1,CS_12,1.7195029408269538,1.097683723460457,
N1222,2,CS_30,3.6986227929796875,2.454073061355487,
N1222,3,CS_6,6.324097761745275,4.144052008323261,
N1222,4,CS_28,6.554764181889493,4.339761719140764,
N1222,5,CS_44,7.16975422584418,4.768160683265149,
N1222,6,CS_24,7.445421507239741,4.95193887086219,
N1222,7,CS_34,10.323989858102301,6.870984438103897,
N1223,1,CS_6,3.4140265285837326,2.2111178386859685,
N1223,2,CS_12,4.381387381411579,2.856035735058668,
N1223,3,CS_24,4.5353502740781995,3.0190047012248984,
N1223,4,CS_30,6.091971485718648,4.056752175651864,
N1223,5,CS_32,7.99517350896426,5.325553524482272,
N1223,6,CS_69,8.2974511476295,5.527071950259099,
N1223,7,CS_28,8.948112874628455,5.942440833437141,
N1224,1,CS_6,3.5543295543018067,2.3046531891646844,
N1224,2,CS_12,4.521690407129653,2.9495710855373845,
N1224,3,CS_24,4.675653299796274,3.112540051703614,
N1224,4,CS_30,6.232274511436723,4.1502875261305805,
N1224,5,CS_32,8.135476534682335,5.419088874960988,
N1224,6,CS_69,8.437754173347574,5.620607300737815,
N1224,7,CS_28,9.088415900346527,6.035976183915857,
N1225,1,CS_12,2.6882840010734808,1.7136070125012686,
N1225,2,CS_30,2.7965970604589376,1.846142756480056,
N1225,3,CS_28,5.652738449368743,3.731831414265333,
N1225,4,CS_44,6.26772849332343,4.160230378389718,
N1225,5,CS_6,7.024343074146138,4.6043024000622355,
N1225,6,CS_24,8.145666819640603,5.412189262601167,
N1225,7,CS_34,9.421964125581553,6.263054133228466,
N1226,1,CS_12,2.8127844637304182,1.796607320939227,
N1226,2,CS_30,2.9210975231158756,1.9291430649180143,
N1226,3,CS_28,5.777238912025681,3.8148317227032913,
N1226,4,CS_44,6.392228955980368,4.243230686827676,
N1226,5,CS_6,7.148843536803076,4.687302708500194,
N1226,6,CS_24,8.27016728229754,5.495189571039125,
N1226,7,CS_34,9.54646458823849,6.346054441666424,
N1227,1,CS_12,2.6138836598376374,1.6704763799007794,
N1227,2,CS_30,2.7221967192230943,1.803012123879567,
N1227,3,CS_28,5.5783381081328995,3.688700781664844,
N1227,4,CS_44,6.193328152087586,4.117099745789229,
N1227,5,CS_6,6.949942732910295,4.5611717674617465,
N1227,6,CS_24,8.07126647840476,5.369058630000677,
N1227,7,CS_34,9.34756378434571,6.219923500627977,
N1228,1,CS_12,2.7406514369720494,1.754988231323721,
N1228,2,CS_30,2.8489644963575067,1.8875239753025086,
N1228,3,CS_28,5.705105885267312,3.7732126330877853,
N1228,4,CS_44,6.320095929221999,4.20161159721217,
N1228,5,CS_6,7.076710510044707,4.645683618884688,
N1228,6,CS_24,8.198034255539172,5.453570481423619,
N1228,7,CS_34,9.47433156148012,6.304435352050917,
N1229,1,CS_28,3.2283836013098077,2.057875506719827,
N1229,2,CS_44,4.2667024794868205,2.7316824906832413,
N1229,3,CS_34,7.420938111744942,4.834506245521989,
N1229,4,CS_47,7.621932929553634,4.968502790727783,
N1229,5,CS_30,7.79229022711219,5.0820743224334874,
N1229,6,CS_12,9.81201372194512,6.368229614600293,
N1229,7,CS_42,10.677906900216097,6.959055060841485,
N1230,1,CS_28,3.5206825399599437,2.252741465819918,
N1230,2,CS_44,4.5590014181369565,2.9265484497833327,
N1230,3,CS_34,7.713237050395078,5.029372204622081,
N1230,4,CS_47,7.91423186820377,5.163368749827875,
N1230,5,CS_30,8.084589165762326,5.276940281533578,
N1230,6,CS_12,10.104312660595255,6.563095573700385,
N1230,7,CS_42,10.970205838866233,7.153921019941577,
N1231,1,CS_28,2.5856270050184254,1.6852629871306197,
N1231,2,CS_44,3.623945883195437,2.359069971094034,
N1231,3,CS_34,6.778181515453559,4.461893725932781,
N1231,4,CS_47,6.979176333262251,4.595890271138576,
N1231,5,CS_30,7.149533630820807,4.70946180284428,
N1231,6,CS_12,9.169257125653738,5.995617095011085,
N1231,7,CS_42,10.035150303924715,6.586442541252279,
N1232,1,CS_28,2.346605521314085,1.5259153313277265,
N1232,2,CS_44,3.3849243994910974,2.1997223152911407,
N1232,3,CS_34,6.539160031749219,4.302546070129888,
N1232,4,CS_47,6.7401548495579116,4.436542615335683,
N1232,5,CS_30,6.910512147116467,4.550114147041387,
N1232,6,CS_12,8.930235641949398,5.836269439208192,
N1232,7,CS_42,9.796128820220373,6.427094885449386,
N1233,1,CS_3,2.997582955608356,1.9770894714156841,
N1233,2,CS_46,3.2429582178899863,2.1573010036745695,
N1233,3,CS_45,3.797115877743611,2.5267394435769863,
N1233,4,CS_70,3.9621671277012758,2.632102114918978,
N1233,5,CS_54,4.641382899134104,3.062897342109282,
N1233,6,CS_42,4.889708683723562,3.2083709372356806,
N1233,7,CS_52,4.95056499802743,3.2520286341546556,
N1234,1,CS_3,3.2940104789976945,2.17470782034191,
N1234,2,CS_46,3.539385741279325,2.3549193526007954,
N1234,3,CS_45,4.0935434011329495,2.724357792503212,
N1234,4,CS_70,4.258594651090615,2.8297204638452036,
N1234,5,CS_54,4.937810422523443,3.260515691035508,
N1234,6,CS_42,5.1861362071129005,3.4059892861619065,
N1234,7,CS_52,5.246992521416769,3.449646983080881,
N1235,1,CS_28,0.6687604009055745,0.44584026727038306,
N1235,2,CS_44,1.7070792790825868,1.1196472512337974,
N1235,3,CS_34,4.861314911340708,3.222471006072545,
N1235,4,CS_47,5.0623097291494,3.3564675512783393,
N1235,5,CS_30,5.232667026707956,3.4700390829840435,
N1235,6,CS_12,7.252390521540887,4.756194375150848,
N1235,7,CS_42,8.118283699811863,5.347019821392043,
N1236,1,CS_28,0.46368159873461395,0.30912106582307597,
N1236,2,CS_44,1.9121580812535475,1.2563664526811045,
N1236,3,CS_34,5.066393713511668,3.3591902075198523,
N1236,4,CS_47,5.267388531320361,3.4931867527256464,
N1236,5,CS_30,5.437745828878917,3.6067582844313506,
N1236,6,CS_12,7.457469323711848,4.892913576598155,
N1236,7,CS_42,8.323362501982825,5.483739022839349,
N1237,1,CS_46,2.388767627515836,1.5723867565382583,
N1237,2,CS_50,3.687640217759619,2.4104503891844233,
N1237,3,CS_3,4.5289873989088125,2.982571913395777,
N1237,4,CS_45,5.374155239592845,3.5626451645895973,
N1237,5,CS_42,5.475966669373208,3.5837557407819007,
N1237,6,CS_70,5.5392064895505095,3.668007835931589,
N1237,7,CS_47,6.106056028878207,4.050579024113173,
N1238,1,CS_46,2.5880730356960906,1.7052570286584279,
N1238,2,CS_50,3.8869456259398736,2.5433206613045938,
N1238,3,CS_3,4.728292807089066,3.1154421855159464,
N1238,4,CS_45,5.5734606477731,3.695515436709767,
N1238,5,CS_42,5.675272077553463,3.7166260129020703,
N1238,6,CS_70,5.738511897730764,3.8008781080517586,
N1238,7,CS_47,6.305361437058462,4.183449296233342,
N1239,1,CS_45,3.2724735232993276,2.166658093182075,
N1239,2,CS_70,3.3439374182392636,2.2096291945122477,
N1239,3,CS_54,4.023153189672091,2.640424421702552,
N1239,4,CS_52,4.332335288565418,2.829555713747925,
N1239,5,CS_53,4.415756854999603,2.8851700913707146,
N1239,6,CS_3,5.505259114096578,3.6385537963091092,
N1239,7,CS_46,6.3402817784972685,4.211863596647369,
N1240,1,CS_45,2.98571137852359,1.9754833299982497,
N1240,2,CS_70,3.057175273463526,2.0184544313284225,
N1240,3,CS_54,3.7363910448963535,2.4492496585187262,
N1240,4,CS_52,4.045573143789681,2.6383809505640996,
N1240,5,CS_53,4.128994710223865,2.6939953281868894,
N1240,6,CS_3,5.2184969693208405,3.4473790331252845,
N1240,7,CS_46,6.053519633721531,4.020688833463544,
N1241,1,CS_73,2.5043580677116166,1.6140186610403813,
N1241,2,CS_37,3.4335060416829153,2.203428013493791,
N1241,3,CS_54,3.520199173139741,2.3164311830865576,
N1241,4,CS_52,3.8293812720330678,2.505562475131931,
N1241,5,CS_53,3.912802838467252,2.5611768527547207,
N1241,6,CS_45,4.683426304788256,3.1186027199135995,
N1241,7,CS_74,5.291140606479207,3.523745587707567,
N1242,1,CS_73,2.811854801943436,1.8190164838615943,
N1242,2,CS_37,3.741002775914734,2.4084258363150037,
N1242,3,CS_54,3.827695907371561,2.52142900590777,
N1242,4,CS_52,4.1368780062648876,2.7105602979531436,
N1242,5,CS_53,4.220299572699072,2.7661746755759333,
N1242,6,CS_45,4.9909230390200765,3.323600542734812,
N1242,7,CS_74,5.598637340711026,3.7287434105287796,
N1243,1,CS_70,1.5091109211719733,0.9764787387691687,
N1243,2,CS_45,5.279324258468666,3.485282801670513,
N1243,3,CS_54,6.030003924841429,3.9590491301909903,
N1243,4,CS_52,6.339186023734755,4.148180422236362,
N1243,5,CS_53,6.42260759016894,4.2037947998591525,
N1243,6,CS_3,7.512109849265917,4.957178504797548,
N1243,7,CS_46,8.347132513666608,5.530488305135807,
N1244,1,CS_70,1.2406127380498622,0.7974799500210946,
N1244,2,CS_45,5.010826075346555,3.306284012922439,
N1244,3,CS_54,5.7615057417193185,3.7800503414429163,
N1244,4,CS_52,6.070687840612645,3.9691816334882892,
N1244,5,CS_53,6.154109407046829,4.0247960111110785,
N1244,6,CS_3,7.243611666143806,4.778179716049474,
N1244,7,CS_46,8.078634330544498,5.351489516387733,
N1245,1,CS_45,2.02783746930023,1.3434079003633523,
N1245,2,CS_70,3.978689733963695,2.639304581509211,
N1245,3,CS_54,4.21150934904456,2.7725023711315404,
N1245,4,CS_3,4.264903859714414,2.8181574699016765,
N1245,5,CS_52,4.520691447937887,2.961633663176914,
N1245,6,CS_53,4.604113014372071,3.0172480407997035,
N1245,7,CS_46,5.099926524115105,3.3914672702399358,
N1246,1,CS_45,2.2707504471963937,1.5053498856274614,
N1246,2,CS_70,4.221602711859859,2.80124656677332,
N1246,3,CS_54,4.454422326940724,2.9344443563956495,
N1246,4,CS_3,4.507816837610578,2.980099455165785,
N1246,5,CS_52,4.7636044258340515,3.123575648441023,
N1246,6,CS_53,4.847025992268236,3.1791900260638126,
N1246,7,CS_46,5.342839502011269,3.553409255504045,
N1247,1,CS_45,2.4520036329297876,1.6311362643555758,
N1247,2,CS_3,4.422329051392546,2.9280585192596154,
N1247,3,CS_54,4.635675512674119,3.060230735123764,
N1247,4,CS_52,4.944857611567445,3.2493620271691372,
N1247,5,CS_53,5.02827917800163,3.304976404791927,
N1247,6,CS_70,5.570615166236917,3.7055391245972107,
N1247,7,CS_46,6.695371657843297,4.460048280964582,
N1248,1,CS_45,2.2468430958383525,1.4943625729612855,
N1248,2,CS_3,4.21716851430111,2.7912848278653253,
N1248,3,CS_54,4.430514975582684,2.923457043729474,
N1248,4,CS_52,4.73969707447601,3.112588335774847,
N1248,5,CS_53,4.823118640910194,3.168202713397637,
N1248,6,CS_70,5.365454629145482,3.5687654332029197,
N1248,7,CS_46,6.490211120751861,4.323274589570292,
N1249,1,CS_73,3.5436413592666725,2.289593569788394,
N1249,2,CS_54,3.637929042490121,2.3776371436981187,
N1249,3,CS_52,3.9471111413834477,2.566768435743492,
N1249,4,CS_53,4.030532707817632,2.622382813366282,
N1249,5,CS_37,4.472789333237971,2.879002922241803,
N1249,6,CS_45,4.801156174138637,3.1798086805251606,
N1249,7,CS_74,6.330423898034263,4.199320496455579,
N1250,1,CS_70,1.3371565808055423,0.8914377205370283,
N1250,2,CS_45,5.107369918102235,3.4002417834383727,
N1250,3,CS_54,5.858049584474999,3.8740081119588496,
N1250,4,CS_52,6.167231683368325,4.063139404004223,
N1250,5,CS_53,6.250653249802509,4.118753781627013,
N1250,6,CS_3,7.340155508899485,4.872137486565408,
N1250,7,CS_46,8.175178173300177,5.445447286903668,
N1251,1,CS_70,0.9002678382435055,0.6001785588290037,
N1251,2,CS_45,4.670481175540198,3.108982621730348,
N1251,3,CS_54,5.421160841912961,3.5827489502508247,
N1251,4,CS_52,5.730342940806287,3.771880242296198,
N1251,5,CS_53,5.813764507240472,3.827494619918988,
N1251,6,CS_3,6.903266766337449,4.580878324857382,
N1251,7,CS_46,7.738289430738138,5.154188125195643,
N1252,1,CS_45,1.360415184198577,0.9052755322326995,
N1252,2,CS_54,2.11109485057134,1.379041860753176,
N1252,3,CS_52,2.4202769494646668,1.5681731527985492,
N1252,4,CS_53,2.503698515898851,1.6237875304213387,
N1252,5,CS_70,2.7078278994228175,1.7988791804190756,
N1252,6,CS_3,4.869149595280133,3.227803782215937,
N1252,7,CS_46,5.704172259680823,3.801113582554197,
N1253,1,CS_45,1.7252283209788075,1.1484842900861867,
N1253,2,CS_54,2.475907987351571,1.6222506186066634,
N1253,3,CS_52,2.7850900862448977,1.8113819106520368,
N1253,4,CS_53,2.868511652679082,1.8669962882748263,
N1253,5,CS_70,3.072641036203048,2.0420879382725627,
N1253,6,CS_3,5.2339627320603626,3.4710125400694243,
N1253,7,CS_46,6.068985396461053,4.044322340407684,
N1254,1,CS_50,0.6224404780652675,0.41496031871017824,
N1254,2,CS_46,5.401487489353008,3.537453709414139,
N1254,3,CS_3,7.541707260745987,4.9476388662716575,
N1254,4,CS_45,8.38687510143002,5.527712117465479,
N1254,5,CS_42,8.488686531210382,5.5488226936577805,
N1254,6,CS_70,8.551926351387683,5.633074788807471,
N1254,7,CS_47,9.11877589071538,6.015645976989053,
N1255,1,CS_50,0.3101851230696568,0.20679008204643787,
N1255,2,CS_46,5.7137428443486185,3.7456239460778793,
N1255,3,CS_3,7.853962615741597,5.155809102935398,
N1255,4,CS_45,8.69913045642563,5.7358823541292185,
N1255,5,CS_42,8.800941886205992,5.756992930321521,
N1255,6,CS_70,8.864181706383294,5.841245025471211,
N1255,7,CS_47,9.43103124571099,6.2238162136527935,
N1256,1,CS_52,0.4604820818160764,0.3069880545440509,
N1256,2,CS_53,0.5439036482502608,0.36260243216684057,
N1256,3,CS_54,1.7804140657945706,1.1165790385234717,
N1256,4,CS_45,2.943641197443085,1.9187505753505136,
N1256,5,CS_70,4.629260517378648,3.0378252933444365,
N1256,6,CS_73,5.7885831425214676,3.763506637913977,
N1256,7,CS_37,6.717731116492764,4.352915990367387,
N1257,1,CS_52,0.0835615011757082,0.05570766745047213,
N1257,2,CS_53,0.16698306760989262,0.11132204507326175,
N1257,3,CS_54,2.157334646434939,1.3678594256170504,
N1257,4,CS_45,3.3205617780834533,2.170030962444092,
N1257,5,CS_70,5.006181098019016,3.2891056804380154,
N1257,6,CS_73,6.1655037231618355,4.014787025007556,
N1257,7,CS_37,7.094651697133132,4.6041963774609656,
N1258,1,CS_50,0.7494462022414781,0.4885868254789961,
N1258,2,CS_46,5.274481765176797,3.463827202645321,
N1258,3,CS_3,7.414701536569776,4.8740123595028395,
N1258,4,CS_45,8.259869377253809,5.454085610696661,
N1258,5,CS_42,8.36168080703417,5.475196186888964,
N1258,6,CS_70,8.424920627211472,5.559448282038653,
N1258,7,CS_47,8.991770166539169,5.942019470220235,
N1259,1,CS_50,1.225279781624067,0.8058092117340554,
N1259,2,CS_46,4.798648185794209,3.146604816390262,
N1259,3,CS_3,6.9388679571871865,4.5567899732477795,
N1259,4,CS_45,7.784035797871219,5.136863224441601,
N1259,5,CS_42,7.88584722765158,5.157973800633905,
N1259,6,CS_70,7.9490870478288835,5.242225895783593,
N1259,7,CS_47,8.51593658715658,5.624797083965176,
N1260,1,CS_46,2.362527688587247,1.557175197739076,
N1260,2,CS_50,3.6614002788310294,2.3952388303852414,
N1260,3,CS_3,4.502747459980222,2.9673603545965945,
N1260,4,CS_45,5.347915300664257,3.5474336057904154,
N1260,5,CS_42,5.449726730444619,3.568544181982719,
N1260,6,CS_70,5.512966550621921,3.652796277132407,
N1260,7,CS_47,6.0798160899496185,4.035367465313991,
N1261,1,CS_46,2.9200660106556904,1.9288674124513716,
N1261,2,CS_50,3.1038619567625862,2.0235466156729456,
N1261,3,CS_3,5.060285782048666,3.3390525693088904,
N1261,4,CS_45,5.905453622732699,3.919125820502711,
N1261,5,CS_42,6.007265052513063,3.9402363966950142,
N1261,6,CS_70,6.070504872690365,4.024488491844703,
N1261,7,CS_47,6.637354412018062,4.407059680026285,
N1262,1,CS_46,2.3284863167445438,1.5412802497173914,
N1262,2,CS_3,3.9081861711875208,2.5777854619415783,
N1262,3,CS_42,3.9752367825781185,2.592350183278503,
N1262,4,CS_47,4.605326142083118,3.0591734666097743,
N1262,5,CS_45,4.858162635674031,3.227731129003716,
N1262,6,CS_70,5.023213885631696,3.333093800345708,
N1262,7,CS_50,5.389901339947194,3.5186856483646247,
N1263,1,CS_46,2.681031657927525,1.7763104771727123,
N1263,2,CS_3,4.260731512370502,2.8128156893968987,
N1263,3,CS_42,4.3277821237611,2.8273804107338236,
N1263,4,CS_47,4.957871483266099,3.2942036940650947,
N1263,5,CS_45,5.210707976857012,3.462761356459037,
N1263,6,CS_70,5.375759226814677,3.568124027801029,
N1263,7,CS_50,5.742446681130174,3.7537158758199456,
N1264,1,CS_73,5.675608159329718,3.615037196894201,
N1264,2,CS_54,5.769895842553167,3.703080770803926,
N1264,3,CS_52,6.079077941446492,3.892212062849299,
N1264,4,CS_53,6.162499507880677,3.9478264404720886,
N1264,5,CS_37,6.604756133301015,4.204446549347611,
N1264,6,CS_45,6.93312297420168,4.505252307630967,
N1264,7,CS_74,8.462390698097307,5.524764123561385,
N1265,1,CS_73,5.2652525730690645,3.341466806053766,
N1265,2,CS_54,5.359540256292513,3.429510379963491,
N1265,3,CS_52,5.668722355185839,3.618641672008864,
N1265,4,CS_53,5.752143921620023,3.6742560496316536,
N1265,5,CS_37,6.194400547040361,3.9308761585071754,
N1265,6,CS_45,6.522767387941027,4.231681916790532,
N1265,7,CS_74,8.052035111836654,5.25119373272095,
N1266,1,CS_73,5.264235785244734,3.384308418324715,
N1266,2,CS_54,5.358523468468183,3.4723519922344406,
N1266,3,CS_52,5.6677055673615095,3.6614832842798135,
N1266,4,CS_53,5.751127133795694,3.7170976619026033,
N1266,5,CS_37,6.193383759216031,3.9737177707781246,
N1266,6,CS_45,6.521750600116697,4.274523529061482,
N1266,7,CS_74,8.051018324012325,5.2940353449919,
N1267,1,CS_73,4.7647786586332845,3.0513370005837492,
N1267,2,CS_54,4.8590663418567335,3.1393805744934737,
N1267,3,CS_52,5.16824844075006,3.3285118665388467,
N1267,4,CS_53,5.251670007184244,3.3841262441616364,
N1267,5,CS_37,5.693926632604581,3.6407463530371587,
N1267,6,CS_45,6.022293473505249,3.941552111320515,
N1267,7,CS_74,7.551561197400875,4.961063927250934,
N1268,1,CS_73,4.958633131692732,3.191537138237724,
N1268,2,CS_54,5.052920814916183,3.279580712147449,
N1268,3,CS_52,5.362102913809508,3.468712004192822,
N1268,4,CS_53,5.445524480243693,3.524326381815612,
N1268,5,CS_37,5.887781105664029,3.780946490691133,
N1268,6,CS_45,6.216147946564696,4.081752248974491,
N1268,7,CS_74,7.745415670460323,5.101264064904909,
N1269,1,CS_73,4.504239916858881,2.8886083283484902,
N1269,2,CS_54,4.598527600082329,2.9766519022582147,
N1269,3,CS_52,4.9077096989756575,3.165783194303588,
N1269,4,CS_53,4.991131265409842,3.221397571926378,
N1269,5,CS_37,5.433387890830179,3.4780176808018997,
N1269,6,CS_45,5.761754731730845,3.7788234390852566,
N1269,7,CS_74,7.291022455626472,4.798335255015675,
N1270,1,CS_73,4.079334675909514,2.6643487019849004,
N1270,2,CS_45,4.512757093246403,3.0051688810316173,
N1270,3,CS_74,4.588030724833734,3.0553513020898384,
N1270,4,CS_37,5.008482649880812,3.25375805443831,
N1270,5,CS_54,5.095175781337639,3.3667612240310762,
N1270,6,CS_52,5.4043578802309655,3.555892516076449,
N1270,7,CS_53,5.48777944666515,3.611506893699239,
N1271,1,CS_73,4.515398708512841,2.9550580570537854,
N1271,2,CS_45,4.94882112584973,3.295878236100502,
N1271,3,CS_74,5.0240947574370605,3.3460606571587235,
N1271,4,CS_37,5.444546682484138,3.544467409507195,
N1271,5,CS_54,5.531239813940967,3.6574705790999613,
N1271,6,CS_52,5.840421912834293,3.8466018711453343,
N1271,7,CS_53,5.923843479268477,3.902216248768124,
N1272,1,CS_73,1.078293479841438,0.6888396897001697,
N1272,2,CS_37,1.316920959347922,0.877947306231948,
N1272,3,CS_54,5.552110140067594,3.5928254466341163,
N1272,4,CS_52,5.86129223896092,3.7819567386794897,
N1272,5,CS_53,5.9447138053951045,3.8375711163022794,
N1272,6,CS_45,6.715337271716107,4.394996983461158,
N1272,7,CS_74,7.323051573407059,4.800139851255126,
N1273,1,CS_37,1.192324733642499,0.794883155761666,
N1273,2,CS_73,1.2028897055468613,0.7719038401704518,
N1273,3,CS_54,5.676706365773018,3.675889597104399,
N1273,4,CS_52,5.985888464666344,3.865020889149772,
N1273,5,CS_53,6.069310031100528,3.9206352667725617,
N1273,6,CS_45,6.839933497421532,4.4780611339314405,
N1273,7,CS_74,7.447647799112483,4.8832040017254075,
N1274,1,CS_73,1.165532784395504,0.7549328322820072,
N1274,2,CS_37,2.0946807583668026,1.344342184735417,
N1274,3,CS_54,4.774350341048715,3.126430568130648,
N1274,4,CS_52,5.08353243994204,3.315561860176021,
N1274,5,CS_53,5.1669540063762245,3.3711762377988106,
N1274,6,CS_45,5.937577472697228,3.9286021049576894,
N1274,7,CS_74,6.545291774388179,4.333744972751656,
N1275,1,CS_73,1.5187648495522075,0.9904208757198096,
N1275,2,CS_37,2.447912823523506,1.5798302281732193,
N1275,3,CS_54,5.127582406205418,3.36191861156845,
N1275,4,CS_52,5.436764505098744,3.551049903613823,
N1275,5,CS_53,5.520186071532929,3.6066642812366125,
N1275,6,CS_45,6.2908095378539315,4.164090148395491,
N1275,7,CS_74,6.898523839544883,4.569233016189459,
N1276,1,CS_73,0.91150900860639,0.60767267240426,
N1276,2,CS_37,1.8406569825776882,1.1970820248576697,
N1276,3,CS_54,5.0283741168378295,3.2736907280083947,
N1276,4,CS_52,5.337556215731155,3.462822020053768,
N1276,5,CS_53,5.420977782165339,3.518436397676558,
N1276,6,CS_45,6.191601248486343,4.075862264835436,
N1276,7,CS_74,6.799315550177293,4.481005132629404,
N1277,1,CS_73,0.733033232609031,0.488688821739354,
N1277,2,CS_37,1.6621812065803292,1.0780981741927635,
N1277,3,CS_54,5.206849892835187,3.3926745786733012,
N1277,4,CS_52,5.516031991728513,3.581805870718674,
N1277,5,CS_53,5.599453558162698,3.637420248341464,
N1277,6,CS_45,6.370077024483701,4.194846115500343,
N1277,7,CS_74,6.9777913261746525,4.59998898329431,
N1278,1,CS_42,1.6565478906397015,1.0707958677347182,
N1278,2,CS_47,2.94271587068625,1.9179545832639893,
N1278,3,CS_34,3.9684988490450293,2.601809902169842,
N1278,4,CS_46,4.745773410342499,3.1199929430348226,
N1278,5,CS_44,5.690548500854241,3.7498430033759833,
N1278,6,CS_3,6.325473264785478,4.156498155259008,
N1278,7,CS_45,7.275449729271989,4.806443822321147,
N1279,1,CS_42,1.9693827834474937,1.279352462939913,
N1279,2,CS_47,3.2555507634940426,2.1265111784691837,
N1279,3,CS_34,4.281333741852822,2.810366497375037,
N1279,4,CS_46,5.058608303150291,3.3285495382400168,
N1279,5,CS_44,6.003383393662032,3.958399598581178,
N1279,6,CS_3,6.63830815759327,4.365054750464202,
N1279,7,CS_45,7.5882846220797795,5.015000417526341,
N1280,1,CS_42,1.4802432331851,0.9685902692103114,
N1280,2,CS_47,2.766411213231649,1.8157489847395827,
N1280,3,CS_34,3.7921941915904283,2.4996043036454356,
N1280,4,CS_46,4.569468752887898,3.017787344510415,
N1280,5,CS_44,5.514243843399639,3.6476374048515767,
N1280,6,CS_3,6.149168607330877,4.054292556734601,
N1280,7,CS_45,7.099145071817386,4.7042382237967395,
N1281,1,CS_42,1.3108648636395674,0.8556713561799565,
N1281,2,CS_47,2.935789582777182,1.9286678977699376,
N1281,3,CS_34,3.961572561135961,2.6125232166757906,
N1281,4,CS_46,4.73884712243343,3.130706257540771,
N1281,5,CS_44,5.683622212945172,3.7605563178819317,
N1281,6,CS_3,6.318546976876409,4.167211469764956,
N1281,7,CS_45,7.26852344136292,4.817157136827095,
N1282,1,CS_42,1.1011215051390488,0.7340810034260326,
N1282,2,CS_47,3.1455329412777004,2.0502582505238616,
N1282,3,CS_34,4.17131591963648,2.7341135694297147,
N1282,4,CS_46,4.948590480933949,3.252296610294694,
N1282,5,CS_44,5.89336557144569,3.882146670635856,
N1282,6,CS_3,6.528290335376928,4.28880182251888,
N1282,7,CS_45,7.478266799863437,4.938747489581019,
N1283,1,CS_42,0.8432990921849958,0.5621993947899973,
N1283,2,CS_47,3.4033553542317527,2.222139859159897,
N1283,3,CS_34,4.429138332590532,2.90599517806575,
N1283,4,CS_46,5.206412893888002,3.42417821893073,
N1283,5,CS_44,6.151187984399744,4.054028279271892,
N1283,6,CS_3,6.78611274833098,4.460683431154916,
N1283,7,CS_45,7.736089212817491,5.110629098217054,
N1284,1,CS_3,0.3979336164384982,0.26528907762566545,
N1284,2,CS_45,6.063440160285209,4.025665416119008,
N1284,3,CS_46,6.248207399266843,4.148843575440098,
N1284,4,CS_70,6.528212449310328,4.330842113505969,
N1284,5,CS_54,7.207428220743154,4.761637340696273,
N1284,6,CS_52,7.51661031963648,4.950768632741646,
N1284,7,CS_53,7.600031886070664,5.006383010364436,
N1285,1,CS_3,0.06619379592702715,0.044129197284684764,
N1285,2,CS_45,5.73170033977374,3.804505535778027,
N1285,3,CS_46,5.916467578755372,3.927683695099117,
N1285,4,CS_70,6.196472628798857,4.109682233164988,
N1285,5,CS_54,6.875688400231683,4.540477460355293,
N1285,6,CS_52,7.184870499125009,4.729608752400665,
N1285,7,CS_53,7.268292065559193,4.785223130023455,
N1286,1,CS_3,2.7771050647115003,1.8429196578350204,
N1286,2,CS_45,5.928217561240215,3.944000735394992,
N1286,3,CS_46,6.11298480022185,4.067178894716082,
N1286,4,CS_70,6.392989850265335,4.249177432781952,
N1286,5,CS_54,7.07220562169816,4.679972659972257,
N1286,6,CS_52,7.381387720591486,4.869103952017629,
N1286,7,CS_53,7.464809287025671,4.924718329640419,
N1287,1,CS_3,2.445363298831601,1.621758480581754,
N1287,2,CS_45,5.596475795360316,3.7228395581417253,
N1287,3,CS_46,5.7812430343419505,3.846017717462815,
N1287,4,CS_70,6.0612480843854355,4.028016255528686,
N1287,5,CS_54,6.740463855818261,4.458811482718991,
N1287,6,CS_52,7.049645954711587,4.647942774764363,
N1287,7,CS_53,7.1330675211457715,4.7035571523871536,
N1288,1,CS_73,4.247923832144119,2.725783194126162,
N1288,2,CS_54,4.342211515367568,2.8138267680358866,
N1288,3,CS_52,4.651393614260894,3.00295806008126,
N1288,4,CS_53,4.734815180695079,3.0585724377040497,
N1288,5,CS_37,5.177071806115418,3.3151925465795715,
N1288,6,CS_45,5.505438647016083,3.6159983048629285,
N1288,7,CS_74,7.034706370911709,4.635510120793347,
N1289,1,CS_73,3.9794059880024584,2.546771298031721,
N1289,2,CS_54,4.073693671225907,2.634814871941446,
N1289,3,CS_52,4.382875770119234,2.8239461639868195,
N1289,4,CS_53,4.466297336553418,2.8795605416096093,
N1289,5,CS_37,4.908553961973757,3.1361806504851306,
N1289,6,CS_45,5.2369208028744225,3.436986408768488,
N1289,7,CS_74,6.766188526770049,4.456498224698906,
N1290,1,CS_52,1.0771175876914272,0.6916120704923553,
N1290,2,CS_53,1.1605391541256116,0.7472264481151448,
N1290,3,CS_54,1.16377855991922,0.7319550225751674,
N1290,4,CS_45,2.3270056915677344,1.5341265594022093,
N1290,5,CS_70,4.012625011503296,2.6532012773961324,
N1290,6,CS_73,5.171947636646117,3.3788826219656727,
N1290,7,CS_37,6.1010956106174135,3.968291974419082,
N1291,1,CS_52,0.7648447767882663,0.4834301965569147,
N1291,2,CS_53,0.8482663432224509,0.5390445741797043,
N1291,3,CS_54,1.4760513708223808,0.940136896510608,
N1291,4,CS_45,2.639278502470895,1.7423084333376497,
N1291,5,CS_70,4.324897822406458,2.861383151331573,
N1291,6,CS_73,5.484220447549278,3.5870644959011133,
N1291,7,CS_37,6.413368421520575,4.176473848354523,
N1292,1,CS_54,3.1623487111850093,2.0763052075295936,
N1292,2,CS_52,3.4715308100783364,2.265436499574967,
N1292,3,CS_53,3.554952376512521,2.3210508771977567,
N1292,4,CS_45,4.325575842833524,2.8784767443566355,
N1292,5,CS_70,6.011195162769087,3.9975514623505592,
N1292,6,CS_73,7.170517787911907,4.723232806920098,
N1292,7,CS_37,8.099665761883204,5.3126421593735085,
N1293,1,CS_54,2.9365247880625835,1.9257559254479761,
N1293,2,CS_52,3.2457068869559107,2.1148872174933495,
N1293,3,CS_53,3.329128453390095,2.1705015951161393,
N1293,4,CS_45,4.099751919711098,2.727927462275018,
N1293,5,CS_70,5.78537123964666,3.847002180268942,
N1293,6,CS_73,6.944693864789482,4.572683524838481,
N1293,7,CS_37,7.873841838760779,5.162092877291891,
N1294,1,CS_73,3.163861896800576,2.0364072614776627,
N1294,2,CS_54,3.2581495800240243,2.1244508353873877,
N1294,3,CS_52,3.567331678917351,2.313582127432761,
N1294,4,CS_53,3.6507532453515354,2.369196505055551,
N1294,5,CS_37,4.0930098707718745,2.625816613931072,
N1294,6,CS_45,4.421376711672539,2.9266223722144296,
N1294,7,CS_74,5.950644435568166,3.946134188144848,
N1295,1,CS_73,3.5083090539285102,2.266038699562952,
N1295,2,CS_54,3.6025967371519587,2.354082273472677,
N1295,3,CS_52,3.9117788360452854,2.5432135655180503,
N1295,4,CS_53,3.99520040247947,2.59882794314084,
N1295,5,CS_37,4.437457027899809,2.8554480520163614,
N1295,6,CS_45,4.765823868800474,3.156253810299719,
N1295,7,CS_74,6.2950915926961,4.175765626230137,
N1296,1,CS_73,3.1368089036041984,2.0207243668710673,
N1296,2,CS_54,3.231096586827647,2.108767940780792,
N1296,3,CS_52,3.540278685720974,2.2978992328261656,
N1296,4,CS_53,3.6237002521551585,2.3535136104489554,
N1296,5,CS_37,4.065956877575497,2.6101337193244767,
N1296,6,CS_45,4.394323718476161,2.910939477607834,
N1296,7,CS_74,5.923591442371789,3.930451293538252,
N1297,1,CS_73,3.5737243820556697,2.3120013525053813,
N1297,2,CS_54,3.668012065279118,2.4000449264151063,
N1297,3,CS_52,3.9771941641724453,2.5891762184604796,
N1297,4,CS_53,4.06061573060663,2.6447905960832694,
N1297,5,CS_37,4.502872356026968,2.9014107049587907,
N1297,6,CS_45,4.831239196927633,3.202216463242148,
N1297,7,CS_74,6.36050692082326,4.2217282791725665,
N1298,1,CS_54,0.6589590268196243,0.43930601787974954,
N1298,2,CS_52,1.5819371207910229,0.9842610751877732,
N1298,3,CS_53,1.6653586872252073,1.0398754528105627,
N1298,4,CS_45,2.435982153546211,1.597301319969442,
N1298,5,CS_70,4.121601473481772,2.7163760379633652,
N1298,6,CS_73,5.2809240986245936,3.4420573825329055,
N1298,7,CS_37,6.2100720725958904,4.031466734986315,
N1299,1,CS_54,0.339494614190921,0.22632974279394732,
N1299,2,CS_52,1.9014015334197263,1.1972373502735754,
N1299,3,CS_53,1.9848230998539107,1.252851727896365,
N1299,4,CS_45,2.755446566174914,1.810277595055244,
N1299,5,CS_70,4.441065886110477,2.929352313049167,
N1299,6,CS_73,5.600388511253296,3.655033657618708,
N1299,7,CS_37,6.529536485224593,4.244443010072118,
N1300,1,CS_73,3.3545346474293964,2.1469421893784286,
N1300,2,CS_54,3.448822330652845,2.234985763288154,
N1300,3,CS_52,3.7580044295461716,2.424117055333527,
N1300,4,CS_53,3.841425995980356,2.4797314329563167,
N1300,5,CS_37,4.283682621400695,2.736351541831838,
N1300,6,CS_45,4.612049462301361,3.0371573001151955,
N1300,7,CS_74,6.141317186196987,4.056669116045613,
N1301,1,CS_73,3.7867604597885207,2.435092730951178,
N1301,2,CS_54,3.8810481430119688,2.5231363048609032,
N1301,3,CS_52,4.1902302419052955,2.712267596906276,
N1301,4,CS_53,4.27365180833948,2.767881974529066,
N1301,5,CS_37,4.715908433759819,3.0245020834045873,
N1301,6,CS_45,5.0442752746604835,3.3253078416879447,
N1301,7,CS_74,6.573542998556111,4.344819657618363,
N1302,1,CS_73,4.633324355098434,2.9492037871431567,
N1302,2,CS_54,4.727612038321883,3.037247361052881,
N1302,3,CS_52,5.036794137215209,3.2263786530982546,
N1302,4,CS_53,5.120215703649394,3.2819930307210443,
N1302,5,CS_37,5.562472329069732,3.538613139596566,
N1302,6,CS_45,5.890839169970398,3.839418897879923,
N1302,7,CS_74,7.420106893866025,4.8589307138103415,
N1303,1,CS_73,4.910890931920893,3.1342481716914614,
N1303,2,CS_54,5.005178615144342,3.222291745601187,
N1303,3,CS_52,5.314360714037667,3.4114230376465597,
N1303,4,CS_53,5.397782280471851,3.4670374152693495,
N1303,5,CS_37,5.8400389058921895,3.723657524144871,
N1303,6,CS_45,6.168405746792855,4.024463282428228,
N1303,7,CS_74,7.697673470688483,5.043975098358646,
N1304,1,CS_42,2.6555797180919765,1.7199414819195522,
N1304,2,CS_47,3.2856690775969764,2.1867647652508237,
N1304,3,CS_46,3.478801857032379,2.3155199515410922,
N1304,4,CS_34,4.311452055955756,2.870620084156677,
N1304,5,CS_3,5.0585017114753565,3.352025163765279,
N1304,6,CS_45,6.008478175961866,4.001970830827417,
N1304,7,CS_44,6.033501707764966,4.018653185362818,
N1305,1,CS_42,3.0140586734548647,1.9589274521614777,
N1305,2,CS_47,3.6441480329598646,2.4257507354927488,
N1305,3,CS_46,3.837280812395267,2.5545059217830177,
N1305,4,CS_34,4.669931011318644,3.109606054398602,
N1305,5,CS_3,5.416980666838246,3.591011134007204,
N1305,6,CS_45,6.366957131324755,4.240956801069342,
N1305,7,CS_44,6.391980663127855,4.2576391556047435,
N1306,1,CS_72,1.267392491480157,0.8449283276534381,
N1306,2,CS_74,11.636712835981985,7.594918395756539,
N1306,3,CS_75,15.563770529018234,10.171198177957587,
N1306,4,CS_27,15.645121053793167,10.267190540963993,
N1306,5,CS_63,15.70132117246484,10.28458161761769,
N1306,6,CS_65,15.829166706401784,10.348128962879954,
N1306,7,CS_39,15.867998974194592,10.351420481633076,
N1307,1,CS_72,0.9928337185879925,0.6618891457253283,
N1307,2,CS_74,11.362154063089822,7.4118792138284295,
N1307,3,CS_75,15.289211756126068,9.988158996029476,
N1307,4,CS_27,15.370562280901002,10.084151359035884,
N1307,5,CS_63,15.426762399572677,10.101542435689579,
N1307,6,CS_65,15.554607933509619,10.165089780951844,
N1307,7,CS_39,15.593440201302426,10.168381299704965,
N1308,1,CS_72,1.3219300484160015,0.8526696267850438,
N1308,2,CS_74,11.033057733261813,7.221098732768714,
N1308,3,CS_75,14.96011542629806,9.797378514969761,
N1308,4,CS_27,15.041465951072993,9.893370877976169,
N1308,5,CS_63,15.097666069744669,9.910761954629864,
N1308,6,CS_65,15.22551160368161,9.974309299892129,
N1308,7,CS_39,15.264343871474418,9.97760081864525,
N1309,1,CS_72,1.527044574391754,0.9894126441022121,
N1309,2,CS_74,10.827943207286058,7.0843557154515455,
N1309,3,CS_75,14.755000900322308,9.660635497652592,
N1309,4,CS_27,14.836351425097241,9.756627860659,
N1309,5,CS_63,14.892551543768917,9.774018937312695,
N1309,6,CS_65,15.020397077705859,9.83756628257496,
N1309,7,CS_39,15.059229345498666,9.840857801328081,
N1310,1,CS_72,1.8364923559835813,1.1688026624163146,
N1310,2,CS_74,10.518495425694233,6.904965697137443,
N1310,3,CS_75,14.44555311873048,9.48124547933849,
N1310,4,CS_27,14.526903643505413,9.577237842344898,
N1310,5,CS_63,14.583103762177089,9.594628918998593,
N1310,6,CS_65,14.71094929611403,9.658176264260858,
N1310,7,CS_39,14.749781563906838,9.661467783013979,
N1311,1,CS_72,2.0416081459814768,1.3055465224149119,
N1311,2,CS_74,10.723611215692127,7.04170955713604,
N1311,3,CS_75,14.650668908728376,9.617989339337086,
N1311,4,CS_27,14.732019433503309,9.713981702343494,
N1311,5,CS_63,14.788219552174983,9.731372778997189,
N1311,6,CS_65,14.916065086111926,9.794920124259454,
N1311,7,CS_39,14.954897353904734,9.798211643012575,
N1312,1,CS_72,2.13286661735147,1.3406138284266849,
N1312,2,CS_74,10.222121164326342,6.733154531127073,
N1312,3,CS_75,14.149178857362593,9.30943431332812,
N1312,4,CS_27,14.230529382137526,9.405426676334526,
N1312,5,CS_63,14.286729500809201,9.422817752988223,
N1312,6,CS_65,14.414575034746143,9.486365098250488,
N1312,7,CS_39,14.45340730253895,9.48965661700361,
N1313,1,CS_72,2.3726172788838924,1.5004476027816334,
N1313,2,CS_74,9.98237050279392,6.573320756772124,
N1313,3,CS_75,13.90942819583017,9.149600538973171,
N1313,4,CS_27,13.990778720605103,9.24559290197958,
N1313,5,CS_63,14.046978839276779,9.262983978633274,
N1313,6,CS_65,14.17482437321372,9.326531323895539,
N1313,7,CS_39,14.213656641006528,9.32982284264866,
N1314,1,CS_72,1.2119924015567505,0.7889376575912749,
N1314,2,CS_74,11.142995380121064,7.284830701962483,
N1314,3,CS_75,15.070053073157311,9.861110484163529,
N1314,4,CS_27,15.151403597932244,9.957102847169937,
N1314,5,CS_63,15.20760371660392,9.974493923823632,
N1314,6,CS_65,15.335449250540861,10.038041269085896,
N1314,7,CS_39,15.37428151833367,10.041332787839018,
N1315,1,CS_72,1.4172341811774898,0.9257655106717679,
N1315,2,CS_74,11.348237159741803,7.421658555042976,
N1315,3,CS_75,15.27529485277805,9.997938337244022,
N1315,4,CS_27,15.356645377552983,10.09393070025043,
N1315,5,CS_63,15.412845496224659,10.111321776904125,
N1315,6,CS_65,15.5406910301616,10.17486912216639,
N1315,7,CS_39,15.579523297954408,10.178160640919511,
N1316,1,CS_72,3.040371923117246,1.8875517443661862,
N1316,2,CS_74,9.314615858560568,6.186216615187572,
N1316,3,CS_75,13.241673551596815,8.762496397388619,
N1316,4,CS_27,13.323024076371748,8.858488760395025,
N1316,5,CS_63,13.379224195043424,8.875879837048721,
N1316,6,CS_65,13.507069728980365,8.939427182310986,
N1316,7,CS_39,13.545901996773173,8.942718701064107,
N1317,1,CS_72,3.3625528495143326,2.1023390286309107,
N1317,2,CS_74,8.99243493216348,5.971429330922847,
N1317,3,CS_75,12.919492625199728,8.547709113123895,
N1317,4,CS_27,13.000843149974662,8.643701476130301,
N1317,5,CS_63,13.057043268646336,8.661092552783996,
N1317,6,CS_65,13.184888802583279,8.724639898046263,
N1317,7,CS_39,13.223721070376087,8.727931416799384,
N1318,1,CS_72,3.902187922790974,2.4151709551680938,
N1318,2,CS_74,8.45279985888684,5.658597404385664,
N1318,3,CS_75,12.379857551923088,8.234877186586711,
N1318,4,CS_27,12.461208076698021,8.330869549593118,
N1318,5,CS_63,12.517408195369697,8.348260626246814,
N1318,6,CS_65,12.645253729306638,8.411807971509079,
N1318,7,CS_39,12.684085997099446,8.4150994902622,
N1319,1,CS_72,4.2363954118852245,2.665823438832736,
N1319,2,CS_74,8.118592369792589,5.407944920721022,
N1319,3,CS_75,12.045650062828837,7.984224702922069,
N1319,4,CS_27,12.12700058760377,8.080217065928474,
N1319,5,CS_63,12.183200706275446,8.097608142582171,
N1319,6,CS_65,12.311046240212388,8.161155487844436,
N1319,7,CS_39,12.349878508005196,8.164447006597557,
N1320,1,CS_72,4.813246479154149,3.0671839056122545,
N1320,2,CS_74,8.081689707801672,5.409036219608721,
N1320,3,CS_75,12.00874740083792,7.985316001809768,
N1320,4,CS_27,12.090097925612854,8.081308364816174,
N1320,5,CS_63,12.146298044284528,8.09869944146987,
N1320,6,CS_65,12.274143578221471,8.162246786732135,
N1320,7,CS_39,12.312975846014279,8.165538305485256,
N1321,1,CS_72,5.035919299741014,3.2580490499030574,
N1321,2,CS_74,8.304362528388538,5.599901363899524,
N1321,3,CS_75,12.231420221424786,8.176181146100571,
N1321,4,CS_27,12.31277074619972,8.272173509106977,
N1321,5,CS_63,12.368970864871393,8.289564585760674,
N1321,6,CS_65,12.496816398808337,8.353111931022939,
N1321,7,CS_39,12.535648666601144,8.35640344977606,
N1322,1,CS_72,5.317622204552777,3.5030080975654596,
N1322,2,CS_74,8.5860654332003,5.844860411561926,
N1322,3,CS_75,12.513123126236549,8.421140193762973,
N1322,4,CS_27,12.594473651011482,8.51713255676938,
N1322,5,CS_63,12.650673769683156,8.534523633423076,
N1322,6,CS_65,12.778519303620099,8.59807097868534,
N1322,7,CS_39,12.817351571412907,8.601362497438462,
N1323,1,CS_72,5.439263477867989,3.624649370880672,
N1323,2,CS_74,8.707706706515513,5.966501684877139,
N1323,3,CS_75,12.634764399551761,8.542781467078187,
N1323,4,CS_27,12.716114924326694,8.638773830084594,
N1323,5,CS_63,12.772315042998368,8.656164906738288,
N1323,6,CS_65,12.900160576935312,8.719712252000555,
N1323,7,CS_39,12.93899284472812,8.723003770753676,
N1324,1,CS_72,5.719039563954247,3.867932923999158,
N1324,2,CS_74,8.98748279260177,6.209785237995624,
N1324,3,CS_75,12.91454048563802,8.78606502019667,
N1324,4,CS_27,12.995891010412953,8.882057383203078,
N1324,5,CS_63,13.052091129084626,8.899448459856773,
N1324,6,CS_65,13.17993666302157,8.962995805119037,
N1324,7,CS_39,13.218768930814377,8.966287323872159,
N1325,1,CS_72,5.918461064909451,4.067354424954361,
N1325,2,CS_74,9.186904293556974,6.409206738950828,
N1325,3,CS_75,13.113961986593225,8.985486521151875,
N1325,4,CS_27,13.195312511368158,9.081478884158281,
N1325,5,CS_63,13.251512630039834,9.098869960811978,
N1325,6,CS_65,13.379358163976775,9.162417306074243,
N1325,7,CS_39,13.418190431769583,9.165708824827364,
N1326,1,CS_64,2.0603312658373008,1.3700186763307896,
N1326,2,CS_27,2.4533114004320327,1.6320054327272777,
N1326,3,CS_66,2.5724666715579865,1.7114422801445803,
N1326,4,CS_29,4.506932901408161,3.0010864333780307,
N1326,5,CS_75,4.841351537686279,3.182273511073657,
N1326,6,CS_63,4.978902181132887,3.2956569507337594,
N1326,7,CS_65,5.1067477150698295,3.359204295996024,
N1327,1,CS_64,2.3114446631820464,1.5374276078939533,
N1327,2,CS_27,2.7044247977767784,1.7994143642904417,
N1327,3,CS_66,2.823580068902732,1.8788512117077443,
N1327,4,CS_29,4.758046298752907,3.168495364941194,
N1327,5,CS_75,5.092464935031025,3.349682442636821,
N1327,6,CS_63,5.230015578477633,3.4630658822969234,
N1327,7,CS_65,5.357861112414575,3.526613227559188,
N1328,1,CS_64,2.1263866080594402,1.408311628343624,
N1328,2,CS_27,2.519366742654172,1.6702983847401123,
N1328,3,CS_66,2.638522013780126,1.7497352321574149,
N1328,4,CS_29,4.5729882436303,3.039379385390865,
N1328,5,CS_75,4.907406879908418,3.2205664630864916,
N1328,6,CS_63,5.044957523355026,3.333949902746594,
N1328,7,CS_65,5.1728030572919685,3.3974972480088588,
N1329,1,CS_64,2.494451722906555,1.653688371575034,
N1329,2,CS_27,2.8874318575012867,1.9156751279715218,
N1329,3,CS_66,3.006587128627241,1.9951119753888245,
N1329,4,CS_29,4.941053358477415,3.284756128622275,
N1329,5,CS_75,5.275471994755533,3.465943206317901,
N1329,6,CS_63,5.413022638202141,3.5793266459780035,
N1329,7,CS_65,5.540868172139083,3.6428739912402683,
N1330,1,CS_64,2.3584199177986944,1.5428236919605829,
N1330,2,CS_27,2.751400052393426,1.804810448357071,
N1330,3,CS_66,2.87055532351938,1.8842472957743737,
N1330,4,CS_29,4.805021553369555,3.1738914490078245,
N1330,5,CS_75,5.139440189647672,3.3550785267034504,
N1330,6,CS_63,5.27699083309428,3.4684619663635528,
N1330,7,CS_65,5.404836367031223,3.5320093116258175,
N1331,1,CS_64,2.5084325587198415,1.6428321192413478,
N1331,2,CS_27,2.901412693314573,1.904818875637836,
N1331,3,CS_66,3.020567964440527,1.9842557230551385,
N1331,4,CS_29,4.955034194290702,3.273899876288589,
N1331,5,CS_75,5.28945283056882,3.4550869539842153,
N1331,6,CS_63,5.427003474015428,3.5684703936443176,
N1331,7,CS_65,5.55484900795237,3.6320177389065824,
N1332,1,CS_29,1.775610218177416,1.1784992292208971,
N1332,2,CS_64,1.9267598533127082,1.279265652644425,
N1332,3,CS_66,2.0741238490617833,1.377508316477142,
N1332,4,CS_35,2.8566299176855123,1.8991790288929615,
N1332,5,CS_27,3.2066855700009973,2.132549463769952,
N1332,6,CS_49,3.312532215712186,2.2031138942440767,
N1332,7,CS_1,3.6264711503561715,2.393996574048731,
N1333,1,CS_29,2.2436681883376846,1.4905378759944095,
N1333,2,CS_64,2.3948178234729767,1.5913042994179374,
N1333,3,CS_66,2.5421818192220518,1.6895469632506543,
N1333,4,CS_35,3.324687887845781,2.211217675666474,
N1333,5,CS_27,3.674743540161266,2.444588110543464,
N1333,6,CS_49,3.7805901858724544,2.515152541017589,
N1333,7,CS_1,4.09452912051644,2.706035220822243,
N1334,1,CS_136,3.5623230036728977,2.3028691866712605,
N1334,2,CS_67,3.563639537992889,2.3037468762179216,
N1334,3,CS_40,4.1547179888943555,2.6932100818919196,
N1334,4,CS_64,4.3544294830983175,2.8896239749310686,
N1334,5,CS_57,4.471987216178514,2.967995796984534,
N1334,6,CS_29,4.5190832668020136,2.9993931640668667,
N1334,7,CS_56,4.554239322800328,3.02283053473241,
N1335,1,CS_136,3.3044828300183626,2.1309757375682374,
N1335,2,CS_67,3.305799364338354,2.131853427114898,
N1335,3,CS_40,3.896877815239821,2.5213166327888965,
N1335,4,CS_64,4.612269656752852,3.061517424034092,
N1335,5,CS_57,4.729827389833049,3.1398892460875576,
N1335,6,CS_29,4.776923440456548,3.1712866131698907,
N1335,7,CS_56,4.812079496454863,3.1947239838354333,
N1336,1,CS_136,3.8677712958281045,2.4963731832700544,
N1336,2,CS_67,3.869087830148096,2.4972508728167155,
N1336,3,CS_40,4.460166281049563,2.886714078490714,
N1336,4,CS_64,5.1755581225625935,3.4269148697359095,
N1336,5,CS_57,5.2931158556427915,3.505286691789375,
N1336,6,CS_29,5.3402119062662905,3.5366840588717072,
N1336,7,CS_56,5.375367962264606,3.5601214295372507,
N1337,1,CS_136,4.140716186938327,2.6783364440102027,
N1337,2,CS_67,4.142032721258319,2.6792141335568638,
N1337,3,CS_40,4.733111172159786,3.068677339230862,
N1337,4,CS_64,5.448503013672816,3.6088781304760573,
N1337,5,CS_57,5.566060746753013,3.687249952529523,
N1337,6,CS_29,5.6131567973765115,3.7186473196118555,
N1337,7,CS_56,5.6483128533748275,3.7420846902773985,
N1338,1,CS_68,1.3540325286194235,0.8728895949613047,
N1338,2,CS_36,4.182096508158794,2.7222631134641557,
N1338,3,CS_49,4.8010483266377815,3.1747837665618786,
N1338,4,,5.2481367827093335,3.4614295433124953,
N1338,5,CS_22,5.292252919947757,3.490840301471444,
N1338,6,CS_38,6.724451536353017,4.457052573038704,
N1338,7,CS_8,7.589163003613314,4.980710953151393,
N1339,1,CS_68,1.6320444860878802,1.0582308999402759,
N1339,2,CS_36,3.904084550690337,2.5369218084851846,
N1339,3,CS_49,4.523036369169324,2.9894424615829074,
N1339,4,,4.970124825240878,3.276088238333524,
N1339,5,CS_22,5.014240962479301,3.305498996492473,
N1339,6,CS_38,6.446439578884561,4.2717112680597324,
N1339,7,CS_8,7.311151046144858,4.7953696481724215,
N1340,1,CS_1,3.266338220230119,2.140087947412959,
N1340,2,CS_49,3.892323060833715,2.539001231190686,
N1340,3,CS_66,4.477872541160654,2.9293675514086446,
N1340,4,CS_27,5.003644187975444,3.279881982618505,
N1340,5,CS_64,5.010214125849063,3.2842619412009175,
N1340,6,CS_29,5.488376512177398,3.6030368654198077,
N1340,7,CS_35,6.569396211685493,4.3237166650918715,
N1341,1,CS_1,2.8636599603214816,1.8716357741405343,
N1341,2,CS_49,3.4896448009250776,2.270549057918261,
N1341,3,CS_66,4.075194281252016,2.6609153781362194,
N1341,4,CS_27,4.600965928066807,3.0114298093460796,
N1341,5,CS_64,4.607535865940426,3.0158097679284928,
N1341,6,CS_29,5.0856982522687595,3.334584692147383,
N1341,7,CS_35,6.166717951776855,4.055264491819447,
N1342,1,CS_66,1.7018747886015153,1.1288395381825784,
N1342,2,CS_27,2.2276464354163044,1.4793539693924376,
N1342,3,CS_64,2.234216373289925,1.4837339279748514,
N1342,4,CS_49,2.26502779750759,1.5042748774532952,
N1342,5,CS_1,2.4431070363339438,1.6045844267128606,
N1342,6,CS_75,4.189550790873585,2.74553152654084,
N1342,7,CS_29,4.24171663258047,2.8220674341685474,
N1343,1,CS_66,2.1366538439961626,1.41869224177901,
N1343,2,CS_27,2.6624254908109517,1.7692066729888691,
N1343,3,CS_64,2.6689954286845725,1.773586631571283,
N1343,4,CS_49,2.6998068529022374,1.7941275810497268,
N1343,5,CS_1,2.877886091728591,1.8944371303092922,
N1343,6,CS_75,4.624329846268234,3.035384230137272,
N1343,7,CS_29,4.676495687975116,3.11192013776498,
N1344,1,CS_136,4.090933161377219,2.6789565346821163,
N1344,2,CS_67,4.092249695697211,2.6798342242287774,
N1344,3,CS_40,5.014963951317943,3.2615500703197413,
N1344,4,CS_64,8.455143596004577,5.576777157600795,
N1344,5,CS_57,8.572701329084776,5.655148979654258,
N1344,6,CS_29,8.619797379708276,5.686546346736591,
N1344,7,CS_56,8.654953435706588,5.709983717402134,
N1345,1,CS_136,3.6798517287274555,2.404902246248941,
N1345,2,CS_67,3.681168263047447,2.4057799357956022,
N1345,3,CS_40,4.60388251866818,2.987495781886566,
N1345,4,CS_64,8.044062163354814,5.302722869167618,
N1345,5,CS_57,8.161619896435013,5.381094691221083,
N1345,6,CS_29,8.208715947058513,5.412492058303415,
N1345,7,CS_56,8.243872003056827,5.43592942896896,
N1346,1,CS_136,1.5263316417465216,0.9807100131248888,
N1346,2,CS_67,1.527648176066513,0.9815877026715498,
N1346,3,CS_40,2.9502412003380583,1.8965560611963892,
N1346,4,CS_64,6.390420845024693,4.211783148477441,
N1346,5,CS_57,6.5079785781048916,4.290154970530905,
N1346,6,CS_29,6.55507462872839,4.321552337613237,
N1346,7,CS_56,6.590230684726706,4.344989708278781,
N1347,1,CS_136,1.7762710260719279,1.1473362693418263,
N1347,2,CS_67,1.7775875603919191,1.1482139588884874,
N1347,3,CS_40,2.7003018160126517,1.7299298049794514,
N1347,4,CS_64,6.140481460699286,4.045156892260502,
N1347,5,CS_57,6.258039193779485,4.123528714313967,
N1347,6,CS_29,6.305135244402983,4.1549260813963,
N1347,7,CS_56,6.340291300401299,4.178363452061844,
N1348,1,CS_64,3.562990953960774,2.3576528470363503,
N1348,2,CS_27,3.9559710885555055,2.619639603432838,
N1348,3,CS_66,4.07512635968146,2.6990764508501406,
N1348,4,CS_29,6.0095925895316356,3.9887206040835905,
N1348,5,CS_75,6.344011225809753,4.169907681779218,
N1348,6,CS_63,6.481561869256361,4.283291121439319,
N1348,7,CS_65,6.609407403193304,4.346838466701585,
N1349,1,CS_64,3.259110561805951,2.155065918933135,
N1349,2,CS_27,3.6520906964006827,2.417052675329623,
N1349,3,CS_66,3.7712459675266365,2.496489522746925,
N1349,4,CS_29,5.705712197376812,3.7861336759803756,
N1349,5,CS_75,6.0401308336549295,3.967320753676002,
N1349,6,CS_63,6.177681477101538,4.080704193336104,
N1349,7,CS_65,6.30552701103848,4.144251538598369,
N1350,1,CS_1,2.066122610671137,1.3692937329476793,
N1350,2,CS_49,2.6921074512747323,1.768207016725406,
N1350,3,CS_66,3.277656931601672,2.1585733369433653,
N1350,4,CS_27,3.803428578416461,2.5090877681532247,
N1350,5,CS_64,3.809998516290082,2.5134677267356382,
N1350,6,CS_29,4.288160902618415,2.832242650954528,
N1350,7,CS_35,5.3691806021265105,3.552922450626592,
N1351,1,CS_1,2.3285550995759086,1.5442487255508608,
N1351,2,CS_49,2.9545399401795045,1.9431620093285875,
N1351,3,CS_66,3.5400894205064435,2.3335283295465468,
N1351,4,CS_27,4.065861067321233,2.6840427607564066,
N1351,5,CS_64,4.072431005194853,2.6884227193388197,
N1351,6,CS_29,4.550593391523188,3.0071976435577095,
N1351,7,CS_35,5.631613091031284,3.7278774432297737,
N1352,1,CS_49,2.744243506801931,1.8249302668294491,
N1352,2,CS_36,5.564890030522778,3.6654751751982815,
N1352,3,CS_1,5.676551373965439,3.7613922349804505,
N1352,4,CS_66,5.779913938452847,3.848710554596726,
N1352,5,CS_27,6.305685585267637,4.199224985806587,
N1352,6,CS_64,6.312255523141256,4.203604944388999,
N1352,7,,6.630930305073318,4.4046416050466215,
N1353,1,CS_49,3.11156976235169,2.069814437195955,
N1353,2,CS_36,5.932216286072538,3.9103593455647876,
N1353,3,CS_1,6.043877629515198,4.006276405346956,
N1353,4,CS_66,6.147240194002606,4.093594724963231,
N1353,5,CS_27,6.673011840817396,4.444109156173091,
N1353,6,CS_64,6.679581778691015,4.448489114755505,
N1353,7,,6.998256560623077,4.649525775413128,
N1354,1,CS_49,2.7942812237924883,1.858288744823154,
N1354,2,CS_36,5.6149277475133355,3.6988336531919868,
N1354,3,CS_1,5.726589090955996,3.7947507129741553,
N1354,4,CS_66,5.829951655443404,3.882069032590431,
N1354,5,CS_27,6.355723302258194,4.2325834638002915,
N1354,6,CS_64,6.362293240131813,4.236963422382704,
N1354,7,,6.680968022063875,4.438000083040327,
N1355,1,CS_136,1.102620872626078,0.7350805817507187,
N1355,2,CS_67,1.1039374069460695,0.7359582712973797,
N1355,3,CS_40,3.3739519694585014,2.142185492570559,
N1355,4,CS_64,6.814131614145136,4.457412579851611,
N1355,5,CS_57,6.931689347225335,4.535784401905075,
N1355,6,CS_29,6.978785397848835,4.567181768987408,
N1355,7,CS_56,7.013941453847149,4.590619139652952,
N1356,1,CS_136,0.8334306099135076,0.555620406609005,
N1356,2,CS_67,0.8347471442334989,0.556498096155666,
N1356,3,CS_40,3.643142232171072,2.3216456677122728,
N1356,4,CS_64,7.083321876857706,4.636872754993325,
N1356,5,CS_57,7.200879609937905,4.715244577046788,
N1356,6,CS_29,7.247975660561405,4.746641944129121,
N1356,7,CS_56,7.283131716559719,4.770079314794665,
N1357,1,CS_136,2.117478908582836,1.3947389350692054,
N1357,2,CS_67,2.1187954429028273,1.3956166246158666,
N1357,3,CS_40,3.9997955804035046,2.5763282371865794,
N1357,4,CS_64,7.439975225090139,4.891555324467632,
N1357,5,CS_57,7.557532958170338,4.969927146521096,
N1357,6,CS_29,7.604629008793838,5.001324513603428,
N1357,7,CS_56,7.639785064792152,5.0247618842689725,
N1358,1,CS_136,1.8364292795047699,1.207372515683828,
N1358,2,CS_67,1.8377458138247613,1.208250205230489,
N1358,3,CS_40,3.718745951325438,2.388961817801202,
N1358,4,CS_64,7.1589255960120735,4.704188905082254,
N1358,5,CS_57,7.276483329092272,4.782560727135718,
N1358,6,CS_29,7.32357937971577,4.813958094218051,
N1358,7,CS_56,7.358735435714086,4.837395464883595,
N1359,1,CS_136,2.178242725705296,1.3803633415930538,
N1359,2,CS_67,2.1795592600252873,1.381241031139715,
N1359,3,CS_40,2.298330116379284,1.4969027327282236,
N1359,4,CS_64,6.210817355613386,4.085931324094765,
N1359,5,CS_57,6.328375088693587,4.16430314614823,
N1359,6,CS_29,6.375471139317085,4.195700513230562,
N1359,7,CS_56,6.410627195315401,4.219137883896106,
N1360,1,CS_40,1.9945164972780824,1.2943603199940894,
N1360,2,CS_136,2.482056344806497,1.5829057543271885,
N1360,3,CS_67,2.4833728791264886,1.5837834438738494,
N1360,4,CS_64,6.5146309747145885,4.288473736828899,
N1360,5,CS_57,6.632188707794787,4.366845558882363,
N1360,6,CS_29,6.6792847584182855,4.398242925964696,
N1360,7,CS_56,6.7144408144166015,4.42168029663024,
N1361,1,CS_49,1.2511790387561805,0.804314233296456,
N1361,2,CS_1,2.86166715393802,1.8595630334596787,
N1361,3,CS_66,3.6497727791678014,2.403376726904203,
N1361,4,CS_29,4.143781670637717,2.732715987884147,
N1361,5,CS_27,4.175544425982591,2.753891158114063,
N1361,6,CS_64,4.182114363856211,2.7582711166964757,
N1361,7,CS_36,4.959137321999164,3.2364003146800466,
N1362,1,CS_49,1.5694919391253221,1.0165228335425507,
N1362,2,CS_1,3.1799800543071615,2.071771633705773,
N1362,3,CS_66,3.968085679536943,2.6155853271502973,
N1362,4,CS_29,4.462094571006858,2.9449245881302413,
N1362,5,CS_27,4.4938573263517325,2.9660997583601576,
N1362,6,CS_64,4.500427264225353,2.9704797169425707,
N1362,7,CS_36,5.277450222368306,3.448608914926141,
N1363,1,CS_49,1.8780311254680917,1.2372160614663217,
N1363,2,CS_1,3.4885192406499312,2.2924648616295444,
N1363,3,CS_66,4.276624865879713,2.8362785550740686,
N1363,4,CS_29,4.7706337573496285,3.1656178160540125,
N1363,5,CS_27,4.802396512694503,3.186792986283929,
N1363,6,CS_64,4.808966450568122,3.191172944866342,
N1363,7,CS_36,5.585989408711076,3.6693021428499124,
N1364,1,CS_49,1.3178642911242637,0.863771505237103,
N1364,2,CS_1,2.9283524063061033,1.9190203054003256,
N1364,3,CS_66,3.716458031535885,2.4628339988448498,
N1364,4,CS_29,4.2104669230058,2.792173259824794,
N1364,5,CS_27,4.242229678350674,2.81334843005471,
N1364,6,CS_64,4.248799616224295,2.8177283886371227,
N1364,7,CS_36,5.025822574367248,3.2958575866206936,
N1365,1,CS_136,3.689353353026375,2.37650996890516,
N1365,2,CS_67,3.6906698873463664,2.377387658451821,
N1365,3,CS_64,4.22739913374484,2.815983192697169,
N1365,4,CS_40,4.281748338247833,2.7668508641258196,
N1365,5,CS_57,4.3449568668250365,2.8943550147506345,
N1365,6,CS_29,4.392052917448536,2.9257523818329667,
N1365,7,CS_56,4.4272089734468505,2.9491897524985102,
N1366,1,CS_64,3.4708659095757577,2.3116277099177815,
N1366,2,CS_57,3.5884236426559553,2.3899995319712466,
N1366,3,CS_29,3.6355196932794542,2.4213968990535792,
N1366,4,CS_56,3.6706757492777693,2.4448342697191223,
N1366,5,CS_66,3.934033324163821,2.620405986309824,
N1366,6,CS_27,4.158406646268615,2.769988201046353,
N1366,7,CS_136,4.4458865771954565,2.8808654516845484,
N1367,1,CS_21,1.004804833744952,0.6183528672871927,
N1367,2,CS_38,2.012190524541729,1.3350082398601169,
N1367,3,,3.5364404682474175,2.3397616750334906,
N1367,4,CS_22,3.5805566054858406,2.3691724331924395,
N1367,5,CS_51,4.1843140361753335,2.7295457595404597,
N1367,6,CS_48,4.646309367742042,3.024508429425862,
N1367,7,CS_36,5.560636554134514,3.660752818810241,
N1368,1,CS_21,1.2695038713237503,0.7948188923397248,
N1368,2,CS_38,2.276889562120527,1.5114742649126491,
N1368,3,,3.8011395058262156,2.516227700086023,
N1368,4,CS_22,3.8452556430646387,2.545638458244972,
N1368,5,CS_51,4.4490130737541325,2.906011784592992,
N1368,6,CS_48,4.91100840532084,3.200974454478395,
N1368,7,CS_36,5.825335591713311,3.8372188438627735,
N1369,1,CS_40,0.8471379712690343,0.5647586475126896,
N1369,2,CS_136,3.629434870815545,2.3125074268085886,
N1369,3,CS_67,3.6307514051355363,2.3133851163552497,
N1369,4,CS_64,7.662009500723638,5.0180754093103,
N1369,5,CS_57,7.779567233803837,5.096447231363764,
N1369,6,CS_29,7.826663284427335,5.127844598446096,
N1369,7,CS_56,7.861819340425651,5.151281969111641,
N1370,1,CS_40,0.6173857263724201,0.41159048424828004,
N1370,2,CS_136,3.8591871157121584,2.4656755900729976,
N1370,3,CS_67,3.86050365003215,2.4665532796196588,
N1370,4,CS_64,7.891761745620251,5.171243572574709,
N1370,5,CS_57,8.00931947870045,5.249615394628174,
N1370,6,CS_29,8.05641552932395,5.281012761710506,
N1370,7,CS_56,8.091571585322264,5.304450132376051,
N1371,1,CS_1,2.0469414858247563,1.358174240283111,
N1371,2,CS_49,2.6729263264283523,1.7570875240608375,
N1371,3,CS_66,3.2584758067552912,2.1474538442787967,
N1371,4,CS_27,3.7842474535700803,2.497968275488656,
N1371,5,CS_64,3.790817391443701,2.5023482340710697,
N1371,6,CS_29,4.268979777772035,2.8211231582899594,
N1371,7,CS_35,5.3499994772801305,3.5418029579620236,
N1372,1,CS_1,2.347167787764919,1.5583251082432192,
N1372,2,CS_49,2.9731526283685152,1.957238392020946,
N1372,3,CS_66,3.5587021086954542,2.347604712238905,
N1372,4,CS_27,4.084473755510244,2.698119143448765,
N1372,5,CS_64,4.091043693383864,2.702499102031178,
N1372,6,CS_29,4.569206079712197,3.0212740262500675,
N1372,7,CS_35,5.650225779220293,3.7419538259221317,
N1373,1,CS_21,0.6367520302067867,0.4049889232070969,
N1373,2,CS_38,2.3802433280798945,1.5483721839402127,
N1373,3,,3.904493271785583,2.5531256191135863,
N1373,4,CS_22,3.948609409024006,2.582536377272535,
N1373,5,CS_51,4.5523668397135,2.942909703620556,
N1373,6,CS_48,5.014362171280207,3.237872373505958,
N1373,7,CS_36,5.9286893576726785,3.8741167628903366,
N1374,1,CS_21,0.9113588872731273,0.588060161251324,
N1374,2,CS_38,2.654850185146235,1.73144342198444,
N1374,3,,4.179100128851924,2.7361968571578137,
N1374,4,CS_22,4.223216266090347,2.7656076153167626,
N1374,5,CS_51,4.82697369677984,3.125980941664783,
N1374,6,CS_48,5.288969028346547,3.420943611550186,
N1374,7,CS_36,6.203296214739019,4.057188000934564,
N1375,1,CS_21,0.41235908216970235,0.27490605477980157,
N1375,2,CS_38,2.604636276116979,1.6784550523675081,
N1375,3,,4.128886219822667,2.683208487540882,
N1375,4,CS_22,4.17300235706109,2.712619245699831,
N1375,5,CS_51,4.776759787750583,3.072992572047851,
N1375,6,CS_48,5.238755119317291,3.367955241933254,
N1375,7,CS_36,6.153082305709764,4.004199631317633,
N1376,1,CS_21,0.13845250354085564,0.0923016690272371,
N1376,2,CS_38,2.8785428547458256,1.8610594381200725,
N1376,3,,4.402792798451514,2.865812873293446,
N1376,4,CS_22,4.446908935689937,2.895223631452395,
N1376,5,CS_51,5.05066636637943,3.2555969578004156,
N1376,6,CS_48,5.512661697946138,3.550559627685818,
N1376,7,CS_36,6.42698888433861,4.186804017070196,
N1377,1,CS_38,3.5143121827583355,2.2555226421823855,
N1377,2,,5.038562126464024,3.2602760773557597,
N1377,3,CS_22,5.082678263702447,3.2896868355147086,
N1377,4,CS_21,6.112976412205323,3.9299963301032332,
N1377,5,CS_36,7.06275821235112,4.581267221132511,
N1377,6,CS_8,7.86838768194887,5.105423710248567,
N1377,7,CS_51,9.144087088445213,5.9551610912315756,
N1378,1,CS_38,3.7921001530752148,2.4407146223936396,
N1378,2,,5.316350096780903,3.445468057567013,
N1378,3,CS_22,5.360466234019326,3.474878815725962,
N1378,4,CS_21,6.390764382522202,4.115188310314487,
N1378,5,CS_36,7.340546182668,4.766459201343763,
N1378,6,CS_8,8.14617565226575,5.29061569045982,
N1378,7,CS_51,9.421875058762092,6.14035307144283,
N1379,1,CS_38,3.265339608998399,2.111190715365032,
N1379,2,,4.789589552704087,3.115944150538405,
N1379,3,CS_22,4.83370568994251,3.145354908697354,
N1379,4,CS_21,5.864003838445386,3.7856644032858795,
N1379,5,CS_36,6.813785638591184,4.436935294315156,
N1379,6,CS_8,7.6194151081889325,4.961091783431212,
N1379,7,CS_51,8.895114514685275,5.810829164414223,
N1380,1,CS_38,2.940593484062353,1.894693298741001,
N1380,2,,4.4648434277680416,2.899446733914375,
N1380,3,CS_22,4.508959565006465,2.9288574920733237,
N1380,4,CS_21,5.539257713509341,3.5691669866618487,
N1380,5,CS_36,6.489039513655138,4.220437877691125,
N1380,6,CS_8,7.294668983252888,4.744594366807181,
N1380,7,CS_51,8.57036838974923,5.594331747790191,
N1381,1,CS_38,3.392363400248856,2.184827695800079,
N1381,2,,4.916613343954544,3.1895811309734525,
N1381,3,CS_22,4.960729481192967,3.2189918891324014,
N1381,4,CS_21,5.991027629695844,3.859301383720927,
N1381,5,CS_36,6.94080942984164,4.510572274750204,
N1381,6,CS_8,7.746438899439389,5.0347287638662594,
N1381,7,CS_51,9.022138305935734,5.88446614484927,
N1382,1,CS_38,3.710491647546342,2.3969131939984027,
N1382,2,,5.23474159125203,3.401666629171777,
N1382,3,CS_22,5.278857728490453,3.431077387330726,
N1382,4,CS_21,6.309155876993329,4.07138688191925,
N1382,5,CS_36,7.2589376771391265,4.722657772948527,
N1382,6,CS_8,8.064567146736877,5.246814262064584,
N1382,7,CS_51,9.340266553233219,6.096551643047594,
N1383,1,CS_38,0.4338978822727271,0.26972331416562556,
N1383,2,,1.958147825978415,1.2744767493389992,
N1383,3,CS_22,2.002263963216838,1.3038875074979477,
N1383,4,CS_21,3.0325621117197152,1.944197002086473,
N1383,5,CS_36,3.9823439118655113,2.5954678931157495,
N1383,6,CS_8,4.787973381463261,3.1196243822318066,
N1383,7,CS_51,6.063672787959604,3.969361763214816,
N1384,1,CS_38,0.7025573579001043,0.44882963125054376,
N1384,2,,2.2268073016057923,1.4535830664239175,
N1384,3,CS_22,2.270923438844215,1.482993824582866,
N1384,4,CS_21,3.3012215873470927,2.123303319171391,
N1384,5,CS_36,4.251003387492888,2.774574210200668,
N1384,6,CS_8,5.056632857090638,3.298730699316725,
N1384,7,CS_51,6.332332263586981,4.148468080299734,
N1385,1,CS_38,0.6889863603601608,0.4176006927670365,
N1385,2,,2.213236304065849,1.4223541279404102,
N1385,3,CS_22,2.2573524413042723,1.4517648860993586,
N1385,4,CS_21,3.287650589807149,2.0920743806878837,
N1385,5,CS_36,4.237432389952945,2.7433452717171605,
N1385,6,CS_8,5.043061859550694,3.2675017608332175,
N1385,7,CS_51,6.318761266047037,4.117239141816227,
N1386,1,CS_38,0.8714689629866196,0.5392557611846757,
N1386,2,,2.395718906692308,1.5440091963580493,
N1386,3,CS_22,2.4398350439307306,1.5734199545169978,
N1386,4,CS_21,3.470133192433608,2.213729449105523,
N1386,5,CS_36,4.419914992579404,2.8650003401347997,
N1386,6,CS_8,5.225544462177154,3.3891568292508567,
N1386,7,CS_51,6.501243868673496,4.238894210233866,
N1387,1,CS_38,0.31416471627710213,0.20031278315366904,
N1387,2,,1.8384146599827902,1.2050662183270426,
N1387,3,CS_22,1.882530797221213,1.234476976485991,
N1387,4,CS_21,2.9128289457240903,1.8747864710745166,
N1387,5,CS_36,3.862610745869886,2.526057362103793,
N1387,6,CS_8,4.668240215467637,3.05021385121985,
N1387,7,CS_51,5.9439396219639775,3.8999512322028593,
N1388,1,CS_38,0.6013141115149805,0.39174571331225466,
N1388,2,,2.1255640552206687,1.3964991484856282,
N1388,3,CS_22,2.169680192459092,1.4259099066445766,
N1388,4,CS_21,3.1999783409619686,2.066219401233102,
N1388,5,CS_36,4.149760141107764,2.7174902922623785,
N1388,6,CS_8,4.955389610705514,3.2416467813784355,
N1388,7,CS_51,6.231089017201857,4.091384162361445,
N1389,1,CS_38,0.4842098360624128,0.2988896641886317,
N1389,2,,2.008459779768101,1.3036430993620054,
N1389,3,CS_22,2.0525759170065236,1.3330538575209538,
N1389,4,CS_21,3.082874065509401,1.9733633521094793,
N1389,5,CS_36,4.0326558656551965,2.6246342431387557,
N1389,6,CS_8,4.838285335252947,3.1487907322548128,
N1389,7,CS_51,6.113984741749288,3.998528113237822,
N1390,1,CS_38,0.7877095531338062,0.5012228089028941,
N1390,2,,2.3119594968394943,1.5059762440762676,
N1390,3,CS_22,2.356075634077917,1.535387002235216,
N1390,4,CS_21,3.3863737825807947,2.1756964968237416,
N1390,5,CS_36,4.33615558272659,2.826967387853018,
N1390,6,CS_8,5.14178505232434,3.351123876969075,
N1390,7,CS_51,6.417484458820683,4.200861257952084,
N1391,1,,0.10188142886770368,0.06792095257846913,
N1391,2,CS_22,0.14599756610612658,0.09733171073741771,
N1391,3,CS_38,1.8406996436776777,1.2157199018213667,
N1391,4,CS_36,2.388580975921089,1.5410880158719096,
N1391,5,CS_8,3.194210445518839,2.0652445049879664,
N1391,6,CS_21,4.439363873124665,2.8901935897422146,
N1391,7,CS_49,5.1671375593469016,3.4333451789341827,
N1392,1,,0.599784575840502,0.39985638389366807,
N1392,2,CS_22,0.6439007130789249,0.4292671420526166,
N1392,3,CS_38,2.3386027906504756,1.5476553331365657,
N1392,4,CS_36,2.8864841228938873,1.8730234471871083,
N1392,5,CS_8,3.6921135924916375,2.3971799363031647,
N1392,6,CS_21,4.9372670200974635,3.2221290210574134,
N1392,7,CS_49,5.665040706319701,3.7652806102493814,
N1393,1,CS_21,0.8735590930861155,0.5422683799487367,
N1393,2,CS_38,2.143436265200566,1.411092727198573,
N1393,3,,3.6676862089062543,2.4158461623719467,
N1393,4,CS_22,3.711802346144677,2.4452569205308956,
N1393,5,CS_51,4.315559776834171,2.8056302468789154,
N1393,6,CS_48,4.777555108400878,3.1005929167643185,
N1393,7,CS_36,5.69188229479335,3.736837306148697,
N1394,1,CS_21,1.2405290315411563,0.7869150055854306,
N1394,2,CS_38,2.5104062036556067,1.6557393528352669,
N1394,3,,4.034656147361295,2.6604927880086406,
N1394,4,CS_22,4.078772284599718,2.6899035461675895,
N1394,5,CS_51,4.682529715289212,3.0502768725156093,
N1394,6,CS_48,5.144525046855919,3.3452395424010124,
N1394,7,CS_36,6.058852233248391,3.981483931785391,
N1395,1,,0.6478669869424265,0.4056864645600851,
N1395,2,CS_22,0.6919831241808494,0.43509722271903367,
N1395,3,CS_38,2.1241817405861103,1.401309494286293,
N1395,4,CS_36,2.1832637382486584,1.4008113852829267,
N1395,5,CS_8,2.6482248874441163,1.72747899300635,
N1395,6,CS_21,4.722845970033098,3.075783182207141,
N1395,7,CS_49,4.961820321674471,3.2930685483452,
N1396,1,,1.0498919300287772,0.673703093284319,
N1396,2,CS_22,1.0940080672672001,0.7031138514432677,
N1396,3,CS_8,2.2461999443577656,1.4594623642821163,
N1396,4,CS_38,2.526206683672461,1.6693261230105267,
N1396,5,CS_36,2.585288681335009,1.6688280140071605,
N1396,6,CS_21,5.124870913119449,3.3437998109313747,
N1396,7,CS_49,5.363845264760823,3.5610851770694336,
N1397,1,CS_8,0.173645596505099,0.11079992875460776,
N1397,2,,3.1224462778814437,2.0223655288118274,
N1397,3,CS_22,3.1665624151198664,2.0517762869707763,
N1397,4,CS_38,4.598761031525128,3.0179885585380353,
N1397,5,CS_36,4.657843029187676,3.017490449534669,
N1397,6,CS_21,7.197425260972115,4.6924622464588825,
N1397,7,CS_49,7.4363996126134895,4.909747612596942,
N1398,1,CS_8,0.4584320765075839,0.3006575820895977,
N1398,2,,2.837659797878959,1.8325078754768376,
N1398,3,CS_22,2.881775935117382,1.861918633635786,
N1398,4,CS_38,4.313974551522643,2.8281309052030457,
N1398,5,CS_36,4.373056549185191,2.827632796199679,
N1398,6,CS_21,6.912638780969631,4.502604593123893,
N1398,7,CS_49,7.151613132611004,4.719889959261953,
N1399,1,CS_8,0.11656187064399595,0.07770791376266396,
N1399,2,,3.179530003742547,2.0554575438037714,
N1399,3,CS_22,3.2236461409809696,2.08486830196272,
N1399,4,CS_38,4.655844757386231,3.0510805735299797,
N1399,5,CS_36,4.714926755048779,3.0505824645266126,
N1399,6,CS_21,7.254508986833218,4.725554261450827,
N1399,7,CS_49,7.493483338474593,4.942839627588886,
N1400,1,CS_8,0.43849040371707015,0.2923269358113801,
N1400,2,,3.501458536815621,2.2700765658524875,
N1400,3,CS_22,3.545574674054044,2.2994873240114364,
N1400,4,CS_38,4.977773290459305,3.2656995955786954,
N1400,5,CS_36,5.036855288121854,3.2652014865753287,
N1400,6,CS_21,7.576437519906292,4.940173283499543,
N1400,7,CS_49,7.815411871547666,5.157458649637602,
N1401,1,CS_64,2.7032701434255544,1.7930487205767152,
N1401,2,CS_27,3.3908108801184116,2.251409211705287,
N1401,3,CS_66,3.5099661512443654,2.3308460591225892,
N1401,4,CS_29,3.8735041603775597,2.5732047318780524,
N1401,5,CS_35,4.954523859885656,3.2938845315501166,
N1401,6,CS_49,5.41042615791233,3.597819396901232,
N1401,7,CS_1,5.724365092556316,3.7887020767058854,
N1402,1,CS_64,1.9433088785184962,1.2864078773053431,
N1402,2,CS_27,2.630849615211353,1.7447683684339146,
N1402,3,CS_66,2.7500048863373068,1.8242052158512172,
N1402,4,CS_29,3.113542895470502,2.0665638886066806,
N1402,5,CS_35,4.194562594978598,2.787243688278745,
N1402,6,CS_49,4.650464893005272,3.0911785536298604,
N1402,7,CS_1,4.964403827649258,3.2820612334345136,
N1403,1,CS_36,0.9657462173135176,0.581898169123855,
N1403,2,,2.0317864918640574,1.3210645989721945,
N1403,3,CS_22,2.0759026291024805,1.350475357131143,
N1403,4,CS_38,3.5081012455077416,2.3166876286984026,
N1403,5,CS_49,3.7443028007393306,2.474155332186128,
N1403,6,CS_8,4.372812712768039,2.840346008811093,
N1403,7,CS_68,5.0774531238534815,3.307208338947277,
N1404,1,CS_36,1.1593359814369104,0.7109580118727835,
N1404,2,,2.22537625598745,1.450124441721123,
N1404,3,CS_22,2.269492393225873,1.4795351998800714,
N1404,4,CS_38,3.7016910096311344,2.445747471447331,
N1404,5,CS_49,3.937892564862723,2.6032151749350567,
N1404,6,CS_8,4.566402476891432,2.9694058515600212,
N1404,7,CS_68,5.271042887976875,3.4362681816962057,
N1405,1,CS_68,1.011346817925514,0.6742312119503427,
N1405,2,CS_36,4.524782218852703,2.920921496475118,
N1405,3,CS_49,5.14373403733169,3.3734421495728406,
N1405,4,,5.590822493403244,3.6600879263234574,
N1405,5,CS_22,5.634938630641667,3.6894986844824063,
N1405,6,CS_38,7.067137247046928,4.655710956049665,
N1405,7,CS_8,7.9318487143072245,5.179369336162355,
N1406,1,CS_68,0.7442541028260764,0.49616940188405095,
N1406,2,CS_36,4.791874933952141,3.0989833065414096,
N1406,3,CS_49,5.410826752431128,3.5515039596391325,
N1406,4,,5.857915208502681,3.838149736389749,
N1406,5,CS_22,5.902031345741104,3.867560494548698,
N1406,6,CS_38,7.334229962146365,4.833772766115957,
N1406,7,CS_8,8.198941429406663,5.357431146228647,
N1407,1,CS_36,0.2535208295008811,0.16901388633392075,
N1407,2,,2.236941575287912,1.4399950821164578,
N1407,3,CS_22,2.2810577125263345,1.4694058402754062,
N1407,4,CS_38,3.713256328931596,2.4356181118426656,
N1407,5,CS_49,3.9494578841631847,2.5930858153303915,
N1407,6,CS_8,4.577967796191893,2.959276491955356,
N1407,7,CS_68,5.2826082072773355,3.4261388220915405,
N1408,1,CS_36,0.4927019504884631,0.32846796699230874,
N1408,2,,2.476122696275494,1.599449162774846,
N1408,3,CS_22,2.5202388335139165,1.6288599209337944,
N1408,4,CS_38,3.952437449919178,2.5950721925010543,
N1408,5,CS_49,4.188639005150767,2.7525398959887797,
N1408,6,CS_8,4.817148917179476,3.1187305726137438,
N1408,7,CS_68,5.521789328264918,3.5855929027499287,
N1409,1,CS_36,2.032608564883954,1.2942649545971585,
N1409,2,CS_49,2.651560383362941,1.746785607694881,
N1409,3,,3.0986488394344938,2.033431384445498,
N1409,4,CS_22,3.1427649766729164,2.0628421426044463,
N1409,5,CS_68,3.7135319394017774,2.422633532093528,
N1409,6,CS_38,4.574963593078178,3.029054414171706,
N1409,7,CS_8,5.439675060338476,3.5527127942843957,
N1410,1,CS_36,2.4346563833936115,1.5622968336035967,
N1410,2,CS_49,3.0536082018725983,2.014817486701319,
N1410,3,,3.500696657944151,2.3014632634519363,
N1410,4,CS_22,3.5448127951825743,2.330874021610885,
N1410,5,CS_68,4.115579757911435,2.6906654110999666,
N1410,6,CS_38,4.977011411587835,3.297086293178144,
N1410,7,CS_8,5.841722878848134,3.8207446732908337,
N1411,1,CS_49,0.8129378911410414,0.5404000696803651,
N1411,2,CS_66,3.0577067094583708,2.0369126152252512,
N1411,3,CS_27,3.5834783562731594,2.3874270464351106,
N1411,4,CS_64,3.5900482941467806,2.391807005017524,
N1411,5,CS_1,3.745245758304549,2.4768620378313666,
N1411,6,CS_36,4.216788497370849,2.769747699721838,
N1411,7,CS_29,5.027360275004247,3.350014992255835,
N1412,1,CS_49,1.1880642185576369,0.7904842879580954,
N1412,2,CS_66,3.432833036874966,2.2869968335029816,
N1412,3,CS_27,3.9586046836897553,2.6375112647128414,
N1412,4,CS_64,3.965174621563376,2.6418912232952545,
N1412,5,CS_1,4.1203720857211446,2.726946256109097,
N1412,6,CS_36,4.591914824787444,3.0198319179995683,
N1412,7,CS_29,5.402486602420842,3.6000992105335654,
N1413,1,CS_39,1.1430273379920495,0.762018225328033,
N1413,2,CS_75,1.3585220676503118,0.8830847186581229,
N1413,3,CS_65,1.6239182450338623,1.06001550358049,
N1413,4,CS_63,3.499606861247708,2.2887915703606905,
N1413,5,CS_27,3.9051471325067317,2.539076082072619,
N1413,6,CS_66,5.330788038394307,3.4895033526643355,
N1413,7,CS_64,5.430013760257053,3.555653833906166,
N1414,1,CS_39,0.8308971336159253,0.5539314224106169,
N1414,2,CS_75,1.0463918632741878,0.6749979157407069,
N1414,3,CS_65,1.3117880406577385,0.8519287006630738,
N1414,4,CS_63,3.1874766568715835,2.0807047674432746,
N1414,5,CS_27,3.593016928130608,2.3309892791552027,
N1414,6,CS_66,5.0186578340181836,3.2814165497469197,
N1414,7,CS_64,5.117883555880929,3.3475670309887495,
N1415,1,CS_75,0.8809769658675239,0.587317977245016,
N1415,2,CS_65,1.1463731432510746,0.764248762167383,
N1415,3,CS_39,1.1852054110438834,0.7675402809205039,
N1415,4,CS_63,1.5172368553151427,0.9898082261810657,
N1415,5,CS_27,1.922777126574167,1.2400927378929936,
N1415,6,CS_66,3.3484180324617427,2.1905200084847105,
N1415,7,CS_64,3.447643754324488,2.256670489726541,
N1416,1,CS_75,0.5848736826903158,0.3899157884602106,
N1416,2,CS_65,0.8502698600738664,0.5668465733825776,
N1416,3,CS_39,0.8891021278666752,0.5701380921356984,
N1416,4,CS_63,1.8133401384923509,1.187210414965871,
N1416,5,CS_27,2.218880409751375,1.4374949266777992,
N1416,6,CS_66,3.644521315638951,2.387922197269516,
N1416,7,CS_64,3.7437470375016964,2.4540726785113463,
N1417,1,CS_75,1.130331588868029,0.7318713818829898,
N1417,2,CS_63,1.267882232314638,0.8452548215430918,
N1417,3,CS_65,1.3957277662515795,0.9088021668053567,
N1417,4,CS_39,1.4345600340443885,0.9120936855584776,
N1417,5,CS_27,1.6734225035736623,1.0955393332550198,
N1417,6,CS_66,3.099063409461238,2.0459666038467366,
N1417,7,CS_64,3.198289131323983,2.1121170850885673,
N1418,1,CS_63,1.0288189483541568,0.6858792989027711,
N1418,2,CS_75,1.36939487282851,0.8912469045233107,
N1418,3,CS_65,1.6347910502120606,1.0681776894456776,
N1418,4,CS_39,1.6736233180048694,1.0714692081987984,
N1418,5,CS_27,1.9124857875341432,1.2549148558953405,
N1418,6,CS_66,3.3381266934217186,2.205342126487057,
N1418,7,CS_64,3.437352415284464,2.2714926077288875,
N1419,1,CS_29,0.328757948282753,0.2007616800529053,
N1419,2,CS_35,1.4097776477908492,0.9214414797249695,
N1419,3,CS_64,3.676507615686351,2.4325947916553043,
N1419,4,CS_57,3.7385178300460913,2.4739349345617976,
N1419,5,CS_56,3.8207699366679053,2.5287696723096733,
N1419,6,CS_66,3.8238716114354268,2.530837455488021,
N1419,7,CS_49,4.804121431786925,3.1843373357223532,
N1420,1,CS_29,0.5010807871979673,0.31564357266304816,
N1420,2,CS_35,1.5821004867060635,1.0363233723351124,
N1420,3,CS_64,3.8488304546015657,2.547476684265447,
N1420,4,CS_57,3.9108406689613053,2.5888168271719407,
N1420,5,CS_56,3.9930927755831194,2.6436515649198165,
N1420,6,CS_66,3.996194450350641,2.6457193480981642,
N1420,7,CS_49,4.976444270702139,3.299219228332496,
N1421,1,CS_136,2.8576131286569595,1.853812056367242,
N1421,2,CS_67,2.858929662976951,1.854689745913903,
N1421,3,CS_40,3.4500081138784173,2.244152951587901,
N1421,4,CS_64,5.059139358114255,3.3386811052350875,
N1421,5,CS_57,5.176697091194453,3.4170529272885526,
N1421,6,CS_29,5.223793141817952,3.4484502943708857,
N1421,7,CS_56,5.258949197816267,3.4718876650364283,
N1422,1,CS_136,2.651681141467665,1.7165240649077118,
N1422,2,CS_67,2.6529976757876566,1.717401754454373,
N1422,3,CS_40,3.2440761266891225,2.106864960128371,
N1422,4,CS_64,5.26507134530355,3.4759690966946177,
N1422,5,CS_57,5.382629078383748,3.5543409187480832,
N1422,6,CS_29,5.429725129007247,3.585738285830416,
N1422,7,CS_56,5.464881185005562,3.609175656495959,
N1423,1,CS_136,2.9641203974798636,1.9155554006124036,
N1423,2,CS_67,2.965436931799855,1.9164330901590645,
N1423,3,CS_40,3.556515382701321,2.3058962958330627,
N1423,4,CS_64,4.952632089291351,3.276937760989926,
N1423,5,CS_57,5.070189822371549,3.3553095830433914,
N1423,6,CS_29,5.117285872995048,3.3867069501257245,
N1423,7,CS_56,5.152441928993363,3.410144320791267,
N1424,1,CS_136,3.1723713888819534,2.054389394880464,
N1424,2,CS_67,3.173687923201945,2.055267084427125,
N1424,3,CS_40,3.7647663741034116,2.444730290101123,
N1424,4,CS_64,4.744381097889261,3.1381037667218656,
N1424,5,CS_57,4.861938830969458,3.216475588775331,
N1424,6,CS_29,4.909034881592957,3.247872955857664,
N1424,7,CS_56,4.944190937591272,3.271310326523207,
N1425,1,CS_36,1.927602831130197,1.2333920654645456,
N1425,2,CS_49,2.5465546496091838,1.6859127185622682,
N1425,3,,2.9936431056807367,1.9725584953128852,
N1425,4,CS_22,3.0377592429191598,2.0019692534718336,
N1425,5,CS_68,3.6085262056480203,2.3617606429609155,
N1425,6,CS_38,4.4699578593244205,2.9681815250390935,
N1425,7,CS_8,5.334669326584719,3.491839905151783,
N1426,1,CS_36,2.2172853630321754,1.4265137533991978,
N1426,2,CS_49,2.8362371815111618,1.8790344064969207,
N1426,3,,3.283325637582715,2.165680183247537,
N1426,4,CS_68,3.3188436737460423,2.1686389550262626,
N1426,5,CS_22,3.3274417748211382,2.195090941406486,
N1426,6,CS_38,4.759640391226399,3.1613032129737455,
N1426,7,CS_8,5.624351858486697,3.684961593086435,
N1427,1,CS_24,7.233177689432135,4.781127466436063,
N1427,2,CS_32,8.166213431860625,5.403151294721723,
N1427,3,CS_69,8.468491070525864,5.604669720498551,
N1427,4,CS_99,9.825830202747955,6.5095624753132775,
N1427,5,CS_102,10.408643485865129,6.865512055498294,
N1427,6,CS_105,12.594099467104996,8.295176935188062,
N1427,7,CS_33,12.660037735419296,8.314969936422392,
N1428,1,CS_24,6.761987984329466,4.4670009963676165,
N1428,2,CS_32,7.695023726757956,5.089024824653277,
N1428,3,CS_69,7.997301365423195,5.290543250430105,
N1428,4,CS_99,9.354640497645287,6.195436005244831,
N1428,5,CS_102,9.93745378076246,6.5513855854298475,
N1428,6,CS_105,12.122909762002328,7.9810504651196155,
N1428,7,CS_33,12.188848030316628,8.000843466353945,
N1429,1,CS_24,1.9742129454489656,1.2683335482987719,
N1429,2,CS_32,6.3849804094984925,4.208845190998456,
N1429,3,CS_69,6.6872580481637325,4.410363616775284,
N1429,4,CS_99,8.044597180385825,5.315256371590011,
N1429,5,CS_102,8.627410463502997,5.671205951775026,
N1429,6,CS_6,9.234774296232478,6.048370083278493,
N1429,7,CS_12,10.20213514906032,6.693287979651194,
N1430,1,CS_24,2.313707990458471,1.4946635783051083,
N1430,2,CS_32,6.724475454507998,4.435175221004794,
N1430,3,CS_69,7.026753093173237,4.636693646781621,
N1430,4,CS_99,8.38409222539533,5.541586401596348,
N1430,5,CS_102,8.966905508512502,5.897535981781364,
N1430,6,CS_6,9.574269341241983,6.27470011328483,
N1430,7,CS_12,10.541630194069826,6.91961800965753,
N1431,1,CS_12,3.5991288072147625,2.3306086106047483,
N1431,2,CS_6,4.286477494202852,2.788830407442673,
N1431,3,CS_30,5.309712911521832,3.5313250511979444,
N1431,4,CS_24,5.407801239697319,3.5967172699816023,
N1431,5,CS_28,8.165854300431636,5.41701370898322,
N1431,6,CS_44,8.780844344386324,5.845412673107605,
N1431,7,CS_32,8.86762447458338,5.903266093238975,
N1432,1,CS_12,3.8075191088340596,2.4695354783509464,
N1432,2,CS_6,4.494867795822148,2.9277572751888705,
N1432,3,CS_30,5.518103213141128,3.6702519189441425,
N1432,4,CS_24,5.616191541316616,3.7356441377278005,
N1432,5,CS_28,8.374244602050933,5.5559405767294185,
N1432,6,CS_44,8.98923464600562,5.984339540853803,
N1432,7,CS_32,9.076014776202678,6.042192960985173,
N1433,1,CS_3,4.574044262706682,3.007584366041181,
N1433,2,CS_46,4.819419524988311,3.187795898300066,
N1433,3,CS_45,5.3735771848419365,3.5572343382024827,
N1433,4,CS_70,5.538628434799601,3.6625970095444744,
N1433,5,CS_54,6.217844206232428,4.093392236734779,
N1433,6,CS_42,6.4661699908218875,4.238865831861178,
N1433,7,CS_52,6.527026305125753,4.2825235287801515,
N1434,1,CS_3,4.4541137109207085,2.9276306648505317,
N1434,2,CS_46,4.699488973202338,3.1078421971094166,
N1434,3,CS_45,5.253646633055963,3.477280637011834,
N1434,4,CS_70,5.418697883013627,3.582643308353826,
N1434,5,CS_54,6.0979136544464545,4.01343853554413,
N1434,6,CS_42,6.346239439035914,4.158912130670529,
N1434,7,CS_52,6.40709575333978,4.202569827589503,
N1435,1,CS_73,3.620245379776112,2.3599570951289315,
N1435,2,CS_74,4.128941428700331,2.7509596952338695,
N1435,3,CS_37,4.54939335374741,2.949366447582341,
N1435,4,CS_54,4.6360864852042365,3.0623696171751074,
N1435,5,CS_45,4.933484139688264,3.2873215025591573,
N1435,6,CS_52,4.9452685840975645,3.2515009092204807,
N1435,7,CS_53,5.028690150531749,3.3071152868432705,
N1436,1,CS_73,3.948995270690308,2.5791236890717286,
N1436,2,CS_74,4.457691319614527,2.970126289176666,
N1436,3,CS_37,4.878143244661606,3.168533041525138,
N1436,4,CS_54,4.964836376118434,3.281536211117905,
N1436,5,CS_45,5.2622340306024595,3.506488096501954,
N1436,6,CS_52,5.27401847501176,3.470667503163278,
N1436,7,CS_53,5.357440041445944,3.5262818807860676,
N1437,1,CS_55,5.091920518575404,3.4237087951683174,
N1437,2,CS_15,5.545073048541285,3.725810481812238,
N1437,3,CS_57,5.818879141835199,3.9083478773415137,
N1437,4,CS_56,5.901131248457013,3.9631826150893894,
N1437,5,CS_43,6.20224297084958,4.163923763351102,
N1437,6,CS_157,6.294678915032048,4.225547726139412,
N1437,7,CS_41,7.063724806001393,4.6879358229368036,
N1438,1,CS_55,4.705444889396293,3.1338556964477178,
N1438,2,CS_15,5.158597419362174,3.4359573830916386,
N1438,3,CS_57,5.432403512656087,3.618494778620914,
N1438,4,CS_56,5.514655619277901,3.67332951636879,
N1438,5,CS_43,5.815767341670469,3.874070664630502,
N1438,6,CS_157,5.908203285852936,3.9356946274188127,
N1438,7,CS_41,6.677249176822282,4.398082724216204,
N1439,1,CS_24,3.047314716446288,2.013975131932071,
N1439,2,CS_6,6.716734846645455,4.3999175198555625,
N1439,3,CS_32,7.38800400100815,4.907767988306645,
N1439,4,CS_12,7.684095699473299,5.0448354162282625,
N1439,5,CS_69,7.690281639673389,5.109286414083472,
N1439,6,CS_99,9.047620771895481,6.014179168898199,
N1439,7,CS_30,9.39467980378037,6.245551856821458,
N1440,1,CS_24,3.4008681181806475,2.2496773997549777,
N1440,2,CS_6,7.070288248379815,4.635619787678468,
N1440,3,CS_32,7.74155740274251,5.143470256129551,
N1440,4,CS_12,8.03764910120766,5.280537684051169,
N1440,5,CS_69,8.04383504140775,5.344988681906379,
N1440,6,CS_99,9.40117417362984,6.249881436721106,
N1440,7,CS_30,9.74823320551473,6.481254124644365,
N1441,1,CS_12,4.004159632336062,2.565409088935937,
N1441,2,CS_6,4.691508319324151,3.0236308857738607,
N1441,3,CS_30,5.714743736643131,3.7661255295291323,
N1441,4,CS_24,5.812832064818618,3.8315177483127902,
N1441,5,CS_28,8.570885125552936,5.651814187314409,
N1441,6,CS_44,9.185875169507623,6.080213151438794,
N1441,7,CS_32,9.27265529970468,6.138066571570163,
N1442,1,CS_12,4.273020963753269,2.7446499765474077,
N1442,2,CS_6,4.960369650741359,3.2028717733853327,
N1442,3,CS_30,5.9836050680603385,3.9453664171406038,
N1442,4,CS_24,6.081693396235826,4.010758635924262,
N1442,5,CS_28,8.839746456970143,5.831055074925881,
N1442,6,CS_44,9.454736500924831,6.259454039050265,
N1442,7,CS_32,9.541516631121887,6.317307459181635,
N1443,1,CS_60,2.962096140483953,1.9569230005411218,
N1443,2,CS_59,2.9946792124103383,1.978645048492045,
N1443,3,CS_10,3.0472302851351576,2.013679096975258,
N1443,4,CS_62,5.024533626253932,3.331881324387774,
N1443,5,CS_20,6.099332064138865,4.048413616311063,
N1443,6,CS_11,6.893968838300902,4.495782615210665,
N1443,7,CS_61,8.86031670869747,5.806681195475044,
N1444,1,CS_60,2.5214802245965835,1.6631790566162086,
N1444,2,CS_59,2.5540632965229686,1.6849011045671318,
N1444,3,CS_10,2.606614369247788,1.7199351530503444,
N1444,4,CS_62,4.5839177103665625,3.0381373804628606,
N1444,5,CS_20,5.658716148251495,3.7546696723861492,
N1444,6,CS_11,6.453352922413531,4.202038671285751,
N1444,7,CS_61,8.419700792810099,5.512937251550131,
N1445,1,CS_12,2.647674661339802,1.6900653662788458,
N1445,2,CS_30,2.7559877207252588,1.8226011102576334,
N1445,3,CS_28,5.612129109635064,3.7082897680429103,
N1445,4,CS_44,6.227119153589751,4.136688732167295,
N1445,5,CS_6,6.98373373441246,4.580760753839813,
N1445,6,CS_24,8.105057479906925,5.388647616378744,
N1445,7,CS_34,9.381354785847874,6.239512487006043,
N1446,1,CS_12,2.835168773742622,1.8150614412140595,
N1446,2,CS_30,2.9434818331280788,1.9475971851928469,
N1446,3,CS_28,5.7996232220378845,3.833285842978124,
N1446,4,CS_44,6.414613265992571,4.261684807102509,
N1446,5,CS_6,7.17122784681528,4.705756828775026,
N1446,6,CS_24,8.292551592309744,5.513643691313958,
N1446,7,CS_34,9.568848898250694,6.364508561941256,
N1447,1,CS_25,2.63650763135535,1.7576717542369003,
N1447,2,CS_26,3.8407500223917417,2.5019391113438902,
N1447,3,CS_19,9.282068567229748,6.0720111389414235,
N1447,4,CS_2,10.100843342353501,6.617860989023924,
N1447,5,CS_14,11.066776377945269,7.2618163460851015,
N1447,6,CS_16,11.746881608580601,7.715219833175325,
N1447,7,CS_13,12.193498675469192,7.973481805853313,
N1448,1,CS_25,2.351592571680547,1.5677283811203648,
N1448,2,CS_26,3.555834962716939,2.3119957382273544,
N1448,3,CS_19,8.997153507554946,5.882067765824887,
N1448,4,CS_2,9.815928282678698,6.427917615907389,
N1448,5,CS_14,10.781861318270467,7.071872972968567,
N1448,6,CS_16,11.4619665489058,7.525276460058789,
N1448,7,CS_13,11.90858361579439,7.783538432736777,
N1449,1,CS_26,1.5886835342096977,1.0431505235662368,
N1449,2,CS_25,2.953388398462627,1.9263365279647084,
N1449,3,CS_19,7.030002079047705,4.613222551163769,
N1449,4,CS_2,7.848776854171456,5.159072401246271,
N1449,5,CS_14,8.814709889763225,5.803027758307449,
N1449,6,CS_16,9.494815120398558,6.256431245397671,
N1449,7,CS_13,9.941432187287148,6.514693218075659,
N1450,1,CS_26,1.3366877353353475,0.8751533243166699,
N1450,2,CS_25,3.205384197336977,2.0943337272142752,
N1450,3,CS_19,6.778006280173354,4.445225351914203,
N1450,4,CS_2,7.596781055297107,4.991075201996704,
N1450,5,CS_14,8.562714090888875,5.635030559057881,
N1450,6,CS_16,9.242819321524207,6.088434046148104,
N1450,7,CS_13,9.689436388412798,6.346696018826092,
N1451,1,CS_4,1.5771168782675566,0.9934663549324516,
N1451,2,CS_58,2.237063287866005,1.424370423811432,
N1451,3,CS_16,6.9597027205353985,4.548967233355368,
N1451,4,CS_13,7.406319787423988,4.807229206033356,
N1451,5,CS_19,12.003786904123878,7.911690022414355,
N1451,6,CS_24,13.560050692416164,8.949199214609212,
N1451,7,CS_71,15.515686703939098,10.140994743380041,
N1452,1,CS_4,1.7181830359449743,1.08751046005073,
N1452,2,CS_58,2.095997130188587,1.3303263186931535,
N1452,3,CS_16,6.818636562857981,4.45492312823709,
N1452,4,CS_13,7.265253629746571,4.713185100915078,
N1452,5,CS_19,11.862720746446461,7.817645917296078,
N1452,6,CS_24,13.41898453473875,8.855155109490934,
N1452,7,CS_71,15.374620546261681,10.046950638261762,
N1455,1,CS_4,3.6425425325711016,2.302014023127468,
N1455,2,CS_58,5.342652638477077,3.387447432043369,
N1455,3,CS_16,10.065292071146471,6.512044241587306,
N1455,4,CS_13,10.511909138035062,6.770306214265294,
N1455,5,CS_19,15.10937625473495,9.874767030646295,
N1455,6,CS_24,16.66564004302724,10.91227622284115,
N1455,7,CS_71,18.621276054550172,12.10407175161198,
N1456,1,CS_4,2.7984617129558447,1.739293476717297,
N1456,2,CS_58,4.498571818861819,2.8247268856331975,
N1456,3,CS_16,9.221211251531214,5.949323695177134,
N1456,4,CS_13,9.667828318419804,6.207585667855122,
N1456,5,CS_19,14.265295435119693,9.312046484236122,
N1456,6,CS_24,15.82155922341198,10.349555676430978,
N1456,7,CS_71,17.77719523493491,11.541351205201806,
N1457,1,CS_55,5.768515306442105,3.8222332329850977,
N1457,2,CS_15,6.221667836407987,4.124334919629018,
N1457,3,CS_57,6.495473929701901,4.306872315158294,
N1457,4,CS_56,6.577726036323715,4.361707052906171,
N1457,5,CS_43,6.878837758716282,4.562448201167882,
N1457,6,CS_157,6.971273702898749,4.624072163956193,
N1457,7,CS_41,7.740319593868095,5.086460260753585,
N1458,1,CS_55,5.470596427720497,3.6236206471706924,
N1458,2,CS_15,5.923748957686378,3.925722333814613,
N1458,3,CS_57,6.1975550509802915,4.108259729343889,
N1458,4,CS_56,6.2798071576021055,4.1630944670917645,
N1458,5,CS_43,6.580918879994673,4.3638356153534765,
N1458,6,CS_157,6.6733548241771405,4.425459578141787,
N1458,7,CS_41,7.442400715146486,4.887847674939179,
N1459,1,CS_55,3.0818245099524653,2.0510137504951125,
N1459,2,CS_15,3.534977039918346,2.353115437139034,
N1459,3,CS_57,3.80878313321226,2.5356528326683097,
N1459,4,CS_56,3.891035239834074,2.5904875704161854,
N1459,5,CS_43,4.192146962226641,2.7912287186778966,
N1459,6,CS_157,4.284582906409109,2.852852681466208,
N1459,7,CS_41,5.053628797378454,3.3152407782635995,
N1460,1,CS_55,3.4131913517645494,2.2719249783698356,
N1460,2,CS_15,3.866343881730431,2.574026665013757,
N1460,3,CS_57,4.140149975024345,2.7565640605430324,
N1460,4,CS_56,4.222402081646159,2.811398798290908,
N1460,5,CS_43,4.523513804038726,3.0121399465526193,
N1460,6,CS_157,4.615949748221192,3.0737639093409306,
N1460,7,CS_41,5.38499563919054,3.5361520061383223,
N1461,1,CS_107,4.180897504120944,2.7340006324699826,
N1461,2,CS_100,4.729653327119407,3.099837847802292,
N1461,3,CS_101,4.954748010680037,3.249900970176045,
N1461,4,CS_148,5.472968016079789,3.595380973775879,
N1461,5,CS_106,6.84123195312172,4.507556931803833,
N1461,6,CS_153,7.0080369491320145,4.618760262477363,
N1461,7,CS_108,7.091858087381029,4.67464102131004,
N1462,1,CS_107,12.990555058745402,9.34966443788864,
N1462,2,CS_100,13.539310881743868,9.715501653220949,
N1462,3,CS_101,13.764405565304497,9.865564775594702,
N1462,4,CS_148,14.282625570704248,10.211044779194536,
N1462,5,CS_106,15.650889507746179,11.12322073722249,
N1462,6,CS_153,15.817694503756474,11.23442406789602,
N1462,7,CS_108,15.901515642005489,11.290304826728697,
N1463,1,CS_107,13.27980891443291,9.542500341680311,
N1463,2,CS_100,13.828564737431376,9.90833755701262,
N1463,3,CS_101,14.053659420992005,10.058400679386374,
N1463,4,CS_148,14.571879426391757,10.403880682986207,
N1463,5,CS_106,15.940143363433688,11.31605664101416,
N1463,6,CS_153,16.106948359443983,11.427259971687691,
N1463,7,CS_108,16.190769497692997,11.483140730520368,
N1464,1,CS_107,10.978991453663287,8.485488643637419,
N1464,2,CS_100,11.527747276661753,8.851325858969728,
N1464,3,CS_101,11.752841960222382,9.001388981343482,
N1464,4,CS_148,12.271061965622133,9.346868984943315,
N1464,5,CS_106,13.639325902664066,10.259044942971268,
N1464,6,CS_153,13.80613089867436,10.3702482736448,
N1464,7,CS_108,13.889952036923374,10.426129032477476,
N1465,1,CS_107,11.91760232899046,9.424099518964592,
N1465,2,CS_100,12.466358151988926,9.789936734296901,
N1465,3,CS_101,12.691452835549555,9.939999856670655,
N1465,4,CS_148,13.209672840949306,10.285479860270488,
N1465,5,CS_106,14.577936777991237,11.197655818298442,
N1465,6,CS_153,14.744741774001533,11.308859148971973,
N1465,7,CS_108,14.828562912250547,11.36473990780465,
N1466,1,CS_107,27.91513275083867,20.583076053990087,
N1466,2,CS_100,28.46388857383713,20.948913269322397,
N1466,3,CS_101,28.688983257397762,21.098976391696148,
N1466,4,CS_148,29.207203262797517,21.444456395295983,
N1466,5,CS_106,30.575467199839448,22.35663235332394,
N1466,6,CS_153,30.742272195849743,22.467835683997468,
N1466,7,CS_108,30.82609333409876,22.523716442830143,
N1467,1,CS_107,28.64238647792912,21.31032978108054,
N1467,2,CS_100,29.19114230092758,21.67616699641285,
N1467,3,CS_101,29.41623698448821,21.8262301187866,
N1467,4,CS_148,29.934456989887966,22.171710122386436,
N1467,5,CS_106,31.302720926929897,23.08388608041439,
N1467,6,CS_153,31.469525922940193,23.19508941108792,
N1467,7,CS_108,31.55334706118921,23.250970169920596,
N1468,1,CS_107,30.457697804223518,22.37818827770201,
N1468,2,CS_100,31.00645362722198,22.744025493034318,
N1468,3,CS_101,31.23154831078261,22.89408861540807,
N1468,4,CS_148,31.749768316182365,23.239568619007905,
N1468,5,CS_106,33.11803225322429,24.15174457703586,
N1468,6,CS_153,33.28483724923459,24.26294790770939,
N1468,7,CS_108,33.368658387483606,24.318828666542064,
N1472,1,CS_107,4.8493728839066454,3.191371379013922,
N1472,2,CS_100,5.3981287069051085,3.5572085943462315,
N1472,3,CS_101,5.623223390465738,3.7072717167199847,
N1472,4,CS_148,6.141443395865491,4.052751720319819,
N1472,5,CS_106,7.509707332907422,4.964927678347773,
N1472,6,CS_153,7.676512328917717,5.076131009021303,
N1472,7,CS_108,7.760333467166731,5.13201176785398,
N1473,1,CS_107,3.423108407963774,2.2647527179192233,
N1473,2,CS_100,3.971864230962237,2.630589933251532,
N1473,3,CS_101,4.196958914522867,2.7806530556252853,
N1473,4,CS_148,4.715178919922619,3.1261330592251193,
N1473,5,CS_106,6.08344285696455,4.038309017253074,
N1473,6,CS_153,6.250247852974844,4.149512347926604,
N1473,7,CS_108,6.334068991223859,4.2053931067592805,
N1474,1,CS_77,2.6916437531055704,1.7944291687370468,
N1474,2,CS_76,7.648888652480301,5.0992591016535345,
N1474,3,CS_114,9.680048958905882,6.453365972603923,
N1474,4,CS_83,10.158143104895418,6.772095403263612,
N1474,5,CS_115,11.274812513412254,7.516541675608171,
N1474,6,CS_112,11.621098336261912,7.747398890841277,
N1474,7,CS_156,11.99022098839313,7.993480658928755,
N1475,1,CS_77,3.9417755695515155,2.62785037970101,
N1475,2,CS_76,8.899020468926247,5.932680312617497,
N1475,3,CS_114,10.930180775351829,7.286787183567886,
N1475,4,CS_83,11.408274921341363,7.605516614227574,
N1475,5,CS_115,12.524944329858199,8.349962886572133,
N1475,6,CS_112,12.871230152707858,8.58082010180524,
N1475,7,CS_156,13.240352804839077,8.826901869892717,
N1476,1,CS_77,6.242546328552347,4.675845954523389,
N1476,2,CS_76,11.199791227927077,7.980675887439875,
N1476,3,CS_114,13.23095153435266,9.334782758390261,
N1476,4,CS_83,13.709045680342193,9.653512189049952,
N1476,5,CS_143,13.795528965648272,10.789019385214985,
N1476,6,CS_115,14.82571508885903,10.397958461394511,
N1476,7,CS_112,15.172000911708688,10.62881567662762,
N1477,1,CS_78,8.689860369799908,6.380201016654538,
N1477,2,CS_79,9.010833296043833,6.594182967483821,
N1477,3,CS_145,14.039998965588225,9.946960080513415,
N1477,4,CS_80,15.080281601912798,10.640481838063133,
N1477,5,CS_89,15.17268342395808,10.702083052759985,
N1477,6,CS_119,15.57211389682094,10.968370034668556,
N1477,7,CS_95,16.270896916667596,11.434225381232995,
N1478,1,CS_77,0.8238263166713005,0.5492175444475337,
N1478,2,CS_76,5.781071216046032,3.8540474773640203,
N1478,3,CS_114,7.812231522471613,5.20815434831441,
N1478,4,CS_83,8.290325668461147,5.526883778974098,
N1478,5,CS_115,9.406995076977985,6.271330051318658,
N1478,6,CS_112,9.753280899827644,6.502187266551763,
N1478,7,CS_156,10.122403551958861,6.748269034639241,
N1479,1,CS_77,5.206918290062635,3.5283214539462318,
N1479,2,CS_76,10.164163189437366,6.833151386862718,
N1479,3,CS_114,12.195323495862947,8.187258257813106,
N1479,4,CS_83,12.673417641852481,8.505987688472796,
N1479,5,CS_115,13.790087050369317,9.250433960817354,
N1479,6,CS_112,14.136372873218976,9.481291176050462,
N1479,7,CS_156,14.505495525350195,9.72737294413794,
N1480,1,CS_77,8.052782434446863,5.368521622964576,
N1480,2,CS_76,13.010027333821592,8.673351555881062,
N1480,3,CS_114,15.041187640247173,10.02745842683145,
N1480,4,CS_83,15.519281786236707,10.34618785749114,
N1480,5,CS_115,16.63595119475354,11.0906341298357,
N1480,6,CS_112,16.982237017603207,11.321491345068807,
N1480,7,CS_156,17.351359669734425,11.567573113156284,
N1481,1,CS_77,6.0282317596934885,4.018821173128993,
N1481,2,CS_76,10.985476659068219,7.323651106045479,
N1481,3,CS_114,13.016636965493799,8.677757976995867,
N1481,4,CS_83,13.494731111483334,8.996487407655556,
N1481,5,CS_115,14.61140052000017,9.740933680000115,
N1481,6,CS_112,14.95768634284983,9.971790895233223,
N1481,7,CS_156,15.326808994981047,10.217872663320701,
N1482,1,CS_77,5.9415911708595175,4.454728846205126,
N1482,2,CS_143,9.27143377286607,6.948016248448284,
N1482,3,CS_76,10.898836070234248,7.759558779121613,
N1482,4,CS_114,12.92999637665983,9.113665650071999,
N1482,5,CS_83,13.408090522649363,9.43239508073169,
N1482,6,CS_115,14.5247599311662,10.176841353076249,
N1482,7,CS_112,14.871045754015858,10.407698568309357,
N1483,1,CS_77,7.13469896054232,4.756465973694881,
N1483,2,CS_76,12.09194385991705,8.061295906611367,
N1483,3,CS_114,14.123104166342632,9.415402777561754,
N1483,4,CS_83,14.601198312332166,9.734132208221444,
N1483,5,CS_115,15.717867720849002,10.478578480566004,
N1483,6,CS_112,16.064153543698662,10.709435695799112,
N1483,7,CS_156,16.43327619582988,10.955517463886588,
N1484,1,CS_78,9.293818739879478,6.984159386734107,
N1484,2,CS_79,9.614791666123404,7.19814133756339,
N1484,3,CS_145,14.643957335667796,10.550918450592984,
N1484,4,CS_80,15.684239971992369,11.244440208142702,
N1484,5,CS_89,15.776641794037651,11.306041422839554,
N1484,6,CS_119,16.17607226690051,11.572328404748125,
N1484,7,CS_95,16.874855286747167,12.038183751312564,
N1485,1,CS_78,9.312893423047038,7.003234069901668,
N1485,2,CS_79,9.633866349290964,7.217216020730952,
N1485,3,CS_145,14.663032018835356,10.569993133760546,
N1485,4,CS_80,15.703314655159929,11.263514891310264,
N1485,5,CS_89,15.795716477205211,11.325116106007115,
N1485,6,CS_119,16.195146950068068,11.591403087915687,
N1485,7,CS_95,16.893929969914726,12.057258434480126,
N1486,1,CS_143,0.5852635243516967,0.39017568290113114,
N1486,2,CS_77,14.111843228274848,10.496651220653234,
N1486,3,CS_76,19.069088127649575,13.801481153569721,
N1486,4,CS_114,21.10024843407516,15.155588024520108,
N1486,5,CS_83,21.578342580064696,15.474317455179799,
N1486,6,CS_115,22.695011988581527,16.218763727524358,
N1486,7,CS_112,23.041297811431193,16.449620942757466,
N1487,1,CS_24,5.501978367267605,3.667985578178403,
N1487,2,CS_32,6.435014109696096,4.290009406464064,
N1487,3,CS_69,6.737291748361336,4.491527832240892,
N1487,4,CS_99,8.094630880583429,5.396420587055618,
N1487,5,CS_102,8.677444163700601,5.752370167240634,
N1487,6,CS_105,10.862900144940468,7.182035046930402,
N1487,7,CS_33,10.928838413254768,7.2018280481647325,
N1488,1,CS_24,9.530436974321262,6.353624649547508,
N1488,2,CS_32,9.663248039796446,6.442165359864297,
N1488,3,CS_69,9.965525678461686,6.643683785641125,
N1488,4,CS_99,11.322864810683777,7.548576540455851,
N1488,5,CS_102,11.905678093800951,7.904526120640868,
N1488,6,CS_105,14.091134075040818,9.334191000330636,
N1488,7,CS_33,14.157072343355118,9.353984001564967,
N1489,1,CS_24,3.491164308914066,2.3274428726093777,
N1489,2,CS_32,5.840936246391786,3.893957497594524,
N1489,3,CS_69,6.143213885057025,4.095475923371351,
N1489,4,CS_99,7.500553017279116,5.000368678186078,
N1489,5,CS_102,8.083366300396289,5.356318258371094,
N1489,6,CS_6,9.80078143053411,6.473516588146787,
N1489,7,CS_105,10.268822281636156,6.785983138060862,
N1490,1,CS_24,3.57713384746235,2.3847558983082333,
N1490,2,CS_6,7.246553977661517,4.770698286231724,
N1490,3,CS_32,7.917823132024211,5.278548754682808,
N1490,4,CS_12,8.21391483048936,5.415616182604425,
N1490,5,CS_69,8.22010077068945,5.480067180459635,
N1490,6,CS_99,9.577439902911543,6.384959935274361,
N1490,7,CS_30,9.924498934796432,6.6163326231976205,
N1491,1,CS_6,4.67564168002192,3.056756754471995,
N1491,2,CS_12,7.633326200784357,5.028557096134423,
N1491,3,CS_24,7.787289093450978,5.191526062300653,
N1491,4,CS_30,9.343910305091429,6.229273536727619,
N1491,5,CS_32,11.247112328337039,7.498074885558026,
N1491,6,CS_69,11.549389967002279,7.699593311334853,
N1491,7,CS_28,12.200051694001234,8.114962194512895,
N1492,1,CS_12,6.977304683660698,4.5912094180519825,
N1492,2,CS_6,7.66465337064879,5.049431214889907,
N1492,3,CS_30,8.687888787967768,5.79192585864518,
N1492,4,CS_24,8.785977116143256,5.857318077428838,
N1492,5,CS_28,11.544030176877573,7.677614516430457,
N1492,6,CS_44,12.15902022083226,8.106013480554841,
N1492,7,CS_32,12.245800351029317,8.163866900686209,
N1493,1,CS_12,4.989634297658425,3.2660958273838,
N1493,2,CS_30,6.700218401965495,4.466812267976996,
N1493,3,CS_6,9.325693370731083,6.156791214944768,
N1493,4,CS_28,9.5563597908753,6.352500925762273,
N1493,5,CS_44,10.171349834829986,6.7808998898866575,
N1493,6,CS_24,10.447017116225547,6.9646780774837,
N1493,7,CS_34,13.325585467088109,8.883723644725404,
N1494,1,CS_30,2.603082521102857,1.7353883474019047,
N1494,2,CS_12,6.7638891727274295,4.4489324107631365,
N1494,3,CS_28,7.6003070668043025,5.048465776381609,
N1494,4,CS_44,8.21529711075899,5.476864740505993,
N1494,5,CS_6,11.099948245800089,7.339627798324105,
N1494,6,CS_34,11.369532743017112,7.579688495344741,
N1494,7,CS_47,11.570527560825802,7.713685040550535,
N1495,1,CS_28,2.687613433322232,1.7733366873935608,
N1495,2,CS_44,2.800562913714483,1.8670419424763218,
N1495,3,CS_34,5.954798545972605,3.9698656973150697,
N1495,4,CS_47,6.155793363781298,4.103862242520864,
N1495,5,CS_30,6.828191224902287,4.552127483268192,
N1495,6,CS_12,8.84791471973522,5.8382827754349975,
N1495,7,CS_42,9.21176733444376,6.094414512634567,
N1496,1,CS_34,3.6310576300236237,2.420705086682416,
N1496,2,CS_47,3.8320524478323152,2.5547016318882103,
N1496,3,CS_44,4.682790109348689,3.1218600728991253,
N1496,4,CS_28,6.475347133481386,4.298492487499663,
N1496,5,CS_42,6.888026418494779,4.545253902001914,
N1496,6,CS_46,9.321173317656028,6.214115545104018,
N1496,7,CS_30,10.615924925061442,7.077283283374295,
N1497,1,CS_34,0.09051198329401196,0.06034132219600797,
N1497,2,CS_47,2.1259514708190537,1.4173009805460357,
N1497,3,CS_44,3.6470063048195738,2.431337536546382,
N1497,4,CS_42,5.181925441481517,3.4078532506597385,
N1497,5,CS_28,5.4395633289522705,3.6079699511469205,
N1497,6,CS_46,7.615072340642764,5.076714893761844,
N1497,7,CS_3,9.194772195085745,6.113220105986031,
N1498,1,CS_47,3.6764728291944238,2.4509818861296155,
N1498,2,CS_34,4.156474345894175,2.7709828972627832,
N1498,3,CS_44,5.878523997703386,3.9190159984689243,
N1498,4,CS_42,6.732446799856887,4.441534156243319,
N1498,5,CS_28,7.671081021836083,5.095648413069462,
N1498,6,CS_46,9.165593699018135,6.110395799345424,
N1498,7,CS_3,10.745293553461112,7.146901011569611,
N1499,1,CS_19,1.8741483747451508,1.2494322498301007,
N1499,2,CS_16,6.164872369209199,4.109914912806132,
N1499,3,CS_13,6.611489436097789,4.36817688548412,
N1499,4,CS_71,7.211959127673568,4.696010939537915,
N1499,5,CS_26,8.591728213524746,5.6703451400553595,
N1499,6,CS_25,10.827776824718296,7.102483310600453,
N1499,7,CS_58,10.989569484054584,7.302550177134064,
N1500,1,CS_42,4.647488318210517,3.0515618351457388,
N1500,2,CS_47,5.277577677715516,3.5183851184770103,
N1500,3,CS_34,6.303360656074295,4.202240437382863,
N1500,4,CS_46,7.080635217371765,4.720423478247843,
N1500,5,CS_44,8.025410307883508,5.350273538589005,
N1500,6,CS_3,8.660335071814744,5.756928690472029,
N1500,7,CS_45,9.610311536301252,6.406874357534168,
N1501,1,CS_14,0.44254390904429025,0.2950292726961935,
N1501,2,CS_26,9.089505767988012,6.0021968430308705,
N1501,3,CS_25,11.325554379181561,7.434335013575964,
N1501,4,CS_19,12.500251145328411,8.333500763552275,
N1501,5,CS_2,13.319025920452162,8.879350613634776,
N1501,6,CS_16,14.965064186679264,9.976709457786177,
N1501,7,CS_13,15.411681253567854,10.234971430464165,
N1502,1,CS_42,4.18359280696138,2.742298160979648,
N1502,2,CS_47,4.813682166466379,3.2091214443109193,
N1502,3,CS_34,5.839465144825159,3.8929767632167724,
N1502,4,CS_46,5.843829085420869,3.895886056947247,
N1502,5,CS_3,7.42352893986385,4.932391269171433,
N1502,6,CS_44,7.561514796634372,5.0410098644229135,
N1502,7,CS_45,8.37350540435036,5.582336936233571,
N1503,1,CS_42,4.515551920909388,2.9636042369449864,
N1503,2,CS_46,4.970511980839313,3.3136746538928747,
N1503,3,CS_47,5.145641280414387,3.430427520276258,
N1503,4,CS_34,6.1714242587731665,4.114282839182111,
N1503,5,CS_3,6.550211835282292,4.3501798661170605,
N1503,6,CS_45,7.500188299768801,5.000125533179199,
N1503,7,CS_70,7.665239549726466,5.105488204521191,
N1504,1,CS_3,5.355860339304538,3.553945535465226,
N1504,2,CS_45,5.457231993780752,3.638154662520501,
N1504,3,CS_70,5.6222832437384165,3.743517333862493,
N1504,4,CS_46,6.1908830037052285,4.127255335803485,
N1504,5,CS_54,6.301499015171244,4.174312561052798,
N1504,6,CS_52,6.610681114064569,4.36344385309817,
N1504,7,CS_53,6.694102680498753,4.41905823072096,
N1505,1,CS_45,2.3136966734077937,1.5424644489385293,
N1505,2,CS_54,3.064376339780557,2.016230777459006,
N1505,3,CS_52,3.373558438673884,2.205362069504379,
N1505,4,CS_53,3.4569800051080684,2.260976447127169,
N1505,5,CS_70,3.9993159933433557,2.661539166932452,
N1505,6,CS_3,6.160637689200671,4.090463768729315,
N1505,7,CS_46,6.99566035360136,4.663773569067574,
N1506,1,CS_45,2.38080662752136,1.5872044183475733,
N1506,2,CS_54,4.56447850726569,3.016298889115762,
N1506,3,CS_52,4.873660606159017,3.2054301811611348,
N1506,4,CS_53,4.957082172593202,3.2610445587839245,
N1506,5,CS_3,5.489430948966726,3.6429926085733517,
N1506,6,CS_70,5.4994181608284896,3.6616072785892078,
N1506,7,CS_46,6.624174652434868,4.41611643495658,
N1507,1,CS_54,3.280694270872934,2.1604427315205905,
N1507,2,CS_52,3.5898763697662606,2.349574023565964,
N1507,3,CS_53,3.673297936200445,2.4051884011887537,
N1507,4,CS_45,4.443921402521449,2.9626142683476324,
N1507,5,CS_70,6.129540722457011,4.081688986341556,
N1507,6,CS_73,7.288863347599833,4.807370330911095,
N1507,7,CS_37,8.21801132157113,5.396779683364505,
N1508,1,CS_74,4.338540552618344,2.892360368412229,
N1508,2,CS_73,8.710133313497385,5.754883641509464,
N1508,3,CS_37,9.639281287468682,6.344292993962874,
N1508,4,CS_54,9.725974418925507,6.45729616355564,
N1508,5,CS_45,10.023372073409535,6.68224804893969,
N1508,6,CS_52,10.035156517818834,6.646427455601012,
N1508,7,CS_53,10.118578084253018,6.702041833223802,
N1509,1,CS_49,4.559762690969195,3.0398417939794635,
N1509,2,CS_66,6.89682249303357,4.597881662022379,
N1509,3,CS_36,7.380409214690043,4.880386702348296,
N1509,4,CS_27,7.42259413984836,4.948396093232239,
N1509,5,CS_64,7.429164077721979,4.952776051814652,
N1509,6,CS_1,7.492070558132703,4.976303762130465,
N1509,7,,8.446449489240582,5.6195531321966365,
N1510,1,CS_36,4.783744216528695,3.149276703574065,
N1510,2,CS_49,5.402696035007683,3.601797356671788,
N1510,3,,5.849784491079235,3.8884431334224048,
N1510,4,CS_22,5.893900628317658,3.9178538915813537,
N1510,5,CS_68,6.735846358121834,4.434850363432936,
N1510,6,CS_38,7.3260992447229185,4.884066163148613,
N1510,7,CS_8,8.190810711983216,5.407724543261303,
N1511,1,CS_49,0.8622971002165771,0.574864733477718,
N1511,2,CS_1,3.7946049673800846,2.5113267016287195,
N1511,3,CS_66,4.20207520888067,2.801383472587113,
N1511,4,CS_36,4.5702553834595605,3.006950814861309,
N1511,5,CS_27,4.72784685569546,3.151897903796973,
N1511,6,CS_64,4.734416793569079,3.1562778623793863,
N1511,7,CS_29,5.076719484079781,3.384479656053188,
N1512,1,CS_27,2.463218417083564,1.6421456113890425,
N1512,2,CS_64,3.327749368414506,2.218499578943004,
N1512,3,CS_66,3.8398847741351916,2.5599231827567945,
N1512,4,CS_75,4.851258554337811,3.192413689735422,
N1512,5,CS_63,4.988809197784419,3.305797129395524,
N1512,6,CS_65,5.116654731721361,3.369344474657789,
N1512,7,CS_39,5.15548699951417,3.37263599341091,
N1513,1,CS_64,3.6110156693470215,2.407343779564681,
N1513,2,CS_57,3.8098300588569294,2.5398867059046197,
N1513,3,CS_56,3.8920821654787434,2.5947214436524955,
N1513,4,CS_27,4.298556406039879,2.8657042706932523,
N1513,5,CS_29,4.3015927270516805,2.867728484701121,
N1513,6,CS_66,4.417711677165832,2.9451411181105542,
N1513,7,CS_41,5.054675723023124,3.3194746514999096,
N1514,1,CS_64,5.724578698542151,3.8163857990281014,
N1514,2,CS_27,6.1175588331368855,4.07837255542459,
N1514,3,CS_66,6.236714104262838,4.157809402841892,
N1514,4,CS_55,7.057159105137969,4.704772736758645,
N1514,5,CS_15,7.103017993620297,4.7353453290801975,
N1514,6,CS_57,7.37682408691421,4.917882724609473,
N1514,7,CS_56,7.459076193536024,4.97271746235735,
N1515,1,CS_55,6.251669180726828,4.167779453817884,
N1515,2,CS_64,6.43378898516451,4.289192656776341,
N1515,3,CS_15,6.641603445828748,4.427735630552498,
N1515,4,CS_27,6.826769119759242,4.551179413172829,
N1515,5,CS_57,6.9154095391226615,4.610273026081774,
N1515,6,CS_66,6.945924390885195,4.6306162605901315,
N1515,7,CS_56,6.997661645744476,4.665107763829651,
N1516,1,CS_55,4.927482471422926,3.284988314281951,
N1516,2,CS_15,5.380635001388808,3.587090000925872,
N1516,3,CS_57,5.6544410946827215,3.7696273964551477,
N1516,4,CS_56,5.7366932013045355,3.8244621342030234,
N1516,5,CS_43,6.037804923697102,4.0252032824647355,
N1516,6,CS_157,6.13024086787957,4.086827245253046,
N1516,7,CS_41,6.899286758848915,4.549215342050438,
N1517,1,CS_41,1.3912104429172298,0.8771644647626474,
N1517,2,CS_57,1.8532298439091384,1.2354865626060922,
N1517,3,CS_56,1.9354819505309524,1.290321300353968,
N1517,4,CS_17,2.834696701116743,1.8394886368956564,
N1517,5,CS_15,3.206900680972818,2.137933787315212,
N1517,6,CS_35,3.3684676159414595,2.245645077294306,
N1517,7,CS_29,4.3871959887068,2.924797325804533,
N1518,1,CS_55,5.0326321451151665,3.4002070678576626,
N1518,2,CS_15,5.485784675081049,3.7023087545015834,
N1518,3,CS_57,5.759590768374962,3.884846150030859,
N1518,4,CS_56,5.841842874996776,3.9396808877787346,
N1518,5,CS_43,6.142954597389343,4.140422036040447,
N1518,6,CS_157,6.23539054157181,4.2020459988287575,
N1518,7,CS_41,7.004436432541156,4.664434095626149,
N1519,1,CS_41,2.2668796783296488,1.4609439550375936,
N1519,2,CS_57,2.728899079321557,1.8192660528810383,
N1519,3,CS_56,2.811151185943371,1.874100790628914,
N1519,4,CS_17,3.7103659365291617,2.4232681271706022,
N1519,5,CS_15,4.082569916385237,2.7217132775901582,
N1519,6,CS_35,4.244136851353878,2.8294245675692524,
N1519,7,CS_29,5.262865224119219,3.5085768160794792,
N1520,1,CS_55,2.496150576502953,1.664100384335302,
N1520,2,CS_15,2.78566615900569,1.8571107726704605,
N1520,3,CS_57,3.059472252299604,2.039648168199736,
N1520,4,CS_56,3.141724358921418,2.0944829059476118,
N1520,5,CS_43,3.7471032796238433,2.4980688530825623,
N1520,6,CS_41,4.304317916465798,2.819236113795026,
N1520,7,CS_157,4.870460899788709,3.2469739331924723,
N1521,1,CS_15,1.694773240916502,1.1298488272776679,
N1521,2,CS_57,3.1308313251039426,2.0872208834026282,
N1521,3,CS_56,3.2130834317257566,2.142055621150504,
N1521,4,CS_55,4.077211642178868,2.7181410947859117,
N1521,5,CS_41,4.375676989270136,2.866808828997918,
N1521,6,CS_17,5.819163247469649,3.829133001130927,
N1521,7,CS_29,6.11410383447547,4.076069222983646,
N1522,1,CS_55,2.609773485452381,1.7398489903015872,
N1522,2,CS_15,3.394128631313341,2.262752420875561,
N1522,3,CS_57,3.667934724607255,2.445289816404837,
N1522,4,CS_56,3.750186831229069,2.5001245541527126,
N1522,5,CS_43,4.729523666993806,3.1530157779958716,
N1522,6,CS_41,4.91278038877345,3.2248777620001268,
N1522,7,CS_23,5.60086185154241,3.7339079010282727,
N1523,1,CS_157,2.9851210130727353,1.9900806753818239,
N1523,2,CS_55,3.344358990933201,2.2295726606221344,
N1523,3,CS_43,3.7666143256162967,2.5110762170775316,
N1523,4,CS_23,4.2545281960159835,2.836352130677322,
N1523,5,CS_15,5.910330859621661,3.9402205730811084,
N1523,6,CS_57,6.1841369529155745,4.122757968610384,
N1523,7,CS_56,6.266389059537389,4.17759270635826,
N1524,1,CS_157,2.435299375411129,1.6235329169407529,
N1524,2,CS_55,3.2948241639552576,2.1965494426368384,
N1524,3,CS_23,3.7047065583543772,2.4698043722362515,
N1524,4,CS_43,3.7170794986383533,2.478052999092235,
N1524,5,CS_31,5.766994147697082,3.8142800966418817,
N1524,6,CS_15,5.860796032643718,3.907197355095812,
N1524,7,CS_57,6.134602125937631,4.089734750625087,
N1525,1,CS_55,2.237387994416733,1.491591996277822,
N1525,2,CS_15,3.580848434238708,2.3872322894924727,
N1525,3,CS_57,3.854654527532622,2.569769685021748,
N1525,4,CS_56,3.936906634154436,2.624604422769624,
N1525,5,CS_43,4.362039985241026,2.9080266568273507,
N1525,6,CS_41,5.099500191698817,3.349357630617038,
N1525,7,CS_23,5.228476360506762,3.4856509070045076,
N1526,1,CS_55,1.3356634239183833,0.8904422826122556,
N1526,2,CS_15,3.372281310529671,2.248187540353114,
N1526,3,CS_43,3.460315414742677,2.3068769431617846,
N1526,4,CS_57,3.6460874038235844,2.43072493588239,
N1526,5,CS_56,3.7283395104453985,2.4855596736302656,
N1526,6,CS_23,4.326751790008411,2.8845011933389415,
N1526,7,CS_157,4.583673034907543,3.055782023271695,
N1527,1,CS_157,2.4532792756913313,1.635519517127554,
N1527,2,CS_23,3.7226864586345796,2.4817909724230525,
N1527,3,CS_43,3.908784664413587,2.605856442942391,
N1527,4,CS_55,4.914529573806546,3.276353049204364,
N1527,5,CS_31,5.7849740479772835,3.8262666968286827,
N1527,6,CS_15,7.480501442495006,4.9870009616633375,
N1527,7,CS_57,7.75430753578892,5.1695383571926135,
N1528,1,CS_23,3.058006013582371,2.0386706757215807,
N1528,2,CS_43,3.2441042193613785,2.162736146240919,
N1528,3,CS_157,3.541378240179436,2.3609188267862904,
N1528,4,CS_31,5.120293602925075,3.383146400127211,
N1528,5,CS_55,5.557859542996897,3.7052396953312647,
N1528,6,CS_15,7.779675636475407,5.186450424316936,
N1528,7,CS_57,8.05348172976932,5.368987819846212,
N1529,1,CS_60,2.1949882497220976,1.4633254998147318,
N1529,2,CS_59,2.2275713216484827,1.485047547765655,
N1529,3,CS_10,2.751829739484432,1.8345531596562883,
N1529,4,CS_62,4.729133080603207,3.1527553870688045,
N1529,5,CS_20,5.80393151848814,3.869287678992093,
N1529,6,CS_11,6.598568292650176,4.316656677891695,
N1529,7,CS_61,8.564916163046744,5.627555258156074,
N1530,1,CS_20,0.8515691784852124,0.5677127856568083,
N1530,2,CS_62,1.2071217912437455,0.8047478608291637,
N1530,3,CS_10,3.109429262368527,2.0729528415790184,
N1530,4,CS_60,3.6761966455437474,2.4507977636958325,
N1530,5,CS_59,3.7087797174701325,2.4725198116467557,
N1530,6,CS_11,4.791492794936119,3.111939679415657,
N1530,7,CS_61,6.757840665332687,4.422838259680036,
N1531,1,CS_11,1.8281926553655468,1.1364062530352754,
N1531,2,CS_62,2.7400708801708515,1.8267139201139013,
N1531,3,CS_10,2.927442559650229,1.951628373100153,
N1531,4,CS_60,3.4942099428254494,2.3294732952169666,
N1531,5,CS_59,3.5267930147518345,2.3511953431678903,
N1531,6,CS_61,3.794540525762115,2.4473048332996545,
N1531,7,CS_20,3.8148693180557847,2.54324621203719,
N1532,1,CS_60,3.3414637657640043,2.2276425105093365,
N1532,2,CS_59,3.3740468376903894,2.24936455846026,
N1532,3,CS_10,3.4265979104152087,2.2843986069434727,
N1532,4,CS_62,5.403901251533984,3.602600834355989,
N1532,5,CS_20,6.478699689418917,4.319133126279278,
N1532,6,CS_11,7.273336463580952,4.76650212517888,
N1532,7,CS_61,9.23968433397752,6.077400705443259,
N1533,1,CS_62,2.340435591554354,1.5602903943695696,
N1533,2,CS_10,2.8568594662180615,1.9045729774787077,
N1533,3,CS_20,3.4152340294392873,2.2768226862928582,
N1533,4,CS_60,3.423626849393282,2.2824178995955218,
N1533,5,CS_59,3.456209921319667,2.304139947546445,
N1533,6,CS_11,4.538922998785653,2.943559815315347,
N1533,7,CS_61,6.505270869182221,4.254458395579726,
N1534,1,CS_62,3.537335974631424,2.3582239830876164,
N1534,2,CS_10,4.0537598492951314,2.702506566196755,
N1534,3,CS_20,4.612134412516357,3.074756275010905,
N1534,4,CS_60,4.620527232470353,3.0803514883135685,
N1534,5,CS_59,4.653110304396738,3.1020735362644922,
N1534,6,CS_11,5.7358233818627244,3.741493404033394,
N1534,7,CS_61,7.7021712522592924,5.052391984297773,
N1535,1,CS_62,3.5787407924702532,2.3858271949801693,
N1535,2,CS_10,4.09516466713396,2.7301097780893078,
N1535,3,CS_20,4.653539230355186,3.102359486903458,
N1535,4,CS_60,4.661932050309182,3.107954700206122,
N1535,5,CS_59,4.6945151222355666,3.129676748157045,
N1535,6,CS_11,5.777228199701552,3.7690966159259465,
N1535,7,CS_61,7.74357607009812,5.079995196190326,
N1536,1,CS_3,1.5230270016347762,0.9987233103520525,
N1536,2,CS_45,4.486820473231664,2.991213648821109,
N1536,3,CS_46,4.671587712213298,3.114391808142199,
N1536,4,CS_70,4.951592762256783,3.29639034620807,
N1536,5,CS_54,5.63080853368961,3.727185573398374,
N1536,6,CS_52,5.939990632582936,3.9163168654437475,
N1536,7,CS_53,6.0234121990171205,3.971931243066537,
N1537,1,,0.6377633412187861,0.4137623668487724,
N1537,2,CS_22,0.681879478457209,0.44317312500772094,
N1537,3,CS_38,1.3048177313265952,0.8698784875510635,
N1537,4,CS_36,2.6619594271058817,1.734753510625523,
N1537,5,CS_8,3.4675888967036315,2.2589099997415794,
N1537,6,CS_21,3.9034819607735836,2.544352175471911,
N1537,7,CS_49,5.440516010531695,3.627010673687796,
N1538,1,CS_157,2.9179889304396585,1.945325953626439,
N1538,2,CS_23,4.187396113382906,2.7915974089219375,
N1538,3,CS_43,4.373494319161914,2.9156628794412756,
N1538,4,CS_55,4.95995544852276,3.30663696568184,
N1538,5,CS_31,6.249683702725611,4.136073133327567,
N1538,6,CS_15,7.52592731721122,5.0172848781408135,
N1538,7,CS_57,7.799733410505134,5.199822273670089,
N1541,1,CS_24,3.676837699328431,2.4512251328856207,
N1541,2,CS_32,7.1157154128694,4.7438102752462665,
N1541,3,CS_69,7.417993051534639,4.945328701023094,
N1541,4,CS_6,7.995941248777994,5.270289800309375,
N1541,5,CS_99,8.775332183756731,5.85022145583782,
N1541,6,CS_12,8.963302101605837,5.915207696682076,
N1541,7,CS_102,9.358145466873903,6.206171036022837,
N1542,1,CS_6,1.9506509692849825,1.2688171441524103,
N1542,2,CS_12,7.562683456948783,4.9527410700723316,
N1542,3,CS_24,7.716646349615404,5.1157100362385615,
N1542,4,CS_30,9.273267561255853,6.153457510665528,
N1542,5,CS_32,11.176469584501465,7.422258859495933,
N1542,6,CS_69,11.478747223166705,7.6237772852727606,
N1542,7,CS_28,12.129408950165658,8.039146168450804,
N1543,1,CS_12,2.1623093885701943,1.4330560216749582,
N1543,2,CS_30,5.0652932342600945,3.3250186891567513,
N1543,3,CS_6,7.690768203025683,5.014997636124523,
N1543,4,CS_28,7.9214346231699,5.210707346942028,
N1543,5,CS_44,8.536424667124587,5.639106311066413,
N1543,6,CS_24,8.812091948520147,5.822884498663455,
N1543,7,CS_34,11.69066029938271,7.7419300659051595,
N1544,1,CS_24,2.357603961720975,1.5589635474798555,
N1544,2,CS_32,5.796481675261943,3.851548689840502,
N1544,3,CS_69,6.098759313927183,4.0530671156173295,
N1544,4,CS_6,6.676707511170537,4.378028214903611,
N1544,5,CS_99,7.456098446149274,4.957959870432056,
N1544,6,CS_12,7.6440683639983815,5.022946111276311,
N1544,7,CS_102,8.038911729266447,5.313909450617072,
N1547,1,,1.8876126528385937,1.2447125918429507,
N1547,2,CS_22,1.9317287900770166,1.2741233500018991,
N1547,3,CS_38,3.363927406482278,2.2403356215691588,
N1547,4,CS_36,3.4230094041448256,2.239837512565792,
N1547,5,CS_8,4.1761379371049605,2.7335586760948254,
N1547,6,CS_21,5.962591635929265,3.9148093094900065,
N1547,7,CS_49,6.201565987570639,4.132094675628066,
N1548,1,CS_73,2.200783940027793,1.4380336594845415,
N1548,2,CS_37,3.1299319139990915,2.0274430119379514,
N1548,3,CS_54,3.7390991854164244,2.4433297409281134,
N1548,4,CS_52,4.048281284309751,2.6324610329734863,
N1548,5,CS_53,4.1317028507439355,2.688075410596276,
N1548,6,CS_45,4.90232631706494,3.245501277755155,
N1548,7,CS_74,5.510040618755891,3.650644145549122,
N1549,1,CS_73,3.5685541567218144,2.341890145590507,
N1549,2,CS_37,4.497702130693113,2.9312994980439164,
N1549,3,CS_54,4.923091926572653,3.240648560055647,
N1549,4,CS_52,5.232274025465979,3.4297798521010203,
N1549,5,CS_53,5.315695591900163,3.48539422972381,
N1549,6,CS_45,6.086319058221166,4.042820096882688,
N1549,7,CS_74,6.694033359912118,4.447962964676656,
N1550,1,CS_73,3.7216525789475527,2.4335329411656113,
N1550,2,CS_37,4.650800552918851,3.0229422936190207,
N1550,3,CS_54,5.2599678243361865,3.4388290226091827,
N1550,4,CS_52,5.569149923229512,3.627960314654556,
N1550,5,CS_53,5.652571489663696,3.683574692277346,
N1550,6,CS_45,6.4231949559847,4.241000559436224,
N1550,7,CS_74,7.030909257675651,4.646143427230192,
N1552,1,CS_136,5.427635660054033,3.508498097567774,
N1552,2,CS_67,5.428952194374025,3.5093757871144353,
N1552,3,CS_40,6.02003064527549,3.898838992788433,
N1552,4,CS_64,6.73542248678852,4.439039784033628,
N1552,5,CS_57,6.852980219868719,4.517411606087093,
N1552,6,CS_29,6.900076270492217,4.548808973169425,
N1552,7,CS_56,6.935232326490533,4.572246343834969,
N1553,1,CS_1,0.22020018026940907,0.14680012017960606,
N1553,2,CS_49,3.2071281173151807,2.1196754682521166,
N1553,3,CS_66,3.7926775976421196,2.5100417884700756,
N1553,4,CS_27,4.318449244456909,2.860556219679936,
N1553,5,CS_64,4.3250191823305295,2.8649361782623486,
N1553,6,CS_29,4.803181568658863,3.183711102481239,
N1553,7,CS_35,5.88420126816696,3.904390902153303,
N1554,1,CS_3,4.164883516461082,2.759960986902922,
N1554,2,CS_46,4.410258778742711,2.9401725191618073,
N1554,3,CS_45,4.964416438596336,3.309610959064224,
N1554,4,CS_70,5.129467688554001,3.414973630406216,
N1554,5,CS_54,5.808683459986829,3.845768857596521,
N1554,6,CS_42,6.057009244576287,3.9912424527229184,
N1554,7,CS_52,6.117865558880155,4.034900149641894,
N1555,1,CS_3,4.334225598873013,2.858130310040275,
N1555,2,CS_46,4.579600861154644,3.0383418422991593,
N1555,3,CS_45,5.13375852100827,3.4077802822015766,
N1555,4,CS_70,5.298809770965934,3.5131429535435688,
N1555,5,CS_54,5.978025542398761,3.943938180733873,
N1555,6,CS_42,6.22635132698822,4.089411775860271,
N1555,7,CS_52,6.2872076412920865,4.133069472779246,
N1556,1,CS_71,6.968473819296989,4.615718747584589,
N1556,2,CS_19,7.105161103977583,4.654742722353995,
N1556,3,CS_16,9.569974145328436,6.297951416587896,
N1556,4,CS_13,10.016591212217026,6.556213389265884,
N1556,5,CS_26,11.996829989643985,7.858381643837124,
N1556,6,CS_25,14.232878600837534,9.290519814382218,
N1556,7,CS_58,14.394671260173821,9.490586680915825,
N1558,1,CS_24,7.220472367657122,4.925471953538183,
N1558,2,CS_6,9.239916326143902,6.21143022698675,
N1558,3,CS_12,10.207277178971745,6.85634812335945,
N1558,4,CS_32,10.680295602543183,7.232020776795556,
N1558,5,CS_69,10.982573241208422,7.433539202572383,
N1558,6,CS_30,11.917861283278818,8.057064563952645,
N1558,7,CS_99,12.339912373430513,8.33843195738711,
N1559,1,CS_62,4.208365743902294,2.8055771626015296,
N1559,2,CS_10,4.7247896185660005,3.1498597457106676,
N1559,3,CS_20,5.283164181787226,3.522109454524818,
N1559,4,CS_60,5.291557001741222,3.5277046678274813,
N1559,5,CS_59,5.324140073667607,3.549426715778405,
N1559,6,CS_11,6.406853151133593,4.188846583547306,
N1559,7,CS_61,8.37320102153016,5.499745163811686,
N1560,1,CS_157,2.5486936183238837,1.6957932310832184,
N1560,2,CS_55,2.9079315961843495,1.935285216323529,
N1560,3,CS_43,3.3301869308674448,2.216788772778926,
N1560,4,CS_23,3.818100801267132,2.5420646863787173,
N1560,5,CS_15,4.124904196121698,2.746600282948429,
N1560,6,CS_57,4.398710289415612,2.9291376784777046,
N1560,7,CS_56,4.480962396037426,2.9839724162255803,
N1561,1,CS_62,1.58535034724509,1.0500496591471224,
N1561,2,CS_10,2.1017742219087974,1.3943322422562607,
N1561,3,CS_20,2.660148785130023,1.7665819510704113,
N1561,4,CS_60,2.668541605084018,1.7721771643730746,
N1561,5,CS_59,2.701124677010403,1.7938992123239978,
N1561,6,CS_11,3.7838377544763895,2.4333190800929,
N1561,7,CS_61,5.750185624872957,3.7442176603572785,
N1562,1,CS_17,0.22158856054290726,0.14772570702860485,
N1562,2,CS_41,1.5081798954795163,1.005453263653011,
N1562,3,CS_57,3.127310064994725,2.034564212814311,
N1562,4,CS_56,3.2095621716165392,2.0893989505621873,
N1562,5,CS_15,4.4809809020584055,2.9370114375234313,
N1562,6,CS_35,5.2740963467397854,3.4657550673110182,
N1562,7,CS_55,5.701167312427244,3.7504690444359903,
N1563,1,CS_24,38.11296344557503,25.380845083262848,
N1563,2,CS_32,39.04599918800353,26.00286891154851,
N1563,3,CS_69,39.34827682666877,26.204387337325333,
N1563,4,CS_99,40.70561595889086,27.10928009214006,
N1563,5,CS_102,41.288429242008036,27.46522967232508,
N1563,6,CS_105,43.47388522324791,28.894894552014843,
N1563,7,CS_33,43.53982349156221,28.914687553249173,
N1564,1,CS_60,3.822554343013858,2.5305618022277248,
N1564,2,CS_59,3.855137414940243,2.5522838501786484,
N1564,3,CS_10,3.9076884876650624,2.587317898661861,
N1564,4,CS_62,5.884991828783838,3.9055201260743773,
N1564,5,CS_20,6.9597902666687705,4.622052417997666,
N1564,6,CS_11,7.754427040830807,5.069421416897268,
N1564,7,CS_61,9.720774911227375,6.3803199971616475,
N1565,1,CS_70,0.1835559442251573,0.11769913418698719,
N1565,2,CS_45,3.846324889703476,2.564216593135651,
N1565,3,CS_54,4.597004556076239,3.0379829216561283,
N1565,4,CS_52,4.9061866549695665,3.227114213701501,
N1565,5,CS_53,4.989608221403751,3.282728591324291,
N1565,6,CS_3,6.079110480500727,4.036112296262686,
N1565,7,CS_46,6.914133144901416,4.609422096600945,
N1566,1,CS_73,5.358448760935971,3.52042727313519,
N1566,2,CS_45,5.79187117827286,3.8612474521819067,
N1566,3,CS_74,5.867144809860192,3.9114298732401274,
N1566,4,CS_37,6.287596734907268,4.1098366255886,
N1566,5,CS_54,6.374289866364098,4.222839795181365,
N1566,6,CS_52,6.683471965257423,4.411971087226738,
N1566,7,CS_53,6.766893531691608,4.467585464849528,
N1567,1,CS_49,2.7796062674204385,1.853070844946959,
N1567,2,CS_66,4.508105096655036,3.0054033977700234,
N1567,3,CS_27,5.033876743469826,3.3559178289798837,
N1567,4,CS_64,5.040446681343445,3.360297787562297,
N1567,5,CS_1,5.249337344387464,3.481148286300306,
N1567,6,CS_36,6.183456873650246,4.082418474988432,
N1567,7,CS_29,6.994028651283644,4.6626857675224285,
N1568,1,,1.731474221654834,1.1429029538061377,
N1568,2,CS_22,1.775590358893257,1.1723137119650862,
N1568,3,CS_38,3.2077889752985183,2.1385259835323454,
N1568,4,CS_36,3.75567030754193,2.4638940975828882,
N1568,5,CS_8,4.56129977713968,2.9880505866989453,
N1568,6,CS_21,5.806453204745506,3.812999671453193,
N1568,7,CS_49,6.5342268909677435,4.356151260645162,
N1569,1,CS_157,4.3825335433002595,2.921689028866839,
N1569,2,CS_55,4.741771521160724,3.1611810141071497,
N1569,3,CS_43,5.1640268558438205,3.442684570562547,
N1569,4,CS_23,5.651940726243509,3.7679604841623373,
N1569,5,CS_15,6.253318086044875,4.168878724029916,
N1569,6,CS_57,6.527124179338789,4.351416119559192,
N1569,7,CS_56,6.609376285960603,4.406250857307069,
N1570,1,CS_27,2.078087453635688,1.3853916357571257,
N1570,2,CS_66,3.5255731564712716,2.350382104314181,
N1570,3,CS_64,3.5650509977032607,2.376700665135507,
N1570,4,CS_75,4.4661275908899345,2.935659714103505,
N1570,5,CS_63,4.6036782343365426,3.0490431537636074,
N1570,6,CS_65,4.731523768273485,3.112590499025872,
N1570,7,CS_39,4.7703560360662935,3.115882017778993,
N1571,1,CS_60,5.452155455302181,3.655898788817833,
N1571,2,CS_59,5.484738527228566,3.677620836768756,
N1571,3,CS_10,5.537289599953384,3.7126548852519687,
N1571,4,CS_62,7.51459294107216,5.030857112664485,
N1571,5,CS_20,8.589391378957092,5.747389404587774,
N1571,6,CS_11,9.384028153119129,6.194758403487375,
N1571,7,CS_61,11.350376023515697,7.505656983751755,
N1572,1,CS_12,8.712530321920338,5.748026510225077,
N1572,2,CS_30,8.820843381305798,5.880562254203864,
N1572,3,CS_28,11.676984770215602,7.7662509119891405,
N1572,4,CS_44,12.291974814170288,8.194649876113527,
N1572,5,CS_6,13.048589394992998,8.638721897786043,
N1572,6,CS_24,14.169913140487461,9.446608760324974,
N1572,7,CS_34,15.446210446428411,10.297473630952272,
N1573,1,CS_60,3.269293807660044,2.1795292051066966,
N1573,2,CS_59,3.301876879586429,2.20125125305762,
N1573,3,CS_10,3.3544279523112484,2.2362853015408324,
N1573,4,CS_62,5.331731293430024,3.5544875289533486,
N1573,5,CS_20,6.406529731314956,4.271019820876637,
N1573,6,CS_11,7.201166505476992,4.718388819776239,
N1573,7,CS_61,9.16751437587356,6.0292874000406185,
N1574,1,CS_46,4.405655641233612,2.937103760822408,
N1574,2,CS_3,5.256873230132445,3.4879541293504976,
N1574,3,CS_45,6.102041070816478,4.068027380544318,
N1574,4,CS_50,6.114923241816429,4.013077544389753,
N1574,5,CS_70,6.267092320774142,4.17339005188631,
N1574,6,CS_54,6.946308092206969,4.6041852790766145,
N1574,7,CS_42,7.14899895824765,4.7192355951704945,
N1575,1,CS_28,2.143160250950996,1.41036789914607,
N1575,2,CS_44,2.3931270107055598,1.5954180071370399,
N1575,3,CS_34,5.547362642963681,3.6982417619757877,
N1575,4,CS_47,5.7483574607723735,3.8322383071815818,
N1575,5,CS_30,6.283738042531052,4.189158695020701,
N1575,6,CS_12,8.303461537363983,5.475313987187507,
N1575,7,CS_42,8.804331431434838,5.822790577295284,
N1576,1,CS_51,2.894968159997507,1.8764339519229438,
N1576,2,CS_48,3.3569634915642146,2.1713966218083467,
N1576,3,CS_21,3.6972162071656154,2.406841673066599,
N1576,4,CS_38,4.556203371771899,3.0374689145145988,
N1576,5,,6.080453315477587,4.042222349687973,
N1576,6,CS_22,6.12456945271601,4.071633107846921,
N1576,7,CS_36,8.104649401364682,5.363213493464722,
N1578,1,CS_105,0.3322176390652788,0.2214784260435192,
N1578,2,CS_102,2.0715047754954448,1.3536974091934857,
N1578,3,CS_33,2.2187096077946467,1.4549738942212294,
N1578,4,CS_103,2.2561460519882024,1.4422100727832707,
N1578,5,CS_104,2.2561460519882024,1.4422100727832707,
N1578,6,CS_69,5.67007002613169,3.720148301057883,
N1578,7,CS_99,6.474162654932533,4.256210053591778,
N1579,1,CS_51,1.1038568441870125,0.6791951502025735,
N1579,2,CS_48,5.0493257996735394,3.189383926550401,
N1579,3,CS_21,5.38957851527494,3.424828977808654,
N1579,4,CS_38,6.248565679881224,4.055456219256654,
N1579,5,,7.772815623586912,5.060209654430028,
N1579,6,CS_22,7.8169317608253355,5.089620412588976,
N1579,7,CS_36,9.797011709474008,6.381200798206778,
N1580,1,CS_48,1.0504015030798364,0.700267668719891,
N1580,2,CS_51,3.7984646512390494,2.4121859068495093,
N1580,3,CS_21,4.600712698407157,2.942593627993164,
N1580,4,CS_38,5.459699863013441,3.5732208694411645,
N1580,5,,6.983949806719129,4.577974304614538,
N1580,6,CS_22,7.028065943957552,4.607385062773487,
N1580,7,CS_36,9.008145892606224,5.898965448391288,
N1581,1,CS_48,2.464489352027382,1.6067403798294373,
N1581,2,CS_51,3.22575748764917,2.066633652645074,
N1581,3,CS_21,4.028005534817279,2.597041373788729,
N1581,4,CS_38,4.886992699423562,3.2276686152367287,
N1581,5,,6.41124264312925,4.232422050410103,
N1581,6,CS_22,6.455358780367673,4.261832808569052,
N1581,7,CS_36,8.435438729016346,5.553413194186853,
N1582,1,CS_51,1.229797515114252,0.7903908102371754,
N1582,2,CS_48,3.6190686392046336,2.322062765332225,
N1582,3,CS_21,3.9593213548060344,2.5575078165904768,
N1582,4,CS_38,4.818308519412318,3.188135058038477,
N1582,5,,6.342558463118006,4.192888493211851,
N1582,6,CS_22,6.386674600356429,4.222299251370799,
N1582,7,CS_36,8.366754549005101,5.513879636988601,
N1583,1,CS_51,0.8908442169658368,0.5938961446438912,
N1583,2,CS_48,3.958021937353049,2.518557430925509,
N1583,3,CS_21,4.298274652954449,2.754002482183761,
N1583,4,CS_38,5.157261817560732,3.384629723631761,
N1583,5,,6.68151176126642,4.389383158805135,
N1583,6,CS_22,6.725627898504843,4.418793916964083,
N1583,7,CS_36,8.705707847153516,5.710374302581886,
N1587,1,CS_26,4.031306468389121,2.587083033766922,
N1587,2,CS_25,6.267355079582671,4.019221204312017,
N1587,3,CS_19,6.661684085073206,4.3981417805174505,
N1587,4,CS_2,8.260826620853273,5.464236804370828,
N1587,5,CS_16,9.12649712642406,6.0413504747513525,
N1587,6,CS_14,9.22675965644504,6.108192161432006,
N1587,7,CS_13,9.57311419331265,6.2996124474293405,
N1591,1,CS_71,1.035201692814988,0.6901344618766587,
N1591,2,CS_19,5.332371087650618,3.4429522461892814,
N1591,3,CS_16,7.7971841290014705,5.0861609404231825,
N1591,4,CS_13,8.243801195890061,5.3444229131011705,
N1591,5,CS_26,10.22403997331702,6.64659116767241,
N1591,6,CS_25,12.460088584510569,8.078729338217503,
N1591,7,CS_58,12.621881243846856,8.278796204751114,
N1592,1,CS_26,0.5421416042039611,0.361427736135974,
N1592,2,CS_25,3.999930328468363,2.6080593153949714,
N1592,3,CS_19,7.205200262112822,4.74599317244741,
N1592,4,CS_2,8.023975037236575,5.2918430225299105,
N1592,5,CS_14,8.989908072828342,5.9357983795910885,
N1592,6,CS_16,9.670013303463675,6.389201866681311,
N1592,7,CS_13,10.116630370352265,6.647463839359299,
N1593,1,CS_25,1.97789503527971,1.2917288411028436,
N1593,2,CS_26,2.5641768973926147,1.6777582104281015,
N1593,3,CS_19,8.005495442230622,5.247830238025635,
N1593,4,CS_2,8.824270217354373,5.793680088108136,
N1593,5,CS_14,9.790203252946142,6.437635445169313,
N1593,6,CS_16,10.470308483581475,6.891038932259536,
N1593,7,CS_13,10.916925550470065,7.149300904937524,
N1596,1,CS_71,2.9555281649025416,1.9599266344846884,
N1596,2,CS_19,5.422838389405517,3.513689256142887,
N1596,3,CS_16,7.88765143075637,5.156897950376789,
N1596,4,CS_13,8.33426849764496,5.415159923054777,
N1596,5,CS_26,10.314507275071918,6.717328177626016,
N1596,6,CS_25,12.550555886265467,8.14946634817111,
N1596,7,CS_58,12.712348545601756,8.34953321470472,
N1597,1,CS_71,2.536165391798403,1.6884953679211094,
N1597,2,CS_19,5.19078567293585,3.3508435296572627,
N1597,3,CS_16,7.655598714286703,4.994052223891164,
N1597,4,CS_13,8.102215781175293,5.252314196569152,
N1597,5,CS_26,10.082454558602251,6.554482451140392,
N1597,6,CS_25,12.3185031697958,7.986620621685486,
N1597,7,CS_58,12.48029582913209,8.186687488219096,
N1598,1,CS_26,4.217848829770014,2.6908563565096473,
N1598,2,CS_25,6.453897440963564,4.122994527054742,
N1598,3,CS_19,6.848226446454099,4.501915103260176,
N1598,4,CS_2,8.447368982234163,5.568010127113554,
N1598,5,CS_16,9.313039487804952,6.145123797494078,
N1598,6,CS_14,9.413302017825933,6.211965484174731,
N1598,7,CS_13,9.759656554693542,6.403385770172066,
N1599,1,CS_19,2.702330391614801,1.7673309118766298,
N1599,2,CS_71,3.665242388850805,2.36575579618931,
N1599,3,CS_16,5.167143432965654,3.410539606110532,
N1599,4,CS_13,5.613760499854243,3.66880157878852,
N1599,5,CS_26,7.593999277281201,4.970969833359758,
N1599,6,CS_25,9.83004788847475,6.403108003904852,
N1599,7,CS_58,9.991840547811039,6.603174870438464,
N1600,1,CS_13,2.2481660695676786,1.385062247916107,
N1600,2,CS_16,2.709651990043748,1.6532367896524143,
N1600,3,CS_58,7.5343491048891345,4.845872053980346,
N1600,4,CS_19,7.753736173632229,5.015959578711401,
N1600,5,CS_4,10.970069750433948,7.011402485665065,
N1600,6,CS_71,11.26563597344745,7.245264299677087,
N1600,7,CS_26,12.64540505929863,8.21959850019453,
N1601,1,CS_4,1.7880794169048002,1.1535646094413292,
N1601,2,CS_58,3.4881895228107744,2.23899801835723,
N1601,3,CS_16,8.210828955480169,5.363594827901167,
N1601,4,CS_13,8.65744602236876,5.621856800579155,
N1601,5,CS_19,13.254913139068648,8.726317616960154,
N1601,6,CS_24,14.811176927360934,9.763826809155011,
N1601,7,CS_71,16.766812938883866,10.95562233792584,
N1602,1,CS_4,1.7161499716562574,1.1440999811041717,
N1602,2,CS_58,4.301491786285267,2.7427111921783527,
N1602,3,CS_16,9.02413121895466,5.867308001722289,
N1602,4,CS_13,9.47074828584325,6.125569974400277,
N1602,5,CS_19,14.068215402543139,9.230030790781276,
N1602,6,CS_24,15.624479190835428,10.267539982976134,
N1602,7,CS_71,17.580115202358357,11.45933551174696,
N1603,1,CS_13,4.061033628990164,2.580748628917,
N1603,2,CS_16,4.522519549466233,2.8489231706533076,
N1603,3,CS_58,9.347216664311619,6.041558434981239,
N1603,4,CS_19,9.566603733054713,6.211645959712294,
N1603,5,CS_4,12.78293730985643,8.207088866665957,
N1603,6,CS_71,13.078503532869933,8.440950680677979,
N1603,7,CS_26,14.458272618721114,9.41528488119542,
N1604,1,CS_13,0.9719455902188066,0.6479637268125378,
N1604,2,CS_16,1.4334315106948756,0.916138268548845,
N1604,3,CS_58,6.258128625540262,4.108773532876777,
N1604,4,CS_19,6.477515694283356,4.278861057607832,
N1604,5,CS_4,9.693849271085076,6.274303964561495,
N1604,6,CS_71,9.989415494098576,6.5081657785735185,
N1604,7,CS_26,11.369184579949758,7.482499979090961,
N1605,1,CS_16,1.1824271466017855,0.761552626583176,
N1605,2,CS_13,1.6290442134903758,1.019814599261164,
N1605,3,CS_58,6.007124261447172,3.954187890911108,
N1605,4,CS_19,6.226511330190266,4.124275415642163,
N1605,5,CS_4,9.442844906991985,6.119718322595826,
N1605,6,CS_71,9.738411130005488,6.3535801366078495,
N1605,7,CS_26,11.118180215856668,7.327914337125292,
N1606,1,CS_13,1.6591231740642152,1.0389750790411263,
N1606,2,CS_16,2.1206090945402845,1.3071496207774334,
N1606,3,CS_58,6.945306209385671,4.499784885105365,
N1606,4,CS_19,7.164693278128764,4.669872409836421,
N1606,5,CS_4,10.381026854930484,6.665315316790084,
N1606,6,CS_71,10.676593077943986,6.899177130802105,
N1606,7,CS_26,12.056362163795166,7.873511331319549,
N1607,1,CS_13,1.4592895561940575,0.9402274277936611,
N1607,2,CS_16,1.9207754766701266,1.2084019695299681,
N1607,3,CS_58,6.745472591515513,4.4010372338579,
N1607,4,CS_19,6.964859660258607,4.5711247585889545,
N1607,5,CS_4,10.181193237060326,6.566567665542618,
N1607,6,CS_71,10.476759460073827,6.800429479554641,
N1607,7,CS_26,11.85652854592501,7.774763680072084,
N1608,1,CS_13,1.9975571618729666,1.239781721716274,
N1608,2,CS_16,2.459043082349036,1.5079562634525814,
N1608,3,CS_58,7.2837401971944224,4.700591527780514,
N1608,4,CS_19,7.5031272659375166,4.870679052511568,
N1608,5,CS_4,10.719460842739236,6.866121959465232,
N1608,6,CS_71,11.015027065752738,7.099983773477254,
N1608,7,CS_26,12.394796151603918,8.074317973994697,
N1609,1,CS_13,1.323735703578361,0.8392626310920985,
N1609,2,CS_16,1.78522162405443,1.1074371728284056,
N1609,3,CS_58,6.609918738899816,4.300072437156337,
N1609,4,CS_19,6.8293058076429105,4.470159961887393,
N1609,5,CS_4,10.045639384444629,6.465602868841056,
N1609,6,CS_71,10.341205607458132,6.699464682853078,
N1609,7,CS_26,11.720974693309312,7.673798883370521,
N1610,1,CS_58,1.2496176644334465,0.7868875161053239,
N1610,2,CS_4,2.5645625017001152,1.6309492626385598,
N1610,3,CS_16,5.97225709710284,3.9114843256492606,
N1610,4,CS_13,6.41887416399143,4.169746298327248,
N1610,5,CS_19,11.01634128069132,7.274207114708247,
N1610,6,CS_24,12.572605068983608,8.311716306903104,
N1610,7,CS_71,14.52824108050654,9.503511835673933,
N1611,1,CS_13,2.5903145732988317,1.5834092066008332,
N1611,2,CS_16,3.051800493774901,1.8515837483371405,
N1611,3,CS_58,7.876497608620288,5.0442190126650726,
N1611,4,CS_19,8.095884677363381,5.214306537396128,
N1611,5,CS_4,11.312218254165101,7.209749444349791,
N1611,6,CS_71,11.607784477178603,7.443611258361813,
N1611,7,CS_26,12.987553563029783,8.417945458879258,
N1612,1,CS_13,1.7444906957879507,1.082466204023728,
N1612,2,CS_16,2.20597661626402,1.3506407457600353,
N1612,3,CS_58,7.030673731109407,4.543276010087967,
N1612,4,CS_19,7.2500607998525,4.713363534819022,
N1612,5,CS_4,10.46639437665422,6.708806441772686,
N1612,6,CS_71,10.761960599667722,6.942668255784708,
N1612,7,CS_26,12.141729685518902,7.917002456302152,
N1613,1,CS_92,11.72104687074091,7.712194628168132,
N1613,2,CS_147,14.048942659823757,9.22609738718433,
N1613,3,CS_90,15.124169932799187,9.942915569167951,
N1613,4,CS_85,16.32358881526006,10.764583907681775,
N1613,5,CS_86,17.75842680964485,11.737114587437423,
N1613,6,CS_139,21.82872415654679,14.438867476332858,
N1613,7,CS_94,28.729860397557893,19.051403646046122,
N1614,1,CS_92,10.719590888821024,7.022674376150196,
N1614,2,CS_147,13.047486677903871,8.536577135166395,
N1614,3,CS_90,14.122713950879302,9.253395317150016,
N1614,4,CS_85,15.322132833340175,10.07506365566384,
N1614,5,CS_86,16.75697082772496,11.047594335419488,
N1614,6,CS_139,20.827268174626905,13.749347224314922,
N1614,7,CS_94,27.72840441563801,18.361883394028187,
N1615,1,CS_92,9.251566348147424,6.103803861336928,
N1615,2,CS_147,11.579462137230271,7.617706620353127,
N1615,3,CS_90,12.654689410205702,8.334524802336748,
N1615,4,CS_85,13.854108292666576,9.156193140850572,
N1615,5,CS_86,15.28894628705136,10.128723820606218,
N1615,6,CS_139,19.359243633953305,12.830476709501653,
N1615,7,CS_94,26.260379874964407,17.443012879214916,
N1616,1,CS_92,8.674111310215133,5.693531142049518,
N1616,2,CS_147,11.002007099297982,7.207433901065717,
N1616,3,CS_90,12.077234372273413,7.924252083049337,
N1616,4,CS_85,13.276653254734287,8.745920421563161,
N1616,5,CS_86,14.71149124911907,9.71845110131881,
N1616,6,CS_139,18.781788596021016,12.420203990214244,
N1616,7,CS_94,25.682924837032118,17.032740159927506,
N1617,1,CS_58,0.7184220056549164,0.4789480037699443,
N1617,2,CS_4,3.095758160478645,1.9388887749739392,
N1617,3,CS_16,5.44106143832431,3.6035448133138814,
N1617,4,CS_13,5.887678505212899,3.8618067859918694,
N1617,5,CS_19,10.485145621912789,6.966267602372868,
N1617,6,CS_24,12.041409410205079,8.003776794567726,
N1617,7,CS_71,13.997045421728009,9.195572323338553,
N1618,1,CS_58,0.9875535801922866,0.6349663078495791,
N1618,2,CS_4,2.8266265859412747,1.7828704708943044,
N1618,3,CS_16,5.71019301286168,3.759563117393516,
N1618,4,CS_13,6.15681007975027,4.017825090071504,
N1618,5,CS_19,10.75427719645016,7.122285906452502,
N1618,6,CS_24,12.310540984742447,8.15979509864736,
N1618,7,CS_71,14.26617699626538,9.351590627418188,
N1619,1,CS_58,2.8711065070253396,1.903943164329432,
N1619,2,CS_4,6.306827152570153,4.06947359601415,
N1619,3,CS_16,6.697289128623513,4.451157780534145,
N1619,4,CS_13,7.143906195512103,4.709419753212133,
N1619,5,CS_19,11.741373312211993,7.813880569593133,
N1619,6,CS_24,13.29763710050428,8.851389761787988,
N1619,7,CS_71,15.253273112027212,10.043185290558817,
N1620,1,CS_92,8.238678487411377,5.441106317235745,
N1620,2,CS_147,10.566574276494224,6.955009076251944,
N1620,3,CS_90,11.641801549469655,7.671827258235564,
N1620,4,CS_85,12.841220431930529,8.493495596749389,
N1620,5,CS_86,14.276058426315313,9.466026276505035,
N1620,6,CS_139,18.346355773217258,12.16777916540047,
N1620,7,CS_94,25.247492014228364,16.780315335113734,
N1621,1,CS_92,10.814908698300947,7.1160605988650705,
N1621,2,CS_147,13.142804487383794,8.62996335788127,
N1621,3,CS_90,14.218031760359224,9.34678153986489,
N1621,4,CS_85,15.417450642820098,10.168449878378715,
N1621,5,CS_86,16.852288637204882,11.140980558134363,
N1621,6,CS_139,20.922585984106828,13.842733447029797,
N1621,7,CS_94,27.823722225117933,18.455269616743063,
N1622,1,CS_92,5.449649766310831,3.6246162560185895,
N1622,2,CS_147,7.777545555393678,5.138519015034788,
N1622,3,CS_90,8.852772828369108,5.855337197018408,
N1622,4,CS_85,10.052191710829984,6.677005535532234,
N1622,5,CS_86,11.487029705214768,7.649536215287879,
N1622,6,CS_139,15.55732705211671,10.351289104183314,
N1622,7,CS_94,22.458463293127817,14.963825273896578,
N1623,1,CS_92,7.219953447029578,4.768799828843018,
N1623,2,CS_147,9.547849236112425,6.282702587859217,
N1623,3,CS_90,10.623076509087856,6.999520769842837,
N1623,4,CS_85,11.82249539154873,7.821189108356663,
N1623,5,CS_86,13.257333385933514,8.793719788112309,
N1623,6,CS_139,17.32763073283546,11.495472677007744,
N1623,7,CS_94,24.22876697384656,16.10800884672101,
N1625,1,CS_55,1.5024689317894568,0.9879473223847092,
N1625,2,CS_15,3.5390868184007442,2.3456925801255677,
N1625,3,CS_43,3.6271209226137504,2.4043819829342383,
N1625,4,CS_57,3.8128929116946577,2.528229975654843,
N1625,5,CS_56,3.8951450183164718,2.583064713402719,
N1625,6,CS_23,4.493557297879485,2.9820062331113952,
N1625,7,CS_157,4.750478542778616,3.1532870630441487,
N1626,1,CS_55,2.375606825648389,1.560154956552834,
N1626,2,CS_15,3.15996197150935,2.083058387126808,
N1626,3,CS_57,3.4337680648032634,2.2655957826560837,
N1626,4,CS_56,3.5160201714250774,2.3204305204039595,
N1626,5,CS_43,4.495357007189815,2.973321744247118,
N1626,6,CS_41,4.678613728969458,3.0451837282513736,
N1626,7,CS_23,5.366695191738419,3.55421386727952,
N1627,1,CS_157,3.621297430428296,2.3945669192194243,
N1627,2,CS_55,3.9805354082887616,2.634058904459735,
N1627,3,CS_43,4.402790742971858,2.915562460915132,
N1627,4,CS_23,4.890704613371544,3.240838374514923,
N1627,5,CS_15,5.197508008226111,3.4453739710846354,
N1627,6,CS_57,5.471314101520025,3.627911366613911,
N1627,7,CS_56,5.553566208141839,3.6827461043617866,
N1628,1,CS_55,3.7179193263866015,2.461644717660499,
N1628,2,CS_157,4.0812700307461505,2.7038785205668647,
N1628,3,CS_15,4.700117158847684,3.116443272634555,
N1628,4,CS_43,4.828241778660777,3.201859685843283,
N1628,5,CS_57,4.9739232521415975,3.2989806681638303,
N1628,6,CS_56,5.0561753587634115,3.353815405911706,
N1628,7,CS_23,5.3506772136894,3.5501499758623636,
N1629,1,CS_23,1.8445836934870812,1.1902359987269044,
N1629,2,CS_43,2.0306818992660887,1.314301469246243,
N1629,3,CS_157,2.327955920084146,1.5124841497916142,
N1629,4,CS_31,3.906871282829785,2.5347117231325345,
N1629,5,CS_55,4.344437222901607,2.8568050183365883,
N1629,6,CS_15,6.5662533163801164,4.33801574732226,
N1629,7,CS_57,6.84005940967403,4.5205531428515355,
N1630,1,CS_62,2.9443996453731875,1.9406272779802718,
N1630,2,CS_10,3.460823520036895,2.2849098610894103,
N1630,3,CS_20,4.019198083258121,2.657159569903561,
N1630,4,CS_60,4.027590903212116,2.662754783206224,
N1630,5,CS_59,4.0601739751385,2.6844768311571476,
N1630,6,CS_11,5.142887052604486,3.3238966989260494,
N1630,7,CS_61,7.109234923001054,4.6347952791904286,
N1631,1,CS_61,0.7522685157444333,0.5015123438296222,
N1631,2,CS_11,2.9755211029228477,1.9836807352818986,
N1631,3,CS_62,5.782342890188535,3.772506409583933,
N1631,4,CS_10,5.969714569667911,3.897420862570185,
N1631,5,CS_60,6.536481952843133,4.275265784686999,
N1631,6,CS_59,6.569065024769517,4.296987832637922,
N1631,7,CS_20,6.857141328073467,4.489038701507221,
N1632,1,CS_62,3.4493292461953375,2.2563624107425726,
N1632,2,CS_10,3.9657531208590453,2.600644993851711,
N1632,3,CS_20,4.524127684080271,2.9728947026658616,
N1632,4,CS_60,4.532520504034267,2.9784899159685247,
N1632,5,CS_59,4.565103575960651,3.0002119639194484,
N1632,6,CS_11,5.647816653426638,3.6396318316883502,
N1632,7,CS_61,7.614164523823206,4.950530411952729,
N1633,1,CS_60,3.5045948341752116,2.3306502165485643,
N1633,2,CS_59,3.5371779061015967,2.352372264499488,
N1633,3,CS_10,3.589728978826416,2.3874063129827006,
N1633,4,CS_62,5.567032319945191,3.705608540395217,
N1633,5,CS_20,6.6418307578301246,4.422140832318505,
N1633,6,CS_11,7.436467531992159,4.8695098312181075,
N1633,7,CS_61,9.402815402388727,6.180408411482487,
N1634,1,CS_55,2.023499689770885,1.3421483561168952,
N1634,2,CS_43,2.445755024453981,1.6236519125722924,
N1634,3,CS_157,3.5691126446188473,2.372556992682203,
N1634,4,CS_23,3.661248984212535,2.433981219077995,
N1634,5,CS_15,4.589471558459346,3.0527962685758694,
N1634,6,CS_57,4.8632776517532585,3.235333664105145,
N1634,7,CS_56,4.945529758375073,3.2901684018530206,
N1635,1,CS_55,1.990704526124002,1.3218953347326472,
N1635,2,CS_43,3.241657229244892,2.155863803479907,
N1635,3,CS_15,3.450544136443091,2.29512174161204,
N1635,4,CS_57,3.7243502297370044,2.4776591371413157,
N1635,5,CS_56,3.8066023363588184,2.5324938748891914,
N1635,6,CS_157,4.365014849409758,2.9047688835898176,
N1635,7,CS_23,4.457151189003445,2.9661931099856096,
N1636,1,CS_55,2.0529434880103024,1.3536008766001173,
N1636,2,CS_43,3.3038961911311926,2.1875693453473777,
N1636,3,CS_15,3.512783098329391,2.3268272834795103,
N1636,4,CS_57,3.786589191623305,2.509364679008786,
N1636,5,CS_56,3.868841298245119,2.5641994167566615,
N1636,6,CS_157,4.427253811296058,2.9364744254572877,
N1636,7,CS_23,4.5193901508897465,2.99789865185308,
N1637,1,CS_157,5.880700766116224,3.8873275905839364,
N1637,2,CS_55,6.23993874397669,4.126819575824248,
N1637,3,CS_43,6.662194078659784,4.408323132279645,
N1637,4,CS_23,7.150107949059473,4.733599045879435,
N1637,5,CS_15,7.75148530886084,5.134517285747013,
N1637,6,CS_57,8.025291402154753,5.317054681276289,
N1637,7,CS_56,8.107543508776567,5.371889419024166,
N1638,1,CS_55,1.985300050426415,1.31763761927832,
N1638,2,CS_43,3.2362527535473053,2.1516060880255803,
N1638,3,CS_15,3.4451396607455043,2.290864026157713,
N1638,4,CS_57,3.7189457540394177,2.473401421686989,
N1638,5,CS_56,3.8011978606612318,2.5282361594348646,
N1638,6,CS_157,4.359610373712171,2.9005111681354903,
N1638,7,CS_23,4.451746713305859,2.9619353945312827,
N1639,1,CS_157,2.3892999555824512,1.5905835440615128,
N1639,2,CS_55,2.7485379334429165,1.8300755293018232,
N1639,3,CS_43,3.1707932681260127,2.1115790857572203,
N1639,4,CS_23,3.6587071385256995,2.4368549993570117,
N1639,5,CS_15,4.260084498327068,2.8377732392245907,
N1639,6,CS_57,4.533890591620981,3.020310634753866,
N1639,7,CS_56,4.616142698242795,3.075145372501742,
N1640,1,CS_55,1.3276769931534629,0.8769701713265132,
N1640,2,CS_43,2.578629696274353,1.7109386400737736,
N1640,3,CS_157,3.701987316439219,2.459843720183684,
N1640,4,CS_23,3.794123656032907,2.521267946579476,
N1640,5,CS_15,3.8936488618419234,2.5876180837854874,
N1640,6,CS_57,4.167454955135837,2.770155479314763,
N1640,7,CS_56,4.2497070617576505,2.8249902170626386,
N1641,1,CS_31,0.4661942355140615,0.3107961570093743,
N1641,2,CS_23,2.826129954336167,1.8537039677346054,
N1641,3,CS_43,2.941500216738796,1.9306174760030246,
N1641,4,CS_157,3.5377553463720157,2.3281208957585044,
N1641,5,CS_55,4.027216264806811,2.6544281747150356,
N1641,6,CS_15,6.063834151418099,4.012173432455893,
N1641,7,CS_57,6.337640244712013,4.194710827985169,
N1642,1,CS_15,1.4983696004643159,0.9661320769106974,
N1642,2,CS_57,2.9344276846517565,1.923504133035658,
N1642,3,CS_56,3.0166797912735706,1.9783388707835337,
N1642,4,CS_55,3.880808001726681,2.5544243444189414,
N1642,5,CS_41,4.179273348817951,2.703092078630948,
N1642,6,CS_17,5.622759607017463,3.6654162507639567,
N1642,7,CS_29,5.9177001940232845,3.9123524726166763,
N1643,1,CS_103,2.7140547030647806,1.7012254127785373,
N1643,2,CS_104,2.7140547030647806,1.7012254127785373,
N1643,3,CS_33,4.1000260486751,2.539153170334685,
N1643,4,CS_102,4.869522801247795,3.049011075221539,
N1643,5,CS_105,4.950789365232699,3.130494559014952,
N1643,6,CS_69,8.46808805188404,5.415461967085937,
N1643,7,CS_99,9.272180680684883,5.951523719619832,
N1644,1,CS_103,2.462746155299927,1.5410477946545107,
N1644,2,CS_104,2.462746155299927,1.5410477946545107,
N1644,3,CS_33,3.848717500910247,2.3789755522106577,
N1644,4,CS_102,4.618214253482943,2.8888334570975123,
N1644,5,CS_105,4.699480817467845,2.9703169408909256,
N1644,6,CS_69,8.216779504119188,5.2552843489619105,
N1644,7,CS_99,9.020872132920031,5.791346101495805,
N1645,1,CS_103,2.651073026100163,1.6761555520829596,
N1645,2,CS_104,2.651073026100163,1.6761555520829596,
N1645,3,CS_33,4.037044371710484,2.514083309639107,
N1645,4,CS_102,4.806541124283179,3.0239412145259617,
N1645,5,CS_105,4.887807688268082,3.105424698319374,
N1645,6,CS_69,8.405106374919423,5.39039210639036,
N1645,7,CS_99,9.209199003720267,5.926453858924255,
N1646,1,CS_103,1.7082336652112555,1.1306805351531095,
N1646,2,CS_104,1.7082336652112555,1.1306805351531095,
N1646,3,CS_33,3.0942050108215757,1.9686082927092567,
N1646,4,CS_102,3.863701763394271,2.4784661975961115,
N1646,5,CS_105,3.944968327379174,2.559949681389524,
N1646,6,CS_69,7.462267014030516,4.844917089460509,
N1646,7,CS_99,8.266359642831361,5.380978841994405,
N1647,1,CS_33,1.2298767612097343,0.8199178408064896,
N1647,2,CS_103,1.8231276244996037,1.1293652768156697,
N1647,3,CS_104,1.8231276244996037,1.1293652768156697,
N1647,4,CS_102,2.5551879328787437,1.651987003140483,
N1647,5,CS_105,2.6364544968636467,1.7334704869338957,
N1647,6,CS_69,6.153753183514989,4.0184378950048805,
N1647,7,CS_99,6.957845812315833,4.554499647538775,
N1648,1,CS_103,2.5846146750197123,1.649652040759776,
N1648,2,CS_104,2.5846146750197123,1.649652040759776,
N1648,3,CS_33,3.9705860206300327,2.4875797983159234,
N1648,4,CS_102,4.740082773202728,2.997437703202778,
N1648,5,CS_105,4.821349337187631,3.0789211869961903,
N1648,6,CS_69,8.338648023838973,5.363888595067176,
N1648,7,CS_99,9.142740652639816,5.899950347601071,
N1649,1,CS_103,1.8789442371881517,1.1828857970557871,
N1649,2,CS_104,1.8789442371881517,1.1828857970557871,
N1649,3,CS_33,3.264915582798472,2.020813554611934,
N1649,4,CS_102,4.034412335371168,2.530671459498789,
N1649,5,CS_105,4.11567889935607,2.612154943292202,
N1649,6,CS_69,7.632977586007412,4.897122351363187,
N1649,7,CS_99,8.437070214808257,5.433184103897082,
N1650,1,CS_103,2.3203482076919153,1.4972305559336723,
N1650,2,CS_104,2.3203482076919153,1.4972305559336723,
N1650,3,CS_33,3.7063195533022353,2.3351583134898193,
N1650,4,CS_102,4.475816305874931,2.845016218376674,
N1650,5,CS_105,4.557082869859833,2.926499702170087,
N1650,6,CS_69,8.074381556511176,5.211467110241071,
N1650,7,CS_99,8.878474185312019,5.747528862774967,
N1651,1,CS_103,1.9926487346430621,1.2993305774276425,
N1651,2,CS_104,1.9926487346430621,1.2993305774276425,
N1651,3,CS_33,3.3786200802533823,2.1372583349837897,
N1651,4,CS_102,4.148116832826078,2.6471162398706443,
N1651,5,CS_105,4.22938339681098,2.7285997236640567,
N1651,6,CS_69,7.746682083462323,5.013567131735042,
N1651,7,CS_99,8.550774712263166,5.549628884268937,
N1652,1,CS_103,1.4619712023895568,0.9334626783851114,
N1652,2,CS_104,1.4619712023895568,0.9334626783851114,
N1652,3,CS_33,2.847942547999877,1.7713904359412587,
N1652,4,CS_102,3.6174393005725722,2.2812483408281135,
N1652,5,CS_105,3.698705864557475,2.362731824621526,
N1652,6,CS_69,7.216004551208817,4.647699232692511,
N1652,7,CS_99,8.02009718000966,5.183760985226407,
N1653,1,CS_103,0.1758145144427814,0.1172096762951876,
N1653,2,CS_104,0.1758145144427814,0.1172096762951876,
N1653,3,CS_33,1.5617858600531016,0.9551374338513348,
N1653,4,CS_102,2.331282612625797,1.4649953387381898,
N1653,5,CS_105,2.4125491766107,1.5464788225316024,
N1653,6,CS_69,5.929847863262043,3.831446230602587,
N1653,7,CS_99,6.733940492062887,4.367507983136482,
N1654,1,CS_103,1.0066903399980063,0.6539040986387167,
N1654,2,CS_104,1.0066903399980063,0.6539040986387167,
N1654,3,CS_33,2.3926616856083265,1.491831856194864,
N1654,4,CS_102,3.162158438181022,2.001689761081719,
N1654,5,CS_105,3.2434250021659246,2.0831732448751312,
N1654,6,CS_69,6.760723688817267,4.368140652946116,
N1654,7,CS_99,7.56481631761811,4.904202405480012,
N1655,1,CS_103,0.9800423810601535,0.6355594241198369,
N1655,2,CS_104,0.9800423810601535,0.6355594241198369,
N1655,3,CS_33,1.9565639718376997,1.2361250049613324,
N1655,4,CS_102,2.726060724410395,1.7459829098481874,
N1655,5,CS_105,2.807327288395298,1.8274663936416,
N1655,6,CS_69,6.324625975046641,4.1124338017125845,
N1655,7,CS_99,7.128718603847485,4.64849555424648,
N1656,1,CS_103,1.2356389631383786,0.7860378427187733,
N1656,2,CS_104,1.2356389631383786,0.7860378427187733,
N1656,3,CS_33,1.7540165898253446,1.1210127197396427,
N1656,4,CS_102,2.52351334239804,1.6308706246264977,
N1656,5,CS_105,2.604779906382943,1.7123541084199103,
N1656,6,CS_69,6.122078593034286,3.997321516490895,
N1656,7,CS_99,6.92617122183513,4.533383269024791,
N1657,1,CS_102,0.10913321666042777,0.07275547777361852,
N1657,2,CS_105,2.294589197900296,1.5024203574633863,
N1657,3,CS_33,2.360527466214595,1.5222133586977173,
N1657,4,CS_103,2.3979639104081505,1.5094495372597587,
N1657,5,CS_104,2.3979639104081505,1.5094495372597587,
N1657,6,CS_69,3.707698467296673,2.4392063696380157,
N1657,7,CS_99,4.511791096097516,2.9752681221719115,
N1658,1,CS_24,6.491127804100193,4.2492031985700685,
N1658,2,CS_6,10.16054793429936,6.63514558649356,
N1658,3,CS_32,10.831817088662055,7.142996054944643,
N1658,4,CS_12,11.127908787127202,7.28006348286626,
N1658,5,CS_69,11.134094727327295,7.34451448072147,
N1658,6,CS_99,12.491433859549385,8.249407235536196,
N1658,7,CS_30,12.838492891434274,8.480779923459455,
N1659,1,CS_24,3.6431155624490517,2.4230061678657417,
N1659,2,CS_6,7.312535692648218,4.808948555789232,
N1659,3,CS_32,7.983804847010913,5.316799024240315,
N1659,4,CS_12,8.279896545476062,5.453866452161933,
N1659,5,CS_69,8.286082485676152,5.518317450017143,
N1659,6,CS_99,9.643421617898245,6.42321020483187,
N1659,7,CS_30,9.990480649783134,6.654582892755129,
N1660,1,CS_24,2.9795504481676156,1.9746914981473336,
N1660,2,CS_6,6.648970578366783,4.360633886070826,
N1660,3,CS_32,7.320239732729477,4.868484354521907,
N1660,4,CS_12,7.616331431194627,5.005551782443526,
N1660,5,CS_69,7.622517371394716,5.070002780298735,
N1660,6,CS_99,8.979856503616809,5.974895535113461,
N1660,7,CS_30,9.326915535501698,6.206268223036722,
N1661,1,CS_24,2.5494964040309043,1.6946604976549335,
N1661,2,CS_32,5.988374117571873,3.9872456400155794,
N1661,3,CS_69,6.2906517562371125,4.188764065792407,
N1661,4,CS_99,7.647990888459204,5.0936568206071335,
N1661,5,CS_102,8.230804171576377,5.44960640079215,
N1661,6,CS_6,8.85911352565095,5.840734213192343,
N1661,7,CS_12,9.82647437847879,6.485652109565043,
N1662,1,CS_24,5.229278136685047,3.4597160828791775,
N1662,2,CS_6,8.898698266884214,5.845658470802668,
N1662,3,CS_32,9.56996742124691,6.353508939253751,
N1662,4,CS_12,9.866059119712057,6.490576367175369,
N1662,5,CS_69,9.87224505991215,6.555027365030579,
N1662,6,CS_99,11.22958419213424,7.459920119845306,
N1662,7,CS_30,11.57664322401913,7.691292807768565,
N1663,1,CS_24,6.611731913808706,4.38796078337261,
N1663,2,CS_6,10.281152044007873,6.7739031712961015,
N1663,3,CS_32,10.952421198370567,7.281753639747183,
N1663,4,CS_12,11.248512896835715,7.418821067668802,
N1663,5,CS_69,11.254698837035807,7.483272065524011,
N1663,6,CS_99,12.612037969257898,8.388164820338737,
N1663,7,CS_30,12.959097001142787,8.619537508261997,
N1664,1,CS_24,4.998909305618878,3.299496314956925,
N1664,2,CS_6,8.668329435818046,5.685438702880416,
N1664,3,CS_32,9.33959859018074,6.193289171331498,
N1664,4,CS_12,9.635690288645888,6.330356599253117,
N1664,5,CS_69,9.64187622884598,6.394807597108326,
N1664,6,CS_99,10.999215361068071,7.299700351923052,
N1664,7,CS_30,11.34627439295296,7.531073039846313,
N1665,1,CS_6,1.9028229434098787,1.2508709040385741,
N1665,2,CS_12,9.23172285078664,6.016139439025314,
N1665,3,CS_24,9.38568574345326,6.179108405191545,
N1665,4,CS_30,10.942306955093711,7.216855879618509,
N1665,5,CS_32,12.845508978339321,8.485657228448916,
N1665,6,CS_69,13.147786617004561,8.687175654225742,
N1665,7,CS_28,13.798448344003516,9.102544537403785,
N1666,1,CS_6,1.4486076487682875,0.9657384325121917,
N1666,2,CS_12,8.204075154155358,5.348718699505804,
N1666,3,CS_24,8.358038046821976,5.511687665672034,
N1666,4,CS_30,9.914659258462429,6.549435140099001,
N1666,5,CS_32,11.817861281708039,7.818236488929406,
N1666,6,CS_69,12.120138920373279,8.019754914706233,
N1666,7,CS_28,12.770800647372234,8.435123797884279,
N1667,1,CS_6,1.4699877020580334,0.9643423218900959,
N1667,2,CS_12,7.8655171793608005,5.138662862458025,
N1667,3,CS_24,8.01948007202742,5.301631828624255,
N1667,4,CS_30,9.576101283667871,6.3393793030512215,
N1667,5,CS_32,11.479303306913481,7.608180651881627,
N1667,6,CS_69,11.781580945578721,7.809699077658454,
N1667,7,CS_28,12.432242672577676,8.225067960836498,
N1668,1,CS_6,4.105776611276937,2.667722403741446,
N1668,2,CS_12,5.073137464104784,3.3126403001141456,
N1668,3,CS_24,5.2271003567714045,3.475609266280375,
N1668,4,CS_30,6.783721568411854,4.513356740707342,
N1668,5,CS_32,8.686923591657465,5.782158089537749,
N1668,6,CS_69,8.989201230322706,5.983676515314576,
N1668,7,CS_28,9.63986295732166,6.3990453984926186,
N1669,1,CS_6,2.3257938154214477,1.4937224831744436,
N1669,2,CS_12,5.364690686880796,3.5126024484292837,
N1669,3,CS_24,5.518653579547417,3.675571414595513,
N1669,4,CS_30,7.0752747911878675,4.71331888902248,
N1669,5,CS_32,8.978476814433478,5.982120237852887,
N1669,6,CS_69,9.280754453098718,6.183638663629715,
N1669,7,CS_28,9.931416180097672,6.599007546807757,
N1670,1,CS_12,4.513341638966777,2.926650010846678,
N1670,2,CS_6,5.200690325954867,3.384871807684603,
N1670,3,CS_30,6.2239257432738455,4.127366451439874,
N1670,4,CS_24,6.322014071449333,4.192758670223532,
N1670,5,CS_28,9.080067132183652,6.013055109225151,
N1670,6,CS_44,9.695057176138338,6.441454073349536,
N1670,7,CS_32,9.781837306335394,6.499307493480906,
N1671,1,CS_12,4.306899033702191,2.7942597457496174,
N1671,2,CS_6,4.9942477206902804,3.2524815425875424,
N1671,3,CS_30,6.0174831380092595,3.9949761863428135,
N1671,4,CS_24,6.115571466184747,4.0603684051264715,
N1671,5,CS_28,8.873624526919066,5.88066484412809,
N1671,6,CS_44,9.48861457087375,6.309063808252475,
N1671,7,CS_32,9.575394701070808,6.366917228383845,
N1672,1,CS_12,4.069500593164652,2.660927541006766,
N1672,2,CS_30,8.886233422897963,5.811755723107157,
N1672,3,CS_6,11.511708391663552,7.501734670074929,
N1672,4,CS_28,11.742374811807768,7.697444380892434,
N1672,5,CS_44,12.357364855762455,8.125843345016818,
N1672,6,CS_24,12.633032137158017,8.309621532613859,
N1672,7,CS_34,15.511600488020578,10.228667099855565,
N1673,1,CS_12,3.6639868766400165,2.404615586731107,
N1673,2,CS_30,8.480719706373328,5.555443768831498,
N1673,3,CS_6,11.106194675138916,7.24542271579927,
N1673,4,CS_28,11.336861095283133,7.441132426616775,
N1673,5,CS_44,11.95185113923782,7.86953139074116,
N1673,6,CS_24,12.227518420633379,8.053309578338201,
N1673,7,CS_34,15.106086771495944,9.972355145579906,
N1674,1,CS_12,1.959523112473714,1.2884413307803646,
N1674,2,CS_30,6.776255942207028,4.439269512880756,
N1674,3,CS_6,9.401730910972615,6.129248459848528,
N1674,4,CS_28,9.632397331116833,6.324958170666033,
N1674,5,CS_44,10.247387375071519,6.753357134790417,
N1674,6,CS_24,10.52305465646708,6.9371353223874594,
N1674,7,CS_34,13.401623007329642,8.856180889629163,
N1675,1,CS_24,5.386845748724533,3.551059626090474,
N1675,2,CS_6,9.0562658789237,5.937002014013966,
N1675,3,CS_32,9.727535033286395,6.444852482465048,
N1675,4,CS_12,10.023626731751543,6.581919910386666,
N1675,5,CS_69,10.029812671951635,6.646370908241876,
N1675,6,CS_99,11.387151804173726,7.551263663056602,
N1675,7,CS_30,11.734210836058615,7.782636350979861,
N1676,1,CS_12,3.7693439323339804,2.4839456518596372,
N1676,2,CS_30,8.586076762067291,5.634773833960028,
N1676,3,CS_6,11.21155173083288,7.3247527809278,
N1676,4,CS_28,11.442218150977096,7.520462491745305,
N1676,5,CS_44,12.057208194931782,7.9488614558696895,
N1676,6,CS_24,12.332875476327343,8.13263964346673,
N1676,7,CS_34,15.211443827189905,10.051685210708436,
N1677,1,CS_12,0.19190507719528307,0.1220439594090052,
N1677,2,CS_30,5.008637906928595,3.2728721415093975,
N1677,3,CS_6,7.634112875694183,4.962851088477169,
N1677,4,CS_28,7.8647792958384,5.158560799294674,
N1677,5,CS_44,8.479769339793087,5.586959763419058,
N1677,6,CS_24,8.755436621188649,5.7707379510161,
N1677,7,CS_34,11.63400497205121,7.689783518257806,
N1678,1,CS_12,1.86196206262387,1.231884200432629,
N1678,2,CS_30,6.678694892357184,4.382712382533021,
N1678,3,CS_6,9.304169861122771,6.072691329500793,
N1678,4,CS_28,9.534836281266989,6.268401040318298,
N1678,5,CS_44,10.149826325221674,6.696800004442682,
N1678,6,CS_24,10.425493606617236,6.880578192039724,
N1678,7,CS_34,13.304061957479798,8.79962375928143,
N1679,1,CS_12,0.12413835190167272,0.0827589012677818,
N1679,2,CS_30,4.940871181634984,3.2335870833681737,
N1679,3,CS_6,7.566346150400573,4.923566030335945,
N1679,4,CS_28,7.79701257054479,5.119275741153451,
N1679,5,CS_44,8.412002614499476,5.547674705277835,
N1679,6,CS_24,8.687669895895036,5.731452892874877,
N1679,7,CS_34,11.5662382467576,7.650498460116583,
N1680,1,CS_12,1.996378233515584,1.3178729276345778,
N1680,2,CS_30,4.7944286271140975,3.1490046083967274,
N1680,3,CS_6,7.419903595879687,4.838983555364499,
N1680,4,CS_28,7.650570016023903,5.034693266182004,
N1680,5,CS_44,8.26556005997859,5.463092230306389,
N1680,6,CS_24,8.541227341374151,5.646870417903431,
N1680,7,CS_34,11.419795692236713,7.5659159851451365,
N1681,1,CS_12,2.173891626859914,1.418832633940388,
N1681,2,CS_30,4.572143234212332,3.0181969023859594,
N1681,3,CS_6,7.19761820297792,4.708175849353732,
N1681,4,CS_28,7.4282846231221376,4.903885560171236,
N1681,5,CS_44,8.043274667076824,5.332284524295621,
N1681,6,CS_24,8.318941948472384,5.516062711892663,
N1681,7,CS_34,11.197510299334947,7.435108279134368,
N1682,1,CS_155,4.630675179195554,3.087116786130369,
N1682,2,CS_81,10.006378326796566,6.576605168873457,
N1682,3,CS_78,11.840494953985692,7.857463736867004,
N1682,4,CS_79,12.161467880229617,8.071445687696286,
N1682,5,CS_80,16.710717422565995,11.104278715920541,
N1682,6,CS_145,17.19063354977401,11.424222800725882,
N1682,7,CS_83,18.112983460751565,12.039122741377584,
N1683,1,CS_111,1.270490017095422,0.8399380423932916,
N1683,2,CS_118,1.7591167145672857,1.1656891740412008,
N1683,3,CS_115,1.7994668167965462,1.1925892421940412,
N1683,4,CS_117,1.8872791958782478,1.2511308282485087,
N1683,5,CS_156,2.478695486448681,1.6454083552954646,
N1683,6,CS_110,2.5476360296379204,1.6913687174216236,
N1683,7,CS_83,3.101583889940314,2.0606672909565535,
N1684,1,CS_78,1.0698268937332107,0.694805079123148,
N1684,2,CS_79,1.3907998199771356,0.9087870299524313,
N1684,3,CS_80,5.940049362313515,3.9416200581766843,
N1684,4,CS_145,6.419965489521529,4.261564142982026,
N1684,5,CS_81,6.887758631419194,4.5079521715011355,
N1684,6,CS_155,7.214179684834515,4.791666407465213,
N1684,7,CS_83,7.342315400499083,4.87646408363373,
N1685,1,CS_144,5.976833541213681,3.9845556941424545,
N1685,2,CS_118,6.619149146232295,4.412766097488196,
N1685,3,CS_117,6.747311627543257,4.498207751695504,
N1685,4,CS_152,7.450779679412213,4.967186452941475,
N1685,5,CS_80,7.541789087584337,5.027859391722892,
N1685,6,CS_110,8.50750088399125,5.6716672559941665,
N1685,7,CS_120,8.508201041152722,5.672134027435148,
N1686,1,CS_144,4.890410865538379,3.2602739103589196,
N1686,2,CS_118,5.532726470556992,3.688484313704661,
N1686,3,CS_117,5.660888951867954,3.773925967911969,
N1686,4,CS_152,6.36435700373691,4.242904669157941,
N1686,5,CS_80,6.455366411909035,4.303577607939356,
N1686,6,CS_110,7.421078208315948,4.947385472210631,
N1686,7,CS_120,7.421778365477419,4.947852243651612,
N1687,1,CS_144,3.4091813508652375,2.2727875672434914,
N1687,2,CS_118,3.6544068350132664,2.436271223342177,
N1687,3,CS_117,3.782569316324228,2.521712877549485,
N1687,4,CS_152,4.117461400837542,2.744974267225028,
N1687,5,CS_80,4.974136897235892,3.3160912648239282,
N1687,6,CS_110,5.542758572772223,3.6951723818481477,
N1687,7,CS_83,5.917059441933556,3.9447062946223697,
N1688,1,CS_150,4.624340671521017,3.063456154722105,
N1688,2,CS_82,4.8040015110778365,3.183230047759985,
N1688,3,CS_83,4.98481310015872,3.2893198342107466,
N1688,4,CS_76,5.167874617787982,3.411360845963587,
N1688,5,CS_115,6.2147916796179405,4.109305553850225,
N1688,6,CS_112,7.186352141302325,4.757012528306482,
N1688,7,CS_114,7.199034924213564,4.765467716913975,
N1689,1,CS_80,7.454479899829298,4.95054441375678,
N1689,2,CS_78,8.634902866556496,5.737493058241578,
N1689,3,CS_83,8.856745938014866,5.885388439213824,
N1689,4,CS_79,8.955875792800422,5.951475009070862,
N1689,5,CS_152,9.411899248025259,6.255490645887419,
N1689,6,CS_144,9.506973466581242,6.318873458258075,
N1689,7,CS_118,10.327253341700366,6.86572670833749,
N1690,1,CS_113,5.654715382116353,3.7698102547442356,
N1690,2,CS_120,7.650971312363159,5.100647541575438,
N1690,3,CS_118,7.864444422258973,5.242962948172649,
N1690,4,CS_117,7.992606903569936,5.328404602379957,
N1690,5,CS_127,8.04739044241519,5.364926961610127,
N1690,6,CS_141,8.417910022884293,5.611940015256193,
N1690,7,CS_152,9.665054752667086,6.44336983511139,
N1691,1,CS_83,1.3382836886057103,0.8862985154920622,
N1691,2,CS_76,1.5213452062349713,1.0083395272449027,
N1691,3,CS_115,2.5682622680649283,1.7062842351315408,
N1691,4,CS_112,3.5398227297493143,2.3539912095877975,
N1691,5,CS_114,3.552505512660553,2.362446398195291,
N1691,6,CS_156,3.725109161994376,2.4775154977511726,
N1691,7,CS_152,4.24977994889271,2.8272960223500627,
N1692,1,CS_114,3.4786249953284374,2.310892685136113,
N1692,2,CS_119,4.912345593401466,3.266706417184799,
N1692,3,CS_76,5.317702277023707,3.536944206266292,
N1692,4,CS_154,5.520471181279926,3.6721234757704377,
N1692,5,CS_156,5.788797024815687,3.851007371460945,
N1692,6,CS_83,6.43260572196297,4.280213169559134,
N1692,7,CS_115,6.483601977407958,4.314210673189127,
N1693,1,CS_83,4.29855423319486,2.8413683964846834,
N1693,2,CS_76,4.481615750824122,2.9634094082375237,
N1693,3,CS_150,5.310599538484878,3.5114075924481676,
N1693,4,CS_82,5.490260378041698,3.6311814854860476,
N1693,5,CS_115,5.528532812654079,3.6613541161241616,
N1693,6,CS_112,6.500093274338464,4.3090610905804185,
N1693,7,CS_114,6.512776057249704,4.317516279187912,
N1694,1,CS_83,2.166870238890814,1.4337376083079636,
N1694,2,CS_76,2.3499317565200757,1.5557786200608041,
N1694,3,CS_115,3.396848818350032,2.2537233279474416,
N1694,4,CS_112,4.368409280034418,2.9014303024036985,
N1694,5,CS_114,4.381092062945658,2.909885491011192,
N1694,6,CS_156,4.55369571227948,3.0249545905670736,
N1694,7,CS_152,5.078366499177815,3.374735115165964,
N1695,1,CS_83,1.5116178873231956,1.0077452582154638,
N1695,2,CS_115,1.8167174978087444,1.211144998539163,
N1695,3,CS_112,2.163003320658404,1.4420022137722697,
N1695,4,CS_114,2.2748951577111,1.5165967718073998,
N1695,5,CS_76,2.4496556567926615,1.633103771195107,
N1695,6,CS_156,2.9735643917381918,1.9823762611587947,
N1695,7,CS_152,4.423114147610195,2.9487427650734643,
N1696,1,CS_142,0.9231977182046778,0.6154651454697851,
N1696,2,CS_141,3.889895863717875,2.5932639091452496,
N1696,3,CS_111,4.530739151231552,3.0204927674877013,
N1696,4,CS_120,4.658013815883118,3.105342543922079,
N1696,5,CS_138,4.814506666386011,3.2096711109240066,
N1696,6,CS_156,4.861362486131455,3.2409083240876364,
N1696,7,CS_128,4.920292266493257,3.2801948443288373,
N1697,1,CS_114,1.8747454405926844,1.2393510599155686,
N1697,2,CS_156,3.6534011930612085,2.4251215615612516,
N1697,3,CS_76,3.713822722287954,2.465402581045748,
N1697,4,CS_154,4.289915972997094,2.849464748185175,
N1697,5,CS_119,4.300625378895538,2.8566043521174715,
N1697,6,CS_115,4.348206145653481,2.8883248632894327,
N1697,7,CS_83,4.828726167227216,3.20867154433859,
N1698,1,CS_156,1.948084800814697,1.2987232005431315,
N1698,2,CS_138,1.9621876199751802,1.3081250799834536,
N1698,3,CS_128,2.067973220082426,1.3786488133882842,
N1698,4,CS_161,2.192233036517722,1.4614886910118146,
N1698,5,CS_115,2.6428897534069686,1.7619265022713126,
N1698,6,CS_114,2.6769273260900657,1.7846182173933773,
N1698,7,CS_149,3.4709938857490448,2.313995923832697,
N1699,1,CS_154,1.7976211526706807,1.198414101780454,
N1699,2,CS_119,3.465187024224393,2.3101246828162627,
N1699,3,CS_114,4.643419932964717,3.095613288643145,
N1699,4,CS_84,4.784941125552361,3.189960750368241,
N1699,5,CS_145,5.561156884999259,3.7074379233328405,
N1699,6,CS_138,6.394737243204143,4.263158162136096,
N1699,7,CS_156,6.453161658229266,4.3021077721528425,
N1700,1,CS_114,3.110720902662818,2.053092030437176,
N1700,2,CS_156,4.8893766551313425,3.2388625320828583,
N1700,3,CS_76,4.949798184358088,3.2791435515673553,
N1700,4,CS_154,5.525891435067227,3.6632057187067817,
N1700,5,CS_119,5.536600840965672,3.6703453226390788,
N1700,6,CS_115,5.584181607723614,3.7020658338110395,
N1700,7,CS_83,6.06470162929735,4.022412514860197,
N1701,1,CS_149,0.018207660307641472,0.012138440205094315,
N1701,2,CS_138,1.9854558920307424,1.3236372613538285,
N1701,3,CS_128,2.0912414921379883,1.394160994758659,
N1701,4,CS_131,2.138124976880686,1.4254166512537902,
N1701,5,CS_161,2.215501308573284,1.4770008723821895,
N1701,6,CS_133,2.824444748113369,1.8798540910276507,
N1701,7,CS_151,3.7162101260559797,2.4774734173706534,
N1702,1,CS_138,2.7845193942236213,1.8563462628157472,
N1702,2,CS_128,2.890304994330867,1.926869996220578,
N1702,3,CS_161,3.0145648107661627,2.0097098738441086,
N1702,4,CS_131,3.2996324424248815,2.1997549616165877,
N1702,5,CS_154,3.797391675469201,2.531594450312801,
N1702,6,CS_149,3.946619916597565,2.631079944398377,
N1702,7,CS_133,4.329979812970606,2.8835441342658097,
N1703,1,CS_151,2.97090763643239,1.9806050909549267,
N1703,2,CS_127,3.813715343626184,2.5424768957507897,
N1703,3,CS_120,4.159421836028153,2.772947890685436,
N1703,4,CS_149,4.175299730882941,2.7835331539219608,
N1703,5,CS_141,4.926360546549286,3.2842403643661906,
N1703,6,CS_133,5.029529523139034,3.3499106077114273,
N1703,7,CS_135,5.242167886203128,3.4947785908020856,
N1704,1,CS_122,1.1446213899322868,0.7479893346320072,
N1704,2,CS_140,1.2961156579184023,0.8489855132894177,
N1704,3,CS_121,4.0948298650489825,2.698386725553909,
N1704,4,CS_137,4.914414443484798,3.2611847036670145,
N1704,5,CS_135,15.50741762350203,10.323186823678503,
N1704,6,CS_125,16.122396518876705,10.690465872399647,
N1704,7,CS_124,16.13787257412443,10.700783242564796,
N1705,1,CS_137,2.7049941769310135,1.8033294512873423,
N1705,2,CS_122,3.549058711577051,2.3660391410513673,
N1705,3,CS_140,3.7005529795631666,2.4670353197087773,
N1705,4,CS_121,5.265003500938331,3.4935940748029917,
N1705,5,CS_135,13.297997356948246,8.86533157129883,
N1705,6,CS_125,13.91297625232292,9.232610620019974,
N1705,7,CS_124,13.928452307570645,9.242927990185123,
N1706,1,CS_122,0.435298922466155,0.2901992816441033,
N1706,2,CS_140,0.5867931904522705,0.3911954603015137,
N1706,3,CS_121,3.3855073975828502,2.240596672566005,
N1706,4,CS_137,4.205091976018665,2.8033946506791105,
N1706,5,CS_135,14.798095156035897,9.8653967706906,
N1706,6,CS_125,15.413074051410572,10.232675819411744,
N1706,7,CS_124,15.428550106658296,10.242993189576893,
N1707,1,CS_132,0.12069162684795187,0.08046108456530125,
N1707,2,CS_131,3.1566874808602465,2.1044583205734977,
N1707,3,CS_138,4.925623652521952,3.2837491016813005,
N1707,4,CS_149,5.025038833785549,3.3500258891903667,
N1707,5,CS_128,5.031409252629198,3.3542728350861313,
N1707,6,CS_133,5.083651378613055,3.385991844694109,
N1707,7,CS_161,5.155669069064493,3.437112712709662,
N1708,1,CS_122,2.1365269312317228,1.4144451785775687,
N1708,2,CS_140,2.2880211992178383,1.5154413572349792,
N1708,3,CS_121,3.852471720593002,2.5420001123291933,
N1708,4,CS_137,4.672056299028817,3.104798090442298,
N1708,5,CS_135,15.26505947904605,10.166800210453788,
N1708,6,CS_125,15.880038374420725,10.534079259174932,
N1708,7,CS_124,15.895514429668449,10.544396629340081,
N1709,1,CS_134,2.6477465159629365,1.765164343975291,
N1709,2,CS_123,3.1849450601940887,2.1232967067960593,
N1709,3,CS_131,4.468524479331222,2.9790163195541486,
N1709,4,CS_133,4.8355899805314655,3.2206175793063823,
N1709,5,CS_149,5.0962317057364,3.3974878038242666,
N1709,6,CS_138,5.3408441237858435,3.5605627491905616,
N1709,7,CS_128,5.446629723893089,3.6310864825953924,
N1710,1,CS_135,2.8717889878402825,1.9114166728162776,
N1710,2,CS_134,4.525967844527655,3.0142025772745265,
N1710,3,CS_151,4.708259302676316,3.1357302160402996,
N1710,4,CS_125,4.763660063189324,3.129957174853668,
N1710,5,CS_124,4.779136118437048,3.140274545018818,
N1710,6,CS_133,5.064487666989321,3.370106717867708,
N1710,7,CS_131,5.563683686700133,3.7060131387228443,
N1711,1,CS_88,2.739767504746478,1.8265116698309853,
N1711,2,CS_91,4.94886842509119,3.2740999573483176,
N1711,3,CS_93,5.988459213109943,3.948829870634468,
N1711,4,CS_87,9.077910888076048,6.051940592050698,
N1711,5,CS_95,9.4275862569395,6.285057504626333,
N1711,6,CS_98,10.106959937752594,6.737973291835062,
N1711,7,CS_96,10.163860625554925,6.775907083703283,
N1712,1,CS_158,0.9891181028905065,0.7418293043015761,
N1712,2,CS_102,7.372122561251443,4.882155765607862,
N1712,3,CS_105,9.55757854249131,6.3118206452976295,
N1712,4,CS_33,9.62351681080561,6.33161364653196,
N1712,5,CS_103,9.660953254999166,6.318849825094002,
N1712,6,CS_104,9.660953254999166,6.318849825094002,
N1712,7,CS_69,10.221057815013056,6.814038543342039,
N1713,1,CS_110,0.43577540628978745,0.29051693752652497,
N1713,2,CS_118,2.3874295292859653,1.5916196861906433,
N1713,3,CS_117,2.515592010596927,1.6770613403979513,
N1713,4,CS_141,2.818225413548323,1.878816942365549,
N1713,5,CS_111,3.2819005720645436,2.187933714709695,
N1713,6,CS_120,3.4576012281217285,2.305067485414486,
N1713,7,CS_152,4.188039859694077,2.792026573129385,
N1714,1,CS_113,1.7560727760038795,1.1707151840025862,
N1714,2,CS_120,5.185519731942174,3.457013154628116,
N1714,3,CS_118,5.398992841837989,3.599328561225326,
N1714,4,CS_117,5.527155323148952,3.6847702154326343,
N1714,5,CS_141,5.952458442463306,3.9683056283088707,
N1714,6,CS_127,6.982583760040843,4.655055840027228,
N1714,7,CS_152,7.199603172246101,4.799735448164068,
N1715,1,CS_81,2.3886789452404162,1.5122456721545532,
N1715,2,CS_155,4.443364527686179,2.9481362608055908,
N1715,3,CS_78,5.9510601014599835,3.9452805928350605,
N1715,4,CS_79,6.272033027703909,4.159262543664344,
N1715,5,CS_80,10.821282570040287,7.192095571888596,
N1715,6,CS_145,11.301198697248301,7.512039656693938,
N1715,7,CS_83,12.223548608225855,8.126939597345642,
N1716,1,CS_80,5.006602099302645,3.33773473286843,
N1716,2,CS_78,6.187025066029844,4.12468337735323,
N1716,3,CS_83,6.408868137488213,4.2725787583254755,
N1716,4,CS_79,6.507997992273769,4.338665328182513,
N1716,5,CS_152,6.964021447498604,4.64268096499907,
N1716,6,CS_144,7.0590956660545885,4.7060637773697245,
N1716,7,CS_118,7.879375541173713,5.252917027449142,
N1717,1,CS_152,0.6161935172405223,0.41079567816034823,
N1717,2,CS_118,1.5315476109156305,1.0210317406104203,
N1717,3,CS_117,1.6597100922265926,1.1064733948177283,
N1717,4,CS_83,2.361710656289497,1.5744737708596643,
N1717,5,CS_115,3.1627743131560186,2.1085162087706792,
N1717,6,CS_110,3.419899348674586,2.2799328991163907,
N1717,7,CS_156,3.842002982808154,2.561335321872103,
N1718,1,CS_84,0.5939993728272266,0.3959995818848177,
N1718,2,CS_154,2.870096087906612,1.9133973919377416,
N1718,3,CS_119,3.5360401467616067,2.3573600978410716,
N1718,4,CS_114,4.7142730555019305,3.142848703667954,
N1718,5,CS_145,5.632010007536473,3.7546733383576494,
N1718,6,CS_156,6.52401478076648,4.349343187177651,
N1718,7,CS_76,6.553350337197201,4.368900224798134,
N1719,1,CS_127,2.9602415171516365,1.9734943447677575,
N1719,2,CS_151,4.73652325986645,3.1576821732443,
N1719,3,CS_120,5.119927419225392,3.4132849461502612,
N1719,4,CS_149,5.699269499782053,3.799512999854701,
N1719,5,CS_141,5.886866129746523,3.924577419831016,
N1719,6,CS_133,6.795145146573094,4.526987690000801,
N1719,7,CS_135,7.007783509637188,4.671855673091459,
N1720,1,CS_134,3.1952531949249883,2.128500872716974,
N1720,2,CS_135,4.436733057003295,2.956154114102511,
N1720,3,CS_123,6.099646203453412,4.064762878402591,
N1720,4,CS_151,6.273203371839328,4.180467657326533,
N1720,5,CS_133,6.629431736152332,4.414844159153941,
N1720,6,CS_131,7.128627755863144,4.750750580009078,
N1720,7,CS_149,7.756334982268321,5.169222064279195,
N1721,1,CS_131,2.2808336230336916,1.5205557486891277,
N1721,2,CS_132,2.90450000370599,1.9363333358039931,
N1721,3,CS_138,4.049769794695397,2.6998465297969303,
N1721,4,CS_149,4.149184975958995,2.766123317305997,
N1721,5,CS_128,4.155555394802643,2.770370263201761,
N1721,6,CS_133,4.2077975207865,2.802089272809739,
N1721,7,CS_161,4.279815211237938,2.8532101408252917,
N1722,1,CS_154,4.565674576681504,3.043783051121002,
N1722,2,CS_129,5.894123651542024,3.925887510941269,
N1722,3,CS_126,5.986415792632143,3.987415605001348,
N1722,4,CS_119,6.233240448235216,4.1554936321568094,
N1722,5,CS_114,7.41147335697554,4.940982237983692,
N1722,6,CS_84,7.552994549563184,5.035329699708788,
N1722,7,CS_145,8.329210309010081,5.552806872673387,
N1723,1,CS_98,1.9861602661415718,1.3241068440943813,
N1723,2,CS_96,2.0430609539439035,1.3620406359626023,
N1723,3,CS_95,2.2619509597926064,1.5079673065284043,
N1723,4,CS_97,2.838815585088178,1.8868107879944458,
N1723,5,CS_87,3.32390841165791,2.2159389411052732,
N1723,6,CS_89,5.15844018845679,3.4389601256378604,
N1723,7,CS_145,5.38333334485295,3.5888888965686325,
N1724,1,CS_162,1.5451161301095693,1.158822612299523,
N1724,2,CS_99,11.280763420471768,7.520508946981178,
N1724,3,CS_106,11.403601562586097,7.602401041724066,
N1724,4,CS_148,12.729998450989097,8.486665633992732,
N1724,5,CS_69,13.995280172174317,9.330186781449544,
N1724,6,CS_102,14.100270449238643,9.367587690932663,
N1724,7,CS_153,14.265067384041323,9.510044922694217,
N1725,1,CS_99,6.034935668423835,4.02329044561589,
N1725,2,CS_106,6.152557066064976,4.101704710709985,
N1725,3,CS_148,7.478953954467976,4.985969302978651,
N1725,4,CS_69,8.09042033473097,5.393613556487313,
N1725,5,CS_153,9.014022887520202,6.009348591680135,
N1725,6,CS_108,9.097844025769216,6.065229350512812,
N1725,7,CS_109,9.100033473998831,6.066688982665887,
N1726,1,CS_98,0.2120669706672387,0.1413779804448258,
N1726,2,CS_96,0.2689676584695702,0.17931177231304682,
N1726,3,CS_97,1.0647222896138449,0.7040819243448903,
N1726,4,CS_95,2.616296878149633,1.7441979187664223,
N1726,5,CS_87,4.341062051586197,2.8940413677241312,
N1726,6,CS_89,5.512786106813817,3.675190737875878,
N1726,7,CS_145,5.7376792632099765,3.8251195088066505,
N1727,1,CS_97,0.31084468813171556,0.20722979208781037,
N1727,2,CS_98,0.9659445721493679,0.6382301127019057,
N1727,3,CS_96,1.0228452599516995,0.6761639045701268,
N1727,4,CS_95,3.3701744796317623,2.241050051023502,
N1727,5,CS_87,5.094939653068326,3.3908934999812113,
N1727,6,CS_89,6.266663708295946,4.172042870132958,
N1727,7,CS_145,6.491556864692106,4.32197164106373,
N1728,1,CS_133,0.8221202257680013,0.5480801505120008,
N1728,2,CS_131,1.392824956247832,0.9254408964506264,
N1728,3,CS_149,2.020532182653009,1.3439123807207443,
N1728,4,CS_135,2.2582100425152842,1.5023642872955947,
N1728,5,CS_138,2.265144600702453,1.5069873260870406,
N1728,6,CS_128,2.3709302008096986,1.577511059491871,
N1728,7,CS_161,2.495190017244995,1.6603509371154015,
N1729,1,CS_138,2.9386775987421423,1.9499984637437948,
N1729,2,CS_128,3.044463198849388,2.0205221971486256,
N1729,3,CS_161,3.1687230152846837,2.103362074772156,
N1729,4,CS_149,4.197253933014627,2.7890493532587852,
N1729,5,CS_131,4.250507836600972,2.824551955649681,
N1729,6,CS_133,5.280855207146697,3.5083411282989028,
N1729,7,CS_156,5.910808408637492,3.9314190036740273,
N1730,1,CS_145,3.8722526114979274,2.559498039346491,
N1730,2,CS_119,4.459816143650353,2.9512070607814413,
N1730,3,CS_89,5.669028011821467,3.7573483062288506,
N1730,4,CS_154,5.920070288037539,3.9247098237062317,
N1730,5,CS_114,6.608582298453606,4.383717830650277,
N1730,6,CS_95,6.767241504530981,4.489490634701859,
N1730,7,CS_84,7.905768448220501,5.24850859716154,
N1731,1,CS_151,9.138965610381218,6.090363774748194,
N1731,2,CS_127,9.740127463040064,6.491138343187425,
N1731,3,CS_120,9.74650393150531,6.495389322164258,
N1731,4,CS_149,9.7623818263601,6.505974585400782,
N1731,5,CS_141,10.513442642026446,7.006681795845013,
N1731,6,CS_133,11.197587497087861,7.459669291504695,
N1731,7,CS_135,11.410225860151956,7.604537274595353,
N1732,1,CS_129,5.832327940627165,3.8398267740796337,
N1732,2,CS_126,5.924620081717284,3.9013548681397126,
N1732,3,CS_154,8.599404676639068,5.688072854840984,
N1732,4,CS_119,10.26697054819278,6.799783435876792,
N1732,5,CS_114,11.445203456933104,7.585272041703675,
N1732,6,CS_84,11.58672464952075,7.67961950342877,
N1732,7,CS_145,12.362940408967647,8.19709667639337,
N1733,1,CS_114,0.921203477269658,0.6141356515131055,
N1733,2,CS_119,2.354924075342686,1.569949383561791,
N1733,3,CS_76,2.7602807589649276,1.8401871726432848,
N1733,4,CS_154,2.9630496632211463,1.9753664421474308,
N1733,5,CS_156,3.2313755067569065,2.154250337837938,
N1733,6,CS_83,3.8751842039041895,2.5834561359361263,
N1733,7,CS_115,3.9261804593491783,2.6174536395661185,
N1734,1,CS_144,4.402784757517275,2.9351898383448507,
N1734,2,CS_118,4.643351541025257,3.0955676940168373,
N1734,3,CS_117,4.771514022336219,3.1810093482241455,
N1734,4,CS_152,5.474982074205175,3.6499880494701173,
N1734,5,CS_80,5.967740303887931,3.9784935359252875,
N1734,6,CS_110,6.531703278784213,4.354468852522809,
N1734,7,CS_120,6.5324034359456835,4.354935623963788,
N1735,1,CS_145,2.020078757840411,1.3467191718936073,
N1735,2,CS_119,3.5521936890731243,2.36812912604875,
N1735,3,CS_89,3.8168541581639506,2.544569438775967,
N1735,4,CS_95,4.915067650873464,3.276711767248977,
N1735,5,CS_154,5.01244783346031,3.34163188897354,
N1735,6,CS_114,5.700959843876378,3.8006398959175858,
N1735,7,CS_78,6.318234682258231,4.21215645483882,
N1736,1,CS_145,1.605393045088098,1.070262030058732,
N1736,2,CS_119,4.143274153761844,2.7621827691745624,
N1736,3,CS_89,4.407934622852669,2.93862308190178,
N1736,4,CS_95,5.5061481155621825,3.670765410374789,
N1736,5,CS_154,5.60352829814903,3.7356855320993527,
N1736,6,CS_114,6.292040308565097,4.194693539043398,
N1736,7,CS_78,6.909315146946948,4.606210097964633,
N1737,1,CS_133,5.025092301739935,3.3253426726317006,
N1737,2,CS_131,5.0446977669599775,3.3415220571596573,
N1737,3,CS_149,5.672404993365154,3.7599935414297754,
N1737,4,CS_138,5.917017411414598,3.9230684867960703,
N1737,5,CS_128,6.022803011521844,3.993592220200901,
N1737,6,CS_161,6.147062827957139,4.076432097824432,
N1737,7,CS_130,6.1620787741962895,4.086442728650533,
N1738,1,CS_130,0.23359853946777268,0.15573235964518178,
N1738,2,CS_133,4.990104094051697,3.3236269883198686,
N1738,3,CS_131,5.009709559271739,3.3398063728478253,
N1738,4,CS_149,5.6374167856769155,3.7582778571179434,
N1738,5,CS_138,5.8820292037263595,3.9213528024842383,
N1738,6,CS_128,5.987814803833605,3.991876535889069,
N1738,7,CS_161,6.112074620268901,4.0747164135126,
N1739,1,CS_113,0.21856910471447927,0.14571273647631952,
N1739,2,CS_120,4.932161340449566,3.288107560299711,
N1739,3,CS_118,5.145634450345382,3.4304229668969213,
N1739,4,CS_117,5.273796931656344,3.5158646211042295,
N1739,5,CS_141,5.699100050970698,3.799400033980466,
N1739,6,CS_127,6.729225368548235,4.486150245698823,
N1739,7,CS_152,6.946244780753493,4.630829853835663,
N1740,1,CS_154,3.572074764617766,2.381383176411844,
N1740,2,CS_119,5.239640636171479,3.4930937574476517,
N1740,3,CS_114,6.417873544911803,4.278582363274534,
N1740,4,CS_84,6.559394737499446,4.3729298249996305,
N1740,5,CS_145,7.3356104969463445,4.890406997964229,
N1740,6,CS_156,8.22761527017635,5.485076846784233,
N1740,7,CS_76,8.256950826607072,5.504633884404715,
N1741,1,CS_153,2.876076581212322,1.9173843874748813,
N1741,2,CS_108,2.959897719461337,1.9732651463075581,
N1741,3,CS_109,2.962087167690951,1.974724778460634,
N1741,4,CS_148,4.298396787429694,2.865597858286463,
N1741,5,CS_106,5.666660724471625,3.7777738163144168,
N1741,6,CS_107,8.119625562606949,5.413083708404633,
N1741,7,CS_99,8.405373726457176,5.603582484304784,
N1742,1,CS_131,4.304972332537792,2.8607376625066876,
N1742,2,CS_138,4.737160382484236,3.1488630291376487,
N1742,3,CS_128,4.842945982591481,3.2193867625424795,
N1742,4,CS_161,4.967205799026777,3.30222664016601,
N1742,5,CS_149,5.276707158256011,3.5085608796521672,
N1742,6,CS_133,5.335319703083517,3.544526835155909,
N1742,7,CS_135,6.6999008090617815,4.457356646856014,
N1743,1,CS_129,0.25067099372106016,0.1671139958140401,
N1743,2,CS_126,0.34296313481117885,0.22864208987411924,
N1743,3,CS_154,7.641407239209876,5.0907432360531715,
N1743,4,CS_119,9.308973110763588,6.20245381708898,
N1743,5,CS_114,10.48720601950391,6.987942422915863,
N1743,6,CS_84,10.628727212091556,7.082289884640958,
N1743,7,CS_145,11.404942971538455,7.599767057605558,
N1744,1,CS_127,7.5259217940443985,4.985120833642351,
N1744,2,CS_151,9.302203536759212,6.169308662118891,
N1744,3,CS_120,9.685607696118153,6.424911435024854,
N1744,4,CS_149,10.264949776674815,6.811139488729294,
N1744,5,CS_141,10.452546406639287,6.936203908705609,
N1744,6,CS_133,11.360825423465855,7.538614178875393,
N1744,7,CS_135,11.573463786529949,7.683482161966051,
N1745,1,CS_85,2.8478228012296953,1.89854853415313,
N1745,2,CS_147,5.04879682933713,3.311864769019931,
N1745,3,CS_90,6.12402410231256,4.0286829510035504,
N1745,4,CS_92,8.073381309189331,5.366282189293764,
N1745,5,CS_86,8.75828097915822,5.822881969273023,
N1745,6,CS_139,12.828578326060162,8.524634858168456,
N1745,7,CS_94,19.72971456707127,13.137171027881722,
N1746,1,CS_146,2.296409904749754,1.4431491105215863,
N1746,2,CS_120,3.7993416445540142,2.5292142894098193,
N1746,3,CS_141,3.853154293904209,2.5650893889766158,
N1746,4,CS_118,4.068016264074951,2.708330702423777,
N1746,5,CS_117,4.196178745385914,2.7937723566310853,
N1746,6,CS_113,5.1928214764109155,3.458200843981087,
N1746,7,CS_127,5.596405672652683,3.7272569748089315,
N1747,1,CS_135,3.9394065865124666,2.6196333201275968,
N1747,2,CS_134,5.59358544319984,3.722419224585846,
N1747,3,CS_151,5.7758769013485,3.843946863351619,
N1747,4,CS_125,5.831277661861509,3.8381738221649875,
N1747,5,CS_124,5.846753717109233,3.8484911923301373,
N1747,6,CS_133,6.1321052656615045,4.078323365179027,
N1747,7,CS_131,6.631301285372317,4.414229786034163,
N1748,1,CS_135,5.329628405555997,3.5433385850409183,
N1748,2,CS_134,6.98380726224337,4.646124489499168,
N1748,3,CS_151,7.16609872039203,4.76765212826494,
N1748,4,CS_125,7.221499480905039,4.7618790870783085,
N1748,5,CS_124,7.236975536152763,4.772196457243458,
N1748,6,CS_133,7.522327084705035,5.002028630092348,
N1748,7,CS_131,8.021523104415847,5.337935050947485,
N1749,1,CS_107,4.094808826763007,2.729872551175338,
N1749,2,CS_100,4.64356464976147,3.0957097665076474,
N1749,3,CS_101,4.8686593333221,3.2457728888814006,
N1749,4,CS_148,5.386879338721852,3.5912528924812346,
N1749,5,CS_106,6.755143275763783,4.503428850509189,
N1749,6,CS_153,6.9219482717740775,4.614632181182719,
N1749,7,CS_108,7.005769410023092,4.670512940015396,
N1750,1,CS_133,2.8240269754627274,1.8743358862176214,
N1750,2,CS_131,3.3232229951735386,2.2102423070727575,
N1750,3,CS_135,3.8019347788134437,2.5293834961660275,
N1750,4,CS_149,3.950930221578716,2.628713791342876,
N1750,5,CS_138,4.19554263962816,2.791788736709171,
N1750,6,CS_128,4.301328239735406,2.8623124701140017,
N1750,7,CS_151,4.31232811443353,2.8696457199127523,
N1751,1,CS_137,5.345171640584322,3.563447760389548,
N1751,2,CS_122,6.189236175230359,4.126157450153572,
N1751,3,CS_140,6.340730443216476,4.227153628810983,
N1751,4,CS_121,7.905180964591639,5.253712383905197,
N1751,5,CS_135,15.938174820601555,10.625449880401037,
N1751,6,CS_125,16.55315371597623,10.992728929122181,
N1751,7,CS_124,16.568629771223954,11.00304629928733,
N1752,1,CS_94,4.158351626597527,2.772234417731685,
N1752,2,CS_91,8.13635500526932,5.399091010800404,
N1752,3,CS_88,12.330179325941447,8.220119550627633,
N1752,4,CS_86,15.295736486892421,10.19715765792828,
N1752,5,CS_93,15.57887103430491,10.342437751431117,
N1752,6,CS_147,18.022319309200107,11.976851772427704,
N1752,7,CS_87,18.668322709271017,12.445548472847346,
N1753,1,CS_151,2.0225916331952547,1.3483944221301696,
N1753,2,CS_135,4.293851882965993,2.8625679219773286,
N1753,3,CS_127,4.942583378102578,3.2950555854017183,
N1753,4,CS_133,5.160473582899085,3.437206647551461,
N1753,5,CS_120,5.2882898705045465,3.5255265803363645,
N1753,6,CS_149,5.304167765359335,3.5361118435728893,
N1753,7,CS_131,5.659669602609897,3.7731130684065977,
N1754,1,CS_135,8.282662955642213,5.5141057594855285,
N1754,2,CS_134,9.936841812329586,6.616891663943777,
N1754,3,CS_151,10.119133270478244,6.73841930270955,
N1754,4,CS_125,10.174534030991255,6.732646261522919,
N1754,5,CS_124,10.19001008623898,6.742963631688069,
N1754,6,CS_133,10.47536163479125,6.972795804536959,
N1754,7,CS_131,10.974557654502064,7.308702225392096,
N1755,1,CS_107,16.46081016928513,11.55561735792664,
N1755,2,CS_100,17.00956599228359,11.921454573258949,
N1755,3,CS_101,17.23466067584422,12.071517695632702,
N1755,4,CS_148,17.752880681243976,12.416997699232535,
N1755,5,CS_106,19.121144618285907,13.329173657260489,
N1755,6,CS_153,19.287949614296203,13.44037698793402,
N1755,7,CS_108,19.37177075254522,13.496257746766696,
N1756,1,CS_137,6.960734359733515,4.58464526333136,
N1756,2,CS_135,8.369523088535923,5.523837749199632,
N1756,3,CS_125,8.984501983910597,5.891116797920778,
N1756,4,CS_124,8.999978039158322,5.9014341680859275,
N1756,5,CS_107,9.066138774568572,5.988248206554731,
N1756,6,CS_100,9.614894597567037,6.35408542188704,
N1756,7,CS_101,9.839989281127666,6.5041485442607945,
N1757,1,CS_107,16.77057865295941,11.818135901214998,
N1757,2,CS_100,17.319334475957874,12.183973116547307,
N1757,3,CS_101,17.544429159518504,12.33403623892106,
N1757,4,CS_148,18.06264916491826,12.679516242520894,
N1757,5,CS_106,19.43091310196019,13.591692200548847,
N1757,6,CS_153,19.597718097970485,13.702895531222378,
N1757,7,CS_108,19.681539236219503,13.758776290055055,
N1758,1,CS_107,18.418879697478474,12.885312710134004,
N1758,2,CS_100,18.967635520476936,13.251149925466313,
N1758,3,CS_101,19.192730204037566,13.401213047840066,
N1758,4,CS_148,19.71095020943732,13.7466930514399,
N1758,5,CS_106,21.079214146479256,14.658869009467853,
N1758,6,CS_153,21.246019142489548,14.770072340141384,
N1758,7,CS_108,21.329840280738566,14.825953098974061,
N1759,1,CS_107,24.086977467117524,16.59958502609236,
N1759,2,CS_100,24.635733290115986,16.96542224142467,
N1759,3,CS_101,24.860827973676617,17.11548536379842,
N1759,4,CS_148,25.379047979076372,17.460965367398256,
N1759,5,CS_106,26.747311916118303,18.37314132542621,
N1759,6,CS_153,26.9141169121286,18.48434465609974,
N1759,7,CS_108,26.997938050377616,18.540225414932415,
N1760,1,CS_137,6.906088592911244,4.572027047069342,
N1760,2,CS_135,8.314877321713652,5.511219532937614,
N1760,3,CS_125,8.929856217088327,5.878498581658758,
N1760,4,CS_124,8.945332272336051,5.888815951823908,
N1760,5,CS_107,9.0114930077463,5.9756299902927115,
N1760,6,CS_100,9.560248830744765,6.341467205625021,
N1760,7,CS_101,9.785343514305394,6.491530327998775,
N1761,1,CS_137,4.695631665233291,3.113516158783148,
N1761,2,CS_122,8.160168086515887,5.423207106304878,
N1761,3,CS_140,8.311662354502003,5.524203284962289,
N1761,4,CS_135,8.782057385208518,5.837799972099966,
N1761,5,CS_125,9.397036280583192,6.205079020821111,
N1761,6,CS_124,9.412512335830916,6.21539639098626,
N1761,7,CS_107,9.478673071241165,6.302210429455064,
N1762,1,CS_137,4.898928699013187,3.2474927022519937,
N1762,2,CS_122,8.363465120295782,5.557183649773724,
N1762,3,CS_140,8.514959388281898,5.658179828431135,
N1762,4,CS_135,8.985354418988413,5.971776515568812,
N1762,5,CS_125,9.600333314363088,6.339055564289956,
N1762,6,CS_124,9.615809369610812,6.349372934455106,
N1762,7,CS_107,9.68197010502106,6.43618697292391,
N1763,1,CS_131,1.5489638107048895,1.0246612083794377,
N1763,2,CS_138,2.4212834551595104,1.6062076380158516,
N1763,3,CS_149,2.520698636423108,1.6724844255249167,
N1763,4,CS_128,2.527069055266756,1.6767313714206822,
N1763,5,CS_133,2.579311181250614,1.708450381028659,
N1763,6,CS_161,2.6513288717020522,1.7595712490442126,
N1763,7,CS_135,3.9438922872288784,2.6212801927287632,
N1764,1,CS_107,4.7741808722597066,3.09525283089672,
N1764,2,CS_100,5.32293669525817,3.4610900462290295,
N1764,3,CS_101,5.548031378818799,3.6111531686027827,
N1764,4,CS_148,6.0662513842185515,3.9566331722026167,
N1764,5,CS_106,7.434515321260482,4.868809130230571,
N1764,6,CS_153,7.601320317270778,4.980012460904101,
N1764,7,CS_108,7.685141455519792,5.035893219736778,
N1765,1,CS_144,6.53823448784801,4.350682169714334,
N1765,2,CS_118,7.180550092866625,4.778892573060076,
N1765,3,CS_117,7.308712574177587,4.864334227267384,
N1765,4,CS_152,8.012180626046545,5.3333129285133545,
N1765,5,CS_80,8.103190034218665,5.39398586729477,
N1765,6,CS_110,9.068901830625581,6.037793731566047,
N1765,7,CS_120,9.06960198778705,6.038260503007027,
N1766,1,CS_137,7.459813307611951,4.893990911579864,
N1766,2,CS_122,8.303877842257988,5.456700601343889,
N1766,3,CS_140,8.455372110244104,5.5576967800013,
N1766,4,CS_121,10.019822631619267,6.584255535095513,
N1766,5,CS_135,18.05281648762918,11.955993031591353,
N1766,6,CS_125,18.667795383003856,12.323272080312497,
N1766,7,CS_124,18.68327143825158,12.333589450477646,
N1767,1,CS_144,5.598793995603038,3.7325293304020253,
N1767,2,CS_116,5.756530423158657,3.837686948772438,
N1767,3,CS_118,8.004112131989478,5.336074754659653,
N1767,4,CS_117,8.13227461330044,5.421516408866961,
N1767,5,CS_80,8.24247271642513,5.494981810950087,
N1767,6,CS_152,8.467166697813756,5.644777798542504,
N1767,7,CS_110,9.892463869748434,6.594975913165624,
N1768,1,CS_146,1.8636152632488752,1.1922536661732506,
N1768,2,CS_120,4.232136286054893,2.780109733758155,
N1768,3,CS_141,4.285948935405088,2.8159848333249515,
N1768,4,CS_118,4.500810905575831,2.959226146772113,
N1768,5,CS_117,4.628973386886793,3.044667800979421,
N1768,6,CS_113,5.625616117911795,3.7090962883294227,
N1768,7,CS_127,6.029200314153562,3.9781524191572672,
N1769,1,CS_130,0.36548058138303585,0.23218571727721837,
N1769,2,CS_133,5.12198613596696,3.4000803459519053,
N1769,3,CS_131,5.141591601187002,3.416259730479862,
N1769,4,CS_149,5.769298827592179,3.83473121474998,
N1769,5,CS_138,6.013911245641623,3.997806160116275,
N1769,6,CS_128,6.1196968457488685,4.068329893521105,
N1769,7,CS_161,6.243956662184164,4.1511697711446365,
N1770,1,CS_127,3.498442296328606,2.2928697152969812,
N1770,2,CS_120,4.447528467957914,2.925593829716519,
N1770,3,CS_113,4.763441140036353,3.1362022777688123,
N1770,4,CS_141,5.214467178479047,3.436886303397274,
N1770,5,CS_151,6.621096125007551,4.374638934416277,
N1770,6,CS_110,6.962380774547088,4.602162034109302,
N1770,7,CS_118,6.973170180178974,4.609354971197226,
N1771,1,CS_154,4.988750870962983,3.276332226068271,
N1771,2,CS_119,6.656316742516696,4.388042807104078,
N1771,3,CS_114,7.834549651257019,5.173531412930961,
N1771,4,CS_84,7.9760708438446635,5.267878874656057,
N1771,5,CS_145,8.752286603291562,5.785356047620656,
N1771,6,CS_156,9.644291376521567,6.38002589644066,
N1771,7,CS_76,9.673626932952287,6.399582934061142,
N1772,1,CS_121,1.7078576976259485,1.0991421489001825,
N1772,2,CS_122,4.738914716406724,3.1034385689314714,
N1772,3,CS_140,4.89040898439284,3.2044347475888815,
N1772,4,CS_137,7.274444084203818,4.793791480796201,
N1772,5,CS_135,17.86744726422105,11.85579360080769,
N1772,6,CS_125,18.482426159595725,12.223072649528834,
N1772,7,CS_124,18.49790221484345,12.233390019693983,
N1773,1,CS_83,3.1437142117802175,2.078530265565549,
N1773,2,CS_76,3.326775729409478,2.20057127731839,
N1773,3,CS_115,4.373692791239435,2.8985159852050275,
N1773,4,CS_112,5.34525325292382,3.546222959661284,
N1773,5,CS_114,5.35793603583506,3.554678148268778,
N1773,6,CS_156,5.530539685168883,3.6697472478246596,
N1773,7,CS_152,6.055210472067218,4.019527772423549,
N1774,1,CS_114,1.305341081938441,0.8666996018318458,
N1774,2,CS_119,2.7390616800114693,1.8225133338805315,
N1774,3,CS_76,3.1444183636337106,2.0927511229620253,
N1774,4,CS_154,3.347187267889929,2.2279303924661713,
N1774,5,CS_156,3.615513111425689,2.4068142881566783,
N1774,6,CS_83,4.259321808572972,2.8360200862548672,
N1774,7,CS_115,4.310318064017961,2.8700175898848594,
N1775,1,CS_114,1.7413204988072646,1.155798250939293,
N1775,2,CS_119,3.175041096880293,2.1116119829879785,
N1775,3,CS_76,3.580397780502534,2.3818497720694722,
N1775,4,CS_154,3.7831666847587524,2.5170290415736183,
N1775,5,CS_156,4.051492528294513,2.6959129372641253,
N1775,6,CS_83,4.695301225441796,3.1251187353623138,
N1775,7,CS_115,4.746297480886785,3.1591162389923064,
N1776,1,CS_78,4.242952826145771,2.828635217430514,
N1776,2,CS_79,4.5639257523896966,3.042617168259797,
N1776,3,CS_80,5.877714528832932,3.918476352555288,
N1776,4,CS_83,7.2799805670185,4.8533203780123335,
N1776,5,CS_152,7.835133877028891,5.223422584685928,
N1776,6,CS_144,7.930208095584875,5.2868053970565825,
N1776,7,CS_118,8.750487970704,5.833658647136,
N1777,1,CS_145,2.4305943853955037,1.6203962569303356,
N1777,2,CS_89,2.578512739271183,1.719008492847455,
N1777,3,CS_95,3.6767262319806964,2.4511508213204642,
N1777,4,CS_119,3.962709316628217,2.6418062110854783,
N1777,5,CS_154,5.422963461015403,3.615308974010269,
N1777,6,CS_98,5.4835414282640205,3.655694285509347,
N1777,7,CS_96,5.540442116066352,3.693628077377568,
N1778,1,CS_91,5.346113393956311,3.594394361416673,
N1778,2,CS_88,6.191267031016621,4.182975778836021,
N1778,3,CS_93,9.439958739380085,6.305293979639505,
N1778,4,CS_94,10.77864464221148,7.241227519632593,
N1778,5,CS_87,12.529410414346192,8.408404701055735,
N1778,6,CS_95,12.879085783209643,8.64152161363137,
N1778,7,CS_98,13.558459464022736,9.094437400840098,
N1779,1,CS_94,2.601218632059533,1.7341457547063555,
N1779,2,CS_91,9.29978380698304,6.174710211942886,
N1779,3,CS_88,13.493608127655168,8.995738751770114,
N1779,4,CS_86,13.738603492354427,9.15906899490295,
N1779,5,CS_147,16.465186314662112,10.938763109402375,
N1779,6,CS_93,16.74229983601863,11.118056952573598,
N1779,7,CS_90,17.54041358763754,11.655581291385996,
N1780,1,CS_115,1.9734324505307095,1.3076733531868732,
N1780,2,CS_112,2.9449929122150955,1.95538032764313,
N1780,3,CS_83,3.019274774949865,2.0049015694663104,
N1780,4,CS_156,3.130279344460157,2.078904615806505,
N1780,5,CS_114,4.527747466177973,3.0105500302850494,
N1780,6,CS_111,4.686175843132781,3.116168948254921,
N1780,7,CS_76,4.702507965259534,3.1270570296727564,
N1781,1,CS_121,0.3948746506341149,0.26324976708940995,
N1781,2,CS_122,3.425931669414891,2.2675461871206988,
N1781,3,CS_140,3.5774259374010065,2.3685423657781093,
N1781,4,CS_137,5.9614610372119845,3.957899098985428,
N1781,5,CS_135,16.554464217229214,11.019901218996917,
N1781,6,CS_125,17.16944311260389,11.387180267718062,
N1781,7,CS_124,17.184919167851614,11.39749763788321,
N1782,1,CS_100,0.15377610809823586,0.10251740539882391,
N1782,2,CS_101,0.378870791658866,0.25258052777257733,
N1782,3,CS_107,1.4198902470824724,0.9465934980549816,
N1782,4,CS_148,5.225050286779009,3.4833668578526726,
N1782,5,CS_106,6.59331422382094,4.395542815880627,
N1782,6,CS_153,6.760119219831235,4.506746146554157,
N1782,7,CS_108,6.84394035808025,4.562626905386834,
N1783,1,CS_91,4.880861638536548,3.2287620996452233,
N1783,2,CS_88,6.197156830833743,4.131437887222495,
N1783,3,CS_93,9.445848539197208,6.253756088025978,
N1783,4,CS_94,10.313392886791718,6.875595257861145,
N1783,5,CS_87,12.535300214163314,8.356866809442208,
N1783,6,CS_95,12.884975583026765,8.589983722017843,
N1783,7,CS_98,13.564349263839858,9.04289950922657,
N1784,1,CS_141,2.3353075636815883,1.5568717091210593,
N1784,2,CS_120,3.103425515846832,2.0689503438978885,
N1784,3,CS_111,3.362374571288482,2.241583047525655,
N1784,4,CS_142,3.555168450304776,2.3701123002031843,
N1784,5,CS_156,3.82690275489694,2.5512685032646276,
N1784,6,CS_110,4.211963297341468,2.8079755315609782,
N1784,7,CS_118,4.616322998817335,3.077548665878223,
N1785,1,CS_155,3.6265636361496094,2.403602333114544,
N1785,2,CS_81,4.262716299428223,2.7616039082797577,
N1785,3,CS_78,6.09683292661735,4.042462476273305,
N1785,4,CS_79,6.417805852861275,4.256444427102588,
N1785,5,CS_80,10.967055395197654,7.2892774553268405,
N1785,6,CS_145,11.446971522405669,7.609221540132182,
N1785,7,CS_83,12.36932143338322,8.224121480783886,
N1786,1,CS_99,3.3110496383867236,2.2073664255911494,
N1786,2,CS_69,5.273201877425994,3.5154679182839965,
N1786,3,CS_106,5.862951621878677,3.9086344145857854,
N1786,4,CS_148,7.189348510281677,4.7928990068544515,
N1786,5,CS_102,7.587902266479002,5.026008902426235,
N1786,6,CS_153,8.724417443333904,5.816278295555936,
N1786,7,CS_108,8.808238581582918,5.872159054388613,
N1787,1,CS_89,3.349060283025522,2.2327068553503477,
N1787,2,CS_145,3.5446888304045636,2.363125886936376,
N1787,3,CS_95,3.545222664785819,2.3634817765238796,
N1787,4,CS_119,5.076803761637278,3.3845358410915187,
N1787,5,CS_98,5.352037861069143,3.5680252407127617,
N1787,6,CS_96,5.4089385488714745,3.6059590325809827,
N1787,7,CS_97,6.204693180015749,4.130729184612826,
N1788,1,CS_81,1.4824066947782255,0.9520859808842763,
N1788,2,CS_155,5.740631957169287,3.7689594047564796,
N1788,3,CS_78,7.248327530943092,4.766103736785949,
N1788,4,CS_79,7.569300457187017,4.980085687615232,
N1788,5,CS_80,12.118549999523394,8.012918715839485,
N1788,6,CS_145,12.59846612673141,8.332862800644827,
N1788,7,CS_83,13.520816037708961,8.94776274129653,
N1789,1,CS_146,1.8206963195494879,1.2137975463663253,
N1789,2,CS_120,7.66017692433064,5.01531364994932,
N1789,3,CS_141,7.713989573680835,5.051188749516117,
N1789,4,CS_118,7.928851543851578,5.194430062963279,
N1789,5,CS_117,8.05701402516254,5.279871717170587,
N1789,6,CS_113,9.053656756187541,5.944300204520588,
N1789,7,CS_127,9.457240952429308,6.213356335348433,
N1790,1,CS_145,2.595383740368087,1.730255826912058,
N1790,2,CS_89,3.152864494547301,2.1019096630315337,
N1790,3,CS_119,4.127498671600801,2.7516657810672007,
N1790,4,CS_95,4.2510779872568145,2.834051991504543,
N1790,5,CS_154,5.587752815987987,3.7251685439919915,
N1790,6,CS_98,6.057893183540139,4.038595455693426,
N1790,7,CS_96,6.11479387134247,4.076529247561647,
N1791,1,CS_88,5.664569383958601,3.964445991081453,
N1791,2,CS_93,5.931554752580572,4.098959965390607,
N1791,3,CS_87,9.021006427546677,6.202070686806838,
N1791,4,CS_95,9.37068179641013,6.4351875993824725,
N1791,5,CS_98,10.050055477223223,6.888103386591202,
N1791,6,CS_96,10.106956165025554,6.926037178459422,
N1791,7,CS_91,10.342393493224666,7.057849737879686,
N1792,1,CS_91,4.149955333978428,2.8214357840196644,
N1792,2,CS_88,8.343779654650557,5.642464323846892,
N1792,3,CS_94,9.582486582233598,6.468268942235586,
N1792,4,CS_93,11.59247136301402,7.764782524650376,
N1792,5,CS_87,14.681923037980127,9.867893246066606,
N1792,6,CS_95,15.031598406843578,10.10101015864224,
N1792,7,CS_98,15.710972087656671,10.553925945850969,
N1793,1,CS_88,6.779859986355501,4.737310923214414,
N1793,2,CS_93,7.0468453549774726,4.8718248975235685,
N1793,3,CS_87,10.136297029943577,6.974935618939799,
N1793,4,CS_95,10.485972398807029,7.208052531515434,
N1793,5,CS_98,11.165346079620122,7.660968318724163,
N1793,6,CS_96,11.222246767422453,7.698902110592384,
N1793,7,CS_91,11.457684095621566,7.8307146700126475,
N1794,1,CS_158,7.673466107533504,5.672234478551387,
N1794,2,CS_102,14.05647056589444,9.812560939857674,
N1794,3,CS_105,16.241926547134305,11.242225819547443,
N1794,4,CS_33,16.307864815448607,11.262018820781774,
N1794,5,CS_103,16.345301259642163,11.249254999343815,
N1794,6,CS_104,16.345301259642163,11.249254999343815,
N1794,7,CS_69,16.905405819656053,11.744443717591848,
N1795,1,CS_139,1.0067994785284413,0.6711996523522943,
N1795,2,CS_86,5.458226823252547,3.627039206462503,
N1795,3,CS_147,8.184809645560232,5.406733320961927,
N1795,4,CS_90,9.260036918535663,6.123551502945547,
N1795,5,CS_85,10.459455800996539,6.945219841459373,
N1795,6,CS_92,11.209394125412432,7.46115074123576,
N1795,7,CS_94,16.429660411165596,10.941328265071201,
N1796,1,CS_147,0.26859449273395286,0.17906299515596857,
N1796,2,CS_90,1.3438217657093823,0.8958811771395881,
N1796,3,CS_85,3.417879290067994,2.2245864095071735,
N1796,4,CS_92,4.167817614483889,2.740517309283561,
N1796,5,CS_86,4.852717284452778,3.19711708926282,
N1796,6,CS_139,8.92301463135472,5.898869978158253,
N1796,7,CS_94,15.824150872365827,10.511406147871519,
N1797,1,CS_90,0.34682414112693244,0.2178004660234577,
N1797,2,CS_147,1.574151562723173,1.036018747087618,
N1797,3,CS_85,4.723436360057215,3.0815421614388234,
N1797,4,CS_92,5.473374684473111,3.5974730612152106,
N1797,5,CS_86,6.158274354441998,4.054072841194469,
N1797,6,CS_139,10.22857170134394,6.755825730089903,
N1797,7,CS_94,17.129707942355047,11.368361899803167,
N1798,1,CS_154,3.816786567669312,2.5232450912243345,
N1798,2,CS_119,5.4843524392230245,3.634955672260143,
N1798,3,CS_114,6.662585347963349,4.420444278087024,
N1798,4,CS_84,6.8041065405509915,4.514791739812121,
N1798,5,CS_145,7.58032229999789,5.03226891277672,
N1798,6,CS_156,8.472327073227897,5.626938761596723,
N1798,7,CS_76,8.501662629658618,5.646495799217205,
N1799,1,CS_138,3.6948332582820935,2.446447777466149,
N1799,2,CS_128,3.800618858389339,2.5169715108709796,
N1799,3,CS_161,3.924878674824635,2.59981138849451,
N1799,4,CS_131,4.209946306483354,2.789856476266989,
N1799,5,CS_154,4.707705539527674,3.121695964963202,
N1799,6,CS_149,4.856933780656037,3.221181459048778,
N1799,7,CS_133,5.2402936770290784,3.473645648916211,
N1800,1,CS_138,4.743527471556721,3.1416066731755277,
N1800,2,CS_128,4.849313071663967,3.2121304065803584,
N1800,3,CS_161,4.9735728880992625,3.294970284203889,
N1800,4,CS_131,5.258640519757981,3.485015371976368,
N1800,5,CS_154,5.7563997528023005,3.8168548606725814,
N1800,6,CS_149,5.905627993930665,3.916340354758158,
N1800,7,CS_133,6.288987890303706,4.16880454462559,
N1801,1,CS_135,2.9490573118000354,1.9580878895388008,
N1801,2,CS_125,4.260986303283304,2.790000335665676,
N1801,3,CS_124,4.276462358531028,2.800317705830826,
N1801,4,CS_134,4.603236168487409,3.0608737939970494,
N1801,5,CS_151,4.785527626636068,3.182401432762823,
N1801,6,CS_133,5.141755990949074,3.4167779345902307,
N1801,7,CS_131,5.640952010659886,3.7526843554453673,
N1802,1,CS_135,3.171620346900815,2.0974355384820296,
N1802,2,CS_134,4.000502549070413,2.6500236732617615,
N1802,3,CS_151,5.008090661736848,3.3217490817060518,
N1802,4,CS_133,5.364319026049854,3.5561255835334604,
N1802,5,CS_131,5.863515045760666,3.8920320043885965,
N1802,6,CS_149,6.491222272165842,4.310503488658714,
N1802,7,CS_138,6.735834690215286,4.47357843402501,
N1803,1,CS_135,2.5602318121375283,1.6966936267289805,
N1803,2,CS_134,3.389114014307126,2.2492817615087124,
N1803,3,CS_151,4.396702126973562,2.9210071699530027,
N1803,4,CS_133,4.752930491286567,3.1553836717804105,
N1803,5,CS_131,5.252126510997379,3.491290092635547,
N1803,6,CS_149,5.879833737402556,3.909761576905665,
N1803,7,CS_138,6.1244461554519996,4.0728365222719605,
N1804,1,CS_129,2.8164405815936626,1.8520170730220014,
N1804,2,CS_126,2.9087327226837814,1.9135451670820804,
N1804,3,CS_154,5.583517317605567,3.700263153783351,
N1804,4,CS_119,7.25108318915928,4.8119737348191585,
N1804,5,CS_114,8.429316097899603,5.597462340646041,
N1804,6,CS_84,8.570837290487248,5.691809802371138,
N1804,7,CS_145,9.347053049934146,6.209286975335736,
N1805,1,CS_144,7.6527072960598685,5.11920050943133,
N1805,2,CS_118,8.29502290107848,5.547410912777072,
N1805,3,CS_117,8.423185382389443,5.63285256698438,
N1805,4,CS_152,9.126653434258403,6.1018312682303515,
N1805,5,CS_80,9.217662842430524,6.162504207011767,
N1805,6,CS_110,10.183374638837439,6.806312071283043,
N1805,7,CS_120,10.18407479599891,6.806778842724024,
N1806,1,CS_135,2.3117751473062964,1.5086248406986946,
N1806,2,CS_151,2.8221684829263833,1.8488870644454194,
N1806,3,CS_133,3.178396847239389,2.0832635662728283,
N1806,4,CS_131,3.6775928669502003,2.4191699871279644,
N1806,5,CS_149,4.3053000933553776,2.8376414713980824,
N1806,6,CS_138,4.549912511404822,3.000716416764378,
N1806,7,CS_128,4.655698111512067,3.0712401501692086,
N1807,1,CS_114,2.0731678034022045,1.3717098953551266,
N1807,2,CS_119,2.0734539702280768,1.3719006732390417,
N1807,3,CS_154,3.533708114615263,2.3454034361638327,
N1807,4,CS_76,3.912245085097474,2.597761416485306,
N1807,5,CS_145,4.169423831002943,2.7692139137556193,
N1807,6,CS_156,4.383339832889454,2.911824581679959,
N1807,7,CS_83,5.027148530036737,3.341030379778148,
N1808,1,CS_125,1.1180716213630715,0.7453810809087144,
N1808,2,CS_124,1.1335476766107961,0.7556984510738641,
N1808,3,CS_135,5.909114672178813,3.896702899923903,
N1808,4,CS_134,7.563293528866185,4.999488804382152,
N1808,5,CS_151,7.745584987014846,5.121016443147925,
N1808,6,CS_133,8.10181335132785,5.355392944975334,
N1808,7,CS_131,8.601009371038662,5.691299365830471,
N1809,1,CS_122,2.361283458217357,1.5657305209073014,
N1809,2,CS_140,2.5127777262034727,1.6667266995647119,
N1809,3,CS_121,3.8826838691137584,2.580506104824214,
N1809,4,CS_137,4.896812826014452,3.256083432772031,
N1809,5,CS_135,15.489816006031683,10.31808555278352,
N1809,6,CS_125,16.104794901406358,10.685364601504665,
N1809,7,CS_124,16.120270956654082,10.695681971669813,
N1810,1,CS_137,5.40688580598594,3.58825959237536,
N1810,2,CS_122,6.250950340631977,4.150969282139385,
N1810,3,CS_140,6.402444608618094,4.251965460796796,
N1810,4,CS_121,7.966895129993257,5.278524215891009,
N1810,5,CS_135,15.999888986003173,10.650261712386849,
N1810,6,CS_125,16.614867881377847,11.017540761107993,
N1810,7,CS_124,16.63034393662557,11.027858131273142,
N1811,1,CS_138,3.567864802446838,2.3728428755326667,
N1811,2,CS_128,3.6736504025540837,2.4433666089374975,
N1811,3,CS_161,3.7979102189893794,2.526206486561028,
N1811,4,CS_131,4.082977850648098,2.716251574333507,
N1811,5,CS_154,4.580737083692418,3.0480910630297204,
N1811,6,CS_149,4.729965324820782,3.147576557115297,
N1811,7,CS_133,5.113325221193823,3.4000407469827287,
N1812,1,CS_80,8.050168196421543,5.295870962505908,
N1812,2,CS_78,9.230591163148743,6.082819606990706,
N1812,3,CS_83,9.45243423460711,6.230714987962952,
N1812,4,CS_79,9.551564089392668,6.29680155781999,
N1812,5,CS_152,10.007587544617504,6.600817194636547,
N1812,6,CS_144,10.102661763173487,6.664200007007203,
N1812,7,CS_118,10.922941638292611,7.211053257086618,
N1813,1,CS_156,1.124976604507614,0.7389770364245376,
N1813,2,CS_115,1.8197815570998854,1.2021803381527187,
N1813,3,CS_114,1.8453382878511022,1.2192181586535298,
N1813,4,CS_112,3.055487087731102,2.025984025240196,
N1813,5,CS_83,3.1297689504658717,2.0755052670633756,
N1813,6,CS_111,3.3060015156374187,2.192993643844408,
N1813,7,CS_138,3.3574128513660266,2.2272678676634796,
N1814,1,CS_135,2.1335221178787642,1.4052897511754876,
N1814,2,CS_151,2.6439154534988516,1.7455519749222124,
N1814,3,CS_133,3.000143817811857,1.979928476749621,
N1814,4,CS_131,3.4993398375226685,2.3158348976047574,
N1814,5,CS_149,4.127047063927845,2.7343063818748754,
N1814,6,CS_138,4.371659481977289,2.89738132724117,
N1814,7,CS_128,4.477445082084535,2.9679050606460007,
N1815,1,CS_88,4.521129110453039,3.1516978447657173,
N1815,2,CS_93,4.788114479075009,3.2862118190748717,
N1815,3,CS_87,7.877566154041115,5.3893225404911025,
N1815,4,CS_95,8.227241522904567,5.622439453066736,
N1815,5,CS_98,8.90661520371766,6.075355240275465,
N1815,6,CS_96,8.963515891519991,6.113289032143686,
N1815,7,CS_91,9.198953219719105,6.245101591563952,
N1816,1,CS_78,3.8411976665471776,2.532914584722036,
N1816,2,CS_79,4.162170592791102,2.7468965355513193,
N1816,3,CS_81,5.276456830061029,3.424279960985269,
N1816,4,CS_155,5.60287788347635,3.707994196949346,
N1816,5,CS_80,8.711420135127481,5.779729563775572,
N1816,6,CS_145,9.191336262335495,6.0996736485809135,
N1816,7,CS_83,10.113686173313049,6.714573589232617,
N1817,1,CS_81,0.2636703397566092,0.17578022650440614,
N1817,2,CS_155,6.18621961162199,4.029832692090407,
N1817,3,CS_78,7.693915185395795,5.026977024119877,
N1817,4,CS_79,8.01488811163972,5.2409589749491605,
N1817,5,CS_80,12.564137653976097,8.273792003173412,
N1817,6,CS_145,13.044053781184113,8.593736087978755,
N1817,7,CS_83,13.966403692161663,9.208636028630456,
N1818,1,CS_99,1.9360309486124336,1.2548703472143319,
N1818,2,CS_69,4.692543752811876,3.09254555001396,
N1818,3,CS_106,5.381381111272774,3.5517704556545593,
N1818,4,CS_102,6.212883576704712,4.073512824049417,
N1818,5,CS_148,6.707777999675774,4.436035047923227,
N1818,6,CS_153,8.242846932728,5.45941433662471,
N1818,7,CS_24,8.246229543068978,5.461669410185362,
N1819,1,CS_150,0.2098838826089074,0.13992258840593827,
N1819,2,CS_82,0.38954472216572733,0.25969648144381824,
N1819,3,CS_83,9.399269889070831,6.212853400526913,
N1819,4,CS_76,9.582331406700092,6.334894412279755,
N1819,5,CS_115,10.629248468530049,7.032839120166392,
N1819,6,CS_112,11.600808930214432,7.680546094622648,
N1819,7,CS_114,11.613491713125672,7.6890012832301435,
N1820,1,CS_91,1.195841193179528,0.7972274621196853,
N1820,2,CS_88,6.492794736658139,4.303384165059617,
N1820,3,CS_94,7.73150166424118,5.129188783448312,
N1820,4,CS_93,9.741486445021604,6.4257023658631,
N1820,5,CS_87,12.83093811998771,8.52881308727933,
N1820,6,CS_95,13.180613488851161,8.761929999854965,
N1820,7,CS_98,13.859987169664254,9.214845787063693,
N1821,1,CS_94,3.9074202564943983,2.5465695011745844,
N1821,2,CS_91,7.88542363516619,5.173426094243304,
N1821,3,CS_88,12.07924795583832,7.994454634070532,
N1821,4,CS_86,15.044805116789291,9.97149274137118,
N1821,5,CS_93,15.327939664201782,10.116772834874016,
N1821,6,CS_147,17.771387939096975,11.751186855870603,
N1821,7,CS_87,18.41739133916789,12.219883556290245,
N1823,1,CS_93,0.9743855395532552,0.6495903597021702,
N1823,2,CS_88,5.2851179893818125,3.4799357214823816,
N1823,3,CS_87,8.009184540908182,5.295980089166628,
N1823,4,CS_95,8.358859909771633,5.5290970017422625,
N1823,5,CS_98,9.038233590584726,5.982012788950992,
N1823,6,CS_96,9.095134278387057,6.019946580819212,
N1823,7,CS_97,9.890888909531332,6.544716732851056,
N1824,1,CS_86,6.440442646915646,4.489809291781168,
N1824,2,CS_94,8.416897675036262,5.807445977194911,
N1824,3,CS_147,9.167025469223331,6.2695034062805926,
N1824,4,CS_90,10.242252742198762,6.986321588264213,
N1824,5,CS_139,10.51073999381759,7.191562180676602,
N1824,6,CS_85,11.441671624659635,7.807989926778038,
N1824,7,CS_92,12.19160994907553,8.323920826554426,
N1825,1,CS_24,2.912176583187743,1.901797469912288,
N1825,2,CS_32,7.32294404723727,4.842309112611972,
N1825,3,CS_69,7.625221685902509,5.0438275383888005,
N1825,4,CS_6,7.737370213792176,5.0582555247726235,
N1825,5,CS_12,8.70473106662002,5.703173421145324,
N1825,6,CS_99,8.9825608181246,5.948720293203527,
N1825,7,CS_102,9.565374101241774,6.304669873388543,
N1826,1,CS_12,2.8508548605222845,1.8078509889933287,
N1826,2,CS_30,2.9591679199077414,1.940386732972116,
N1826,3,CS_28,5.815309308817548,3.826075390757393,
N1826,4,CS_44,6.430299352772234,4.254474354881778,
N1826,5,CS_6,7.186913933594942,4.698546376554296,
N1826,6,CS_24,8.308237679089407,5.506433239093227,
N1826,7,CS_34,9.584534985030356,6.357298109720525,
N1827,1,CS_12,3.4538835770292438,2.2789438442552954,
N1827,2,CS_30,8.270616406762556,5.429772026355686,
N1827,3,CS_6,10.896091375528144,7.119750973323458,
N1827,4,CS_28,11.126757795672361,7.315460684140963,
N1827,5,CS_44,11.741747839627049,7.743859648265348,
N1827,6,CS_24,12.017415121022607,7.927637835862389,
N1827,7,CS_34,14.895983471885172,9.846683403104095,
N1828,1,CS_12,4.742501375662152,3.069415625245536,
N1828,2,CS_6,5.429850062650242,3.527637422083461,
N1828,3,CS_30,6.453085479969221,4.270132065838732,
N1828,4,CS_24,6.551173808144709,4.33552428462239,
N1828,5,CS_28,9.309226868879026,6.155820723624009,
N1828,6,CS_44,9.924216912833714,6.584219687748393,
N1828,7,CS_32,10.01099704303077,6.642073107879764,
N1829,1,CS_24,1.8006580505000256,1.1677220149950385,
N1829,2,CS_32,6.2114255145495525,4.108233657694724,
N1829,3,CS_69,6.513703153214792,4.309752083471551,
N1829,4,CS_99,7.871042285436883,5.214644838286278,
N1829,5,CS_102,8.453855568554056,5.570594418471294,
N1829,6,CS_6,9.061219401283537,5.947758549974759,
N1829,7,CS_12,10.02858025411138,6.59267644634746,
N1830,1,CS_12,2.0861542671110707,1.371217857897823,
N1830,2,CS_30,6.902887096844383,4.522046039998215,
N1830,3,CS_6,9.52836206560997,6.212024986965987,
N1830,4,CS_28,9.759028485754188,6.407734697783492,
N1830,5,CS_44,10.374018529708874,6.836133661907876,
N1830,6,CS_24,10.649685811104435,7.0199118495049175,
N1830,7,CS_34,13.528254161966997,8.938957416746623,
N1831,1,CS_12,2.2633541349747484,1.5004191869055077,
N1831,2,CS_30,5.361460106883591,3.505496130456253,
N1831,3,CS_6,7.986935075649178,5.195475077424025,
N1831,4,CS_28,8.217601495793396,5.39118478824153,
N1831,5,CS_44,8.832591539748083,5.819583752365914,
N1831,6,CS_24,9.108258821143641,6.003361939962956,
N1831,7,CS_34,11.986827172006207,7.922407507204661,
N1832,1,CS_12,1.9359040017585925,1.2638552011898183,
N1832,2,CS_30,4.418818240734837,2.912299256083985,
N1832,3,CS_6,7.044293209500426,4.602278203051757,
N1832,4,CS_28,7.274959629644642,4.797987913869262,
N1832,5,CS_44,7.889949673599329,5.226386877993646,
N1832,6,CS_24,8.16561695499489,5.4101650655906885,
N1832,7,CS_34,11.044185305857452,7.329210632832393,
N1833,1,CS_12,2.1715864280718566,1.410851438024483,
N1833,2,CS_30,4.421616910775334,2.9242904168184944,
N1833,3,CS_6,7.047091879540922,4.614269363786266,
N1833,4,CS_28,7.277758299685138,4.809979074603771,
N1833,5,CS_44,7.892748343639825,5.238378038728156,
N1833,6,CS_24,8.168415625035387,5.422156226325198,
N1833,7,CS_34,11.046983975897948,7.341201793566904,
N1834,1,CS_12,2.2491744713842534,1.450798077165324,
N1834,2,CS_30,4.228294323536988,2.807187415060354,
N1834,3,CS_6,6.853769292302577,4.497166362028127,
N1834,4,CS_28,7.084435712446793,4.692876072845631,
N1834,5,CS_44,7.69942575640148,5.121275036970015,
N1834,6,CS_24,7.975093037797041,5.305053224567057,
N1834,7,CS_34,10.853661388659603,7.224098791808763,
N1835,1,CS_6,3.815309837404648,2.478640044566579,
N1835,2,CS_12,4.782670690232495,3.123557940939278,
N1835,3,CS_24,4.936633582899115,3.2865269071055083,
N1835,4,CS_30,6.493254794539563,4.324274381532474,
N1835,5,CS_32,8.396456817785175,5.593075730362881,
N1835,6,CS_69,8.698734456450415,5.794594156139709,
N1835,7,CS_28,9.34939618344937,6.209963039317751,
N1836,1,CS_12,3.35772911691666,2.1599037563967216,
N1836,2,CS_30,3.4660421763021168,2.292439500375509,
N1836,3,CS_28,6.322183565211923,4.178128158160786,
N1836,4,CS_44,6.93717360916661,4.606527122285171,
N1836,5,CS_6,7.693788189989317,5.0505991439576885,
N1836,6,CS_24,8.815111935483783,5.85848600649662,
N1836,7,CS_34,10.091409241424731,6.709350877123918,
N1837,1,CS_12,3.3154201706272874,2.1381673870938793,
N1837,2,CS_30,3.4237332300127443,2.2707031310726675,
N1837,3,CS_28,6.279874618922551,4.156391788857944,
N1837,4,CS_44,6.894864662877238,4.584790752982329,
N1837,5,CS_6,7.651479243699945,5.028862774654847,
N1837,6,CS_24,8.772802989194409,5.836749637193779,
N1837,7,CS_34,10.04910029513536,6.687614507821077,
N1838,1,CS_28,3.9107448923826555,2.5127830341017257,
N1838,2,CS_44,4.949063770559668,3.1865900180651403,
N1838,3,CS_34,8.103299402817791,5.289413772903887,
N1838,4,CS_47,8.304294220626481,5.423410318109681,
N1838,5,CS_30,8.474651518185038,5.536981849815386,
N1838,6,CS_12,10.494375013017967,6.823137141982191,
N1838,7,CS_42,11.360268191288945,7.4139625882233835,
N1839,1,CS_28,1.1113764207113734,0.702429264259252,
N1839,2,CS_44,2.149695298888386,1.3762362482226664,
N1839,3,CS_34,5.303930931146508,3.4790600030614143,
N1839,4,CS_47,5.5049257489552,3.6130565482672083,
N1839,5,CS_30,5.675283046513755,3.7266280799729126,
N1839,6,CS_12,7.695006541346686,5.012783372139718,
N1839,7,CS_42,8.560899719617664,5.603608818380912,
N1840,1,CS_3,3.7846487762955143,2.501800018540457,
N1840,2,CS_46,4.030024038577144,2.6820115507993414,
N1840,3,CS_45,4.58418169843077,3.0514499907017583,
N1840,4,CS_70,4.749232948388435,3.15681266204375,
N1840,5,CS_54,5.428448719821262,3.587607889234055,
N1840,6,CS_42,5.67677450441072,3.7330814843604534,
N1840,7,CS_52,5.737630818714588,3.776739181279428,
N1841,1,CS_28,0.9676770610101009,0.6451180406734005,
N1841,2,CS_44,2.416153543529034,1.5923634275314291,
N1841,3,CS_34,5.570389175787156,3.695187182370177,
N1841,4,CS_47,5.771383993595848,3.829183727575971,
N1841,5,CS_30,5.941741291154404,3.9427552592816753,
N1841,6,CS_12,7.961464785987335,5.228910551448481,
N1841,7,CS_42,8.827357964258312,5.819735997689674,
N1842,1,CS_46,3.1238487065591367,2.0624408092337916,
N1842,2,CS_50,4.422721296802918,2.9005044418799573,
N1842,3,CS_3,5.264068477952112,3.4726259660913104,
N1842,4,CS_45,6.109236318636146,4.052699217285131,
N1842,5,CS_42,6.211047748416509,4.073809793477434,
N1842,6,CS_70,6.27428756859381,4.158061888627123,
N1842,7,CS_47,6.841137107921508,4.540633076808706,
N1843,1,CS_45,2.151604076528669,1.419411795334969,
N1843,2,CS_70,2.223067971468605,1.462382896665142,
N1843,3,CS_54,2.902283742901432,1.8931781238554457,
N1843,4,CS_52,3.211465841794759,2.082309415900819,
N1843,5,CS_53,3.294887408228943,2.137923793523609,
N1843,6,CS_3,4.3843896673259195,2.8913074984620035,
N1843,7,CS_46,5.21941233172661,3.4646172988002633,
N1844,1,CS_73,3.710580212936736,2.418166757857128,
N1844,2,CS_37,4.639728186908035,3.0075761103105374,
N1844,3,CS_54,4.726421318364862,3.120579279903304,
N1844,4,CS_52,5.035603417258188,3.3097105719486772,
N1844,5,CS_53,5.1190249836923725,3.365324949571467,
N1844,6,CS_45,5.889648450013377,3.9227508167303458,
N1844,7,CS_74,6.497362751704327,4.327893684524313,
N1845,1,CS_70,2.3619133157718117,1.545013668502394,
N1845,2,CS_45,6.132126653068504,4.053817731403738,
N1845,3,CS_54,6.882806319441267,4.527584059924216,
N1845,4,CS_52,7.191988418334593,4.7167153519695875,
N1845,5,CS_53,7.275409984768777,4.772329729592378,
N1845,6,CS_3,8.364912243865755,5.525713434530774,
N1845,7,CS_46,9.199934908266446,6.099023234869034,
N1846,1,CS_45,2.657630786673283,1.763270111945388,
N1846,2,CS_70,4.608483051336749,3.0591667930912463,
N1846,3,CS_54,4.841302666417613,3.192364582713576,
N1846,4,CS_3,4.894697177087467,3.238019681483711,
N1846,5,CS_52,5.1504847653109405,3.3814958747589494,
N1846,6,CS_53,5.233906331745125,3.437110252381739,
N1846,7,CS_46,5.729719841488158,3.8113294818219705,
N1847,1,CS_45,1.9544118376582573,1.299408400841222,
N1847,2,CS_3,3.924737256121015,2.596330655745262,
N1847,3,CS_54,4.138083717402588,2.7285028716094106,
N1847,4,CS_52,4.447265816295915,2.9176341636547836,
N1847,5,CS_53,4.5306873827300995,2.9732485412775733,
N1847,6,CS_70,5.0730233709653865,3.3738112610828566,
N1847,7,CS_46,6.197779862571767,4.128320417450229,
N1848,1,CS_73,4.594139115381736,2.989925407198437,
N1848,2,CS_54,4.688426798605187,3.0779689811081616,
N1848,3,CS_52,4.997608897498513,3.267100273153535,
N1848,4,CS_53,5.081030463932698,3.3227146507763248,
N1848,5,CS_37,5.523287089353034,3.5793347596518466,
N1848,6,CS_45,5.8516539302537005,3.8801405179352035,
N1848,7,CS_74,7.380921654149327,4.899652333865622,
N1849,1,CS_70,0.12983374831597047,0.08655583221064699,
N1849,2,CS_45,3.900047085612663,2.595359895111991,
N1849,3,CS_54,4.650726751985427,3.0691262236324683,
N1849,4,CS_52,4.959908850878754,3.2582575156778413,
N1849,5,CS_53,5.043330417312938,3.313871893300631,
N1849,6,CS_3,6.1328326764099135,4.067255598239026,
N1849,7,CS_46,6.967855340810604,4.6405653985772854,
N1850,1,CS_45,2.408158932619413,1.603771364513257,
N1850,2,CS_54,3.158838598992176,2.0775376930337335,
N1850,3,CS_52,3.4680206978855033,2.266668985079107,
N1850,4,CS_53,3.5514422643196877,2.3222833627018966,
N1850,5,CS_70,3.755571647843653,2.4973750126996324,
N1850,6,CS_3,5.916893343700968,3.926299614496495,
N1850,7,CS_46,6.7519160081016585,4.4996094148347545,
N1851,1,CS_50,1.2929474244277186,0.8619649496184791,
N1851,2,CS_46,6.6965051457066815,4.400798813649921,
N1851,3,CS_3,8.836724917099659,5.810983970507439,
N1851,4,CS_45,9.681892757783691,6.391057221701259,
N1851,5,CS_42,9.783704187564052,6.412167797893562,
N1851,6,CS_70,9.846944007741355,6.496419893043251,
N1851,7,CS_47,10.413793547069051,6.878991081224833,
N1852,1,CS_52,0.6635939912628189,0.44239599417521264,
N1852,2,CS_53,0.7470155576970035,0.4980103717980023,
N1852,3,CS_54,2.7373671365220495,1.754547752341791,
N1852,4,CS_45,3.900594268170564,2.5567192891688326,
N1852,5,CS_70,5.586213588106126,3.6757940071627555,
N1852,6,CS_73,6.745536213248947,4.401475351732296,
N1852,7,CS_37,7.674684187220244,4.9908847041857065,
N1853,1,CS_50,1.8819422770807086,1.2435842087051496,
N1853,2,CS_46,4.141985690337568,2.708829819419168,
N1853,3,CS_3,6.282205461730545,4.119014976276686,
N1853,4,CS_45,7.127373302414577,4.699088227470507,
N1853,5,CS_42,7.22918473219494,4.72019880366281,
N1853,6,CS_70,7.292424552372242,4.804450898812499,
N1853,7,CS_47,7.859274091699939,5.187022086994081,
N1854,1,CS_50,2.280425474512119,1.4745889608393006,
N1854,2,CS_46,3.7435024929061576,2.477825067285017,
N1854,3,CS_3,5.883722264299136,3.888010224142535,
N1854,4,CS_45,6.728890104983167,4.468083475336356,
N1854,5,CS_42,6.83070153476353,4.489194051528659,
N1854,6,CS_70,6.893941354940833,4.573446146678348,
N1854,7,CS_47,7.460790894268529,4.95601733485993,
N1855,1,CS_46,3.897839044753409,2.5875154017233015,
N1855,2,CS_3,5.477538899196388,3.6240206139474878,
N1855,3,CS_42,5.5445895105869845,3.6385853352844126,
N1855,4,CS_47,6.1746788700919835,4.105408618615685,
N1855,5,CS_45,6.427515363682897,4.273966281009626,
N1855,6,CS_70,6.592566613640561,4.379328952351618,
N1855,7,CS_50,6.95925406795606,4.564920800370534,
N1856,1,CS_73,5.872825767418078,3.746515602286442,
N1856,2,CS_54,5.967113450641527,3.834559176196167,
N1856,3,CS_52,6.276295549534853,4.02369046824154,
N1856,4,CS_53,6.359717115969038,4.079304845864329,
N1856,5,CS_37,6.801973741389375,4.335924954739852,
N1856,6,CS_45,7.1303405822900405,4.6367307130232085,
N1856,7,CS_74,8.659608306185667,5.6562425289536264,
N1857,1,CS_73,3.765865071131356,2.3853946089157962,
N1857,2,CS_54,3.860152754354804,2.473438182825521,
N1857,3,CS_52,4.169334853248131,2.6625694748708946,
N1857,4,CS_53,4.252756419682315,2.7181838524936843,
N1857,5,CS_37,4.695013045102654,2.9748039613692057,
N1857,6,CS_45,5.023379886003319,3.275609719652563,
N1857,7,CS_74,6.552647609898947,4.2951215355829815,
N1858,1,CS_73,3.639781114899745,2.3123024603757316,
N1858,2,CS_54,3.7340687981231935,2.4003460342854566,
N1858,3,CS_52,4.04325089701652,2.58947732633083,
N1858,4,CS_53,4.126672463450705,2.6450917039536197,
N1858,5,CS_37,4.568929088871044,2.901711812829141,
N1858,6,CS_45,4.897295929771708,3.2025175711124985,
N1858,7,CS_74,6.426563653667335,4.222029387042917,
N1859,1,CS_73,5.17710484857221,3.3961954837600308,
N1859,2,CS_45,5.610527265909099,3.7370156628067477,
N1859,3,CS_74,5.685800897496429,3.7871980838649684,
N1859,4,CS_37,6.106252822543507,3.98560483621344,
N1859,5,CS_54,6.192945954000335,4.098608005806206,
N1859,6,CS_52,6.502128052893661,4.287739297851579,
N1859,7,CS_53,6.585549619327845,4.343353675474369,
N1860,1,CS_37,0.7549642164462742,0.5033094776308494,
N1860,2,CS_73,1.640250222743086,1.0634775183012684,
N1860,3,CS_54,6.114066882969242,3.967463275235215,
N1860,4,CS_52,6.423248981862568,4.156594567280588,
N1860,5,CS_53,6.506670548296753,4.212208944903378,
N1860,6,CS_45,7.277294014617755,4.7696348120622565,
N1860,7,CS_74,7.885008316308707,5.174777679856224,
N1861,1,CS_73,2.8118637472710777,1.8524868075323897,
N1861,2,CS_37,3.7410117212423764,2.441896159985799,
N1861,3,CS_54,6.4206813039242885,4.22398454338103,
N1861,4,CS_52,6.729863402817614,4.413115835426402,
N1861,5,CS_53,6.813284969251798,4.468730213049192,
N1861,6,CS_45,7.583908435572802,5.026156080208072,
N1861,7,CS_74,8.191622737263753,5.431298948002039,
N1862,1,CS_73,0.20942845079305172,0.13961896719536782,
N1862,2,CS_37,2.1857859883963084,1.4271680287367499,
N1862,3,CS_54,5.730454674651167,3.741744433217287,
N1862,4,CS_52,6.039636773544492,3.93087572526266,
N1862,5,CS_53,6.123058339978677,3.98649010288545,
N1862,6,CS_45,6.89368180629968,4.543915970044329,
N1862,7,CS_74,7.501396107990631,4.949058837838296,
N1863,1,CS_42,2.5407993003690468,1.6602968075542817,
N1863,2,CS_47,3.8269672804155954,2.5074555230835527,
N1863,3,CS_34,4.852750258774375,3.191310841989406,
N1863,4,CS_46,5.630024820071845,3.7094938828543853,
N1863,5,CS_44,6.574799910583586,4.339343943195547,
N1863,6,CS_3,7.209724674514824,4.745999095078571,
N1863,7,CS_45,8.159701139001333,5.395944762140711,
N1864,1,CS_42,1.957819065059781,1.2869741571267654,
N1864,2,CS_47,3.582743784197395,2.359970698716747,
N1864,3,CS_34,4.608526762556174,3.0438260176226,
N1864,4,CS_46,5.385801323853644,3.56200905848758,
N1864,5,CS_44,6.330576414365385,4.1918591188287415,
N1864,6,CS_3,6.965501178296623,4.598514270711766,
N1864,7,CS_45,7.915477642783133,5.248459937773904,
N1865,1,CS_42,0.39363033984398865,0.2624202265626591,
N1865,2,CS_47,3.85302410657276,2.5219190273872347,
N1865,3,CS_34,4.878807084931539,3.205774346293088,
N1865,4,CS_46,5.656081646229009,3.723957387158068,
N1865,5,CS_44,6.6008567367407505,4.353807447499229,
N1865,6,CS_3,7.2357815006719886,4.760462599382253,
N1865,7,CS_45,8.185757965158498,5.410408266444393,
N1866,1,CS_3,1.225828055233924,0.8172187034892827,
N1866,2,CS_45,4.572066080466842,3.031416029573429,
N1866,3,CS_46,4.756833319448476,3.154594188894519,
N1866,4,CS_70,5.03683836949196,3.33659272696039,
N1866,5,CS_54,5.716054140924788,3.7673879541506943,
N1866,6,CS_52,6.025236239818113,3.9565192461960677,
N1866,7,CS_53,6.108657806252298,4.012133623818857,
N1867,1,CS_3,1.3233908195860253,0.8737768277513704,
N1867,2,CS_45,4.474503316114741,2.9748579053113415,
N1867,3,CS_46,4.6592705550963744,3.0980360646324314,
N1867,4,CS_70,4.939275605139859,3.2800346026983025,
N1867,5,CS_54,5.6184913765726865,3.7108298298886067,
N1867,6,CS_52,5.927673475466013,3.89996112193398,
N1867,7,CS_53,6.011095041900197,3.95557549955677,
N1868,1,CS_73,4.885848951696154,3.151066607160852,
N1868,2,CS_54,4.980136634919603,3.239110181070577,
N1868,3,CS_52,5.289318733812929,3.42824147311595,
N1868,4,CS_53,5.372740300247114,3.4838558507387396,
N1868,5,CS_37,5.814996925667451,3.7404759596142614,
N1868,6,CS_45,6.1433637665681164,4.041281717897618,
N1868,7,CS_74,7.672631490463744,5.060793533828036,
N1869,1,CS_52,1.4877948093198485,0.9653968849113027,
N1869,2,CS_53,1.571216375754033,1.0210112625340924,
N1869,3,CS_54,2.1990014033539627,1.4221035848649957,
N1869,4,CS_45,3.362228535002477,2.224275121692038,
N1869,5,CS_70,5.0478478549380394,3.3433498396859607,
N1869,6,CS_73,6.20717048008086,4.069031184255501,
N1869,7,CS_37,7.136318454052157,4.658440536708911,
N1870,1,CS_54,2.0605036072991294,1.3417418049390069,
N1870,2,CS_52,2.369685706192456,1.5308730969843802,
N1870,3,CS_53,2.4531072726266405,1.5864874746071698,
N1870,4,CS_45,3.223730738947644,2.1439133417660488,
N1870,5,CS_70,4.909350058883207,3.262988059759972,
N1870,6,CS_73,6.068672684026026,3.9886694043295123,
N1870,7,CS_37,6.997820657997323,4.578078756782922,
N1871,1,CS_73,4.54846639406248,2.961829360509922,
N1871,2,CS_54,4.642754077285929,3.0498729344196467,
N1871,3,CS_52,4.951936176179255,3.23900422646502,
N1871,4,CS_53,5.0353577426134395,3.29461860408781,
N1871,5,CS_37,5.477614368033778,3.5512387129633316,
N1871,6,CS_45,5.805981208934444,3.8520444712466886,
N1871,7,CS_74,7.33524893283007,4.871556287177107,
N1872,1,CS_54,1.3061317397545156,0.8707544931696771,
N1872,2,CS_52,2.8680386589833207,1.8416621006493052,
N1872,3,CS_53,2.951460225417505,1.8972764782720948,
N1872,4,CS_45,3.7220836917385087,2.4547023454309738,
N1872,5,CS_70,5.407703011674071,3.573777063424897,
N1872,6,CS_73,6.567025636816892,4.299458407994437,
N1872,7,CS_37,7.496173610788189,4.888867760447847,
N1873,1,CS_73,4.861530832811807,3.1516063129667025,
N1873,2,CS_54,4.955818516035256,3.239649886876428,
N1873,3,CS_52,5.265000614928582,3.428781178921801,
N1873,4,CS_53,5.348422181362767,3.4843955565445905,
N1873,5,CS_37,5.790678806783104,3.741015665420112,
N1873,6,CS_45,6.11904564768377,4.041821423703469,
N1873,7,CS_74,7.648313371579398,5.061333239633887,
N1874,1,CS_73,5.939637646012905,3.8200793144194707,
N1874,2,CS_54,6.033925329236354,3.908122888329195,
N1874,3,CS_52,6.34310742812968,4.097254180374568,
N1874,4,CS_53,6.426528994563864,4.152868557997358,
N1874,5,CS_37,6.868785619984202,4.40948866687288,
N1874,6,CS_45,7.197152460884867,4.710294425156237,
N1874,7,CS_74,8.726420184780494,5.7298062410866555,
N1875,1,CS_42,4.180690044560515,2.736681699565244,
N1875,2,CS_47,4.8107794040655145,3.2035049828965154,
N1875,3,CS_46,5.003912183500916,3.3322601691867844,
N1875,4,CS_34,5.836562382424294,3.8873603018023686,
N1875,5,CS_3,6.583612037943896,4.36876538141097,
N1875,6,CS_45,7.533588502430405,5.018711048473109,
N1875,7,CS_44,7.558612034233507,5.03539340300851,
N1876,1,CS_72,0.3852980055861528,0.2568653370574352,
N1876,2,CS_74,11.969689776091663,7.816903022496323,
N1876,3,CS_75,15.89674746912791,10.39318280469737,
N1876,4,CS_27,15.978097993902843,10.489175167703776,
N1876,5,CS_63,16.03429811257452,10.506566244357472,
N1876,6,CS_65,16.16214364651146,10.570113589619737,
N1876,7,CS_39,16.20097591430427,10.573405108372858,
N1877,1,CS_72,2.0732953702035855,1.3535798413100997,
N1877,2,CS_74,11.374194003097891,7.448522912659433,
N1877,3,CS_75,15.301251696134138,10.02480269486048,
N1877,4,CS_27,15.382602220909071,10.120795057866887,
N1877,5,CS_63,15.438802339580747,10.138186134520582,
N1877,6,CS_65,15.566647873517688,10.201733479782847,
N1877,7,CS_39,15.605480141310496,10.205024998535968,
N1878,1,CS_72,2.498276127329448,1.6099918433135596,
N1878,2,CS_74,11.1802791970401,7.346154878034688,
N1878,3,CS_75,15.107336890076347,9.922434660235735,
N1878,4,CS_27,15.18868741485128,10.018427023242142,
N1878,5,CS_63,15.244887533522956,10.035818099895838,
N1878,6,CS_65,15.372733067459897,10.099365445158103,
N1878,7,CS_39,15.411565335252705,10.102656963911224,
N1879,1,CS_72,2.873642311640828,1.8344642912862574,
N1879,2,CS_74,10.483395535550855,6.907337445276748,
N1879,3,CS_75,14.410453228587105,9.483617227477795,
N1879,4,CS_27,14.491803753362039,9.579609590484202,
N1879,5,CS_63,14.548003872033714,9.597000667137898,
N1879,6,CS_65,14.675849405970656,9.660548012400163,
N1879,7,CS_39,14.714681673763463,9.663839531153284,
N1880,1,CS_72,1.6254421607922762,1.0645708304149588,
N1880,2,CS_74,11.55644513935659,7.5604638747861665,
N1880,3,CS_75,15.483502832392837,10.136743656987212,
N1880,4,CS_27,15.56485335716777,10.232736019993618,
N1880,5,CS_63,15.621053475839446,10.250127096647315,
N1880,6,CS_65,15.748899009776387,10.31367444190958,
N1880,7,CS_39,15.787731277569195,10.316965960662701,
N1881,1,CS_72,3.8295591204974118,2.41367654261963,
N1881,2,CS_74,9.459441203146557,6.282766844911566,
N1881,3,CS_75,13.386498896182808,8.859046627112612,
N1881,4,CS_27,13.46784942095774,8.95503899011902,
N1881,5,CS_63,13.524049539629416,8.972430066772715,
N1881,6,CS_65,13.651895073566358,9.03597741203498,
N1881,7,CS_39,13.690727341359166,9.0392689307881,
N1882,1,CS_72,4.83767715373501,3.116779108274207,
N1882,2,CS_74,8.719874111642374,5.858900590162492,
N1882,3,CS_75,12.646931804678623,8.43518037236354,
N1882,4,CS_27,12.728282329453556,8.531172735369946,
N1882,5,CS_63,12.784482448125232,8.548563812023643,
N1882,6,CS_65,12.912327982062173,8.612111157285907,
N1882,7,CS_39,12.951160249854981,8.615402676039029,
N1883,1,CS_72,5.600100291628289,3.681179504687828,
N1883,2,CS_74,8.868543520275812,6.023031818684295,
N1883,3,CS_75,12.795601213312061,8.599311600885342,
N1883,4,CS_27,12.876951738086994,8.695303963891748,
N1883,5,CS_63,12.93315185675867,8.712695040545444,
N1883,6,CS_65,13.060997390695611,8.77624238580771,
N1883,7,CS_39,13.099829658488419,8.77953390456083,
N1884,1,CS_72,5.929635545689742,4.044974290798173,
N1884,2,CS_74,9.198078774337265,6.386826604794639,
N1884,3,CS_75,13.125136467373514,8.963106386995685,
N1884,4,CS_27,13.206486992148447,9.059098750002091,
N1884,5,CS_63,13.26268711082012,9.076489826655788,
N1884,6,CS_65,13.390532644757064,9.140037171918053,
N1884,7,CS_39,13.429364912549872,9.143328690671174,
N1885,1,CS_72,6.2244144592423964,4.373307819287307,
N1885,2,CS_74,9.49285768788992,6.715160133283773,
N1885,3,CS_75,13.419915380926168,9.291439915484819,
N1885,4,CS_27,13.501265905701102,9.387432278491227,
N1885,5,CS_63,13.557466024372776,9.404823355144922,
N1885,6,CS_65,13.685311558309719,9.468370700407187,
N1885,7,CS_39,13.724143826102527,9.471662219160308,
N1886,1,CS_64,2.8705233854822887,1.9101467560941152,
N1886,2,CS_27,3.26350352007702,2.1721335124906034,
N1886,3,CS_66,3.3826587912029744,2.2515703599079058,
N1886,4,CS_29,5.317125021053149,3.5412145131413557,
N1886,5,CS_75,5.651543657331267,3.7224015908369825,
N1886,6,CS_63,5.789094300777875,3.835785030497085,
N1886,7,CS_65,5.916939834714817,3.8993323757593497,
N1887,1,CS_64,3.7247680264047105,2.4738992405738047,
N1887,2,CS_27,4.117748160999443,2.7358859969702927,
N1887,3,CS_66,4.236903432125396,2.815322844387595,
N1887,4,CS_29,6.171369661975572,4.1049669976210446,
N1887,5,CS_75,6.505788298253689,4.286154075316673,
N1887,6,CS_63,6.643338941700297,4.399537514976774,
N1887,7,CS_65,6.77118447563724,4.463084860239039,
N1888,1,CS_64,2.8685386091734686,1.882902819543766,
N1888,2,CS_27,3.2615187437682,2.144889575940254,
N1888,3,CS_66,3.3806740148941543,2.2243264233575566,
N1888,4,CS_29,5.315140244744329,3.513970576591007,
N1888,5,CS_75,5.649558881022447,3.6951576542866333,
N1888,6,CS_63,5.787109524469055,3.8085410939467357,
N1888,7,CS_65,5.914955058405997,3.8720884392090005,
N1889,1,CS_29,5.681962657771733,3.782734188950442,
N1889,2,CS_64,5.833112292907025,3.8835006123739695,
N1889,3,CS_66,5.980476288656099,3.9817432762066867,
N1889,4,CS_35,6.762982357279828,4.503413988622506,
N1889,5,CS_27,7.113038009595315,4.736784423499496,
N1889,6,CS_49,7.2188846553065025,4.807348853973623,
N1889,7,CS_1,7.532823589950489,4.9982315337782754,
N1890,1,CS_136,3.751297016857647,2.42885186212776,
N1890,2,CS_67,3.7526135511776384,2.4297295516744213,
N1890,3,CS_40,4.343692002079106,2.8191927573484197,
N1890,4,CS_64,5.059083843592136,3.3593935485936153,
N1890,5,CS_57,5.176641576672334,3.4377653706470803,
N1890,6,CS_29,5.223737627295833,3.469162737729413,
N1890,7,CS_56,5.258893683294148,3.492600108394956,
N1891,1,CS_136,5.067950097801537,3.296492384585677,
N1891,2,CS_67,5.069266632121529,3.297370074132338,
N1891,3,CS_40,5.660345083022996,3.6868332798063355,
N1891,4,CS_64,6.3757369245360245,4.2270340710515315,
N1891,5,CS_57,6.493294657616223,4.305405893104996,
N1891,6,CS_29,6.540390708239723,4.336803260187328,
N1891,7,CS_56,6.575546764238037,4.360240630852872,
N1892,1,CS_68,2.353472412212695,1.5391828506901526,
N1892,2,CS_36,3.1826566245655226,2.0559698577353083,
N1892,3,CS_49,3.801608443044509,2.508490510833031,
N1892,4,,4.248696899116062,2.795136287583648,
N1892,5,CS_22,4.292813036354485,2.8245470457425967,
N1892,6,CS_38,5.725011652759746,3.790759317309856,
N1892,7,CS_8,6.589723120020044,4.314417697422545,
N1893,1,CS_1,2.7038684528794446,1.7651081025125097,
N1893,2,CS_49,3.3298532934830405,2.164021386290236,
N1893,3,CS_66,3.9154027738099795,2.5543877065081952,
N1893,4,CS_27,4.441174420624769,2.9049021377180555,
N1893,5,CS_64,4.447744358498389,2.9092820963004686,
N1893,6,CS_29,4.925906744826724,3.228057020519358,
N1893,7,CS_35,6.00692644433482,3.948736820191422,
N1894,1,CS_66,3.1781949037752892,2.1130529482984275,
N1894,2,CS_27,3.7039665505900783,2.463567379508287,
N1894,3,CS_64,3.710536488463699,2.4679473380907004,
N1894,4,CS_49,3.7413479126813636,2.488488287569144,
N1894,5,CS_1,3.9194271515077173,2.5887978368287095,
N1894,6,CS_75,5.66587090604736,3.729744936656689,
N1894,7,CS_29,5.718036747754242,3.8062808442843967,
N1895,1,CS_136,2.752348929037849,1.7865670464558696,
N1895,2,CS_67,2.7536654633578403,1.7874447360025307,
N1895,3,CS_40,3.6763797189785725,2.3691605820934942,
N1895,4,CS_64,7.116559363665207,4.684387669374547,
N1895,5,CS_57,7.234117096745406,4.76275949142801,
N1895,6,CS_29,7.281213147368906,4.794156858510343,
N1895,7,CS_56,7.31636920336722,4.817594229175887,
N1896,1,CS_136,2.620238943110617,1.7099815473676188,
N1896,2,CS_67,2.6215554774306082,1.7108592369142799,
N1896,3,CS_40,3.54426973305134,2.292575083005244,
N1896,4,CS_64,6.984449377737974,4.607802170286296,
N1896,5,CS_57,7.102007110818173,4.68617399233976,
N1896,6,CS_29,7.149103161441673,4.7175713594220925,
N1896,7,CS_56,7.184259217439987,4.7410087300876365,
N1897,1,CS_64,3.0331213646483057,2.0044064541613715,
N1897,2,CS_27,3.4261014992430376,2.2663932105578595,
N1897,3,CS_66,3.5452567703689915,2.345830057975162,
N1897,4,CS_29,5.479723000219167,3.6354742112086122,
N1897,5,CS_75,5.814141636497284,3.8166612889042386,
N1897,6,CS_63,5.9516922799438925,3.930044728564341,
N1897,7,CS_65,6.079537813880835,3.9935920738266057,
N1898,1,CS_1,2.7746151993620862,1.8416221254083123,
N1898,2,CS_49,3.400600039965682,2.2405354091860388,
N1898,3,CS_66,3.986149520292621,2.630901729403998,
N1898,4,CS_27,4.511921167107411,2.981416160613858,
N1898,5,CS_64,4.518491104981031,2.9857961191962707,
N1898,6,CS_29,4.996653491309365,3.304571043415161,
N1898,7,CS_35,6.07767319081746,4.025250843087225,
N1899,1,CS_49,1.9449778928932089,1.2920865242236343,
N1899,2,CS_36,4.765624416614055,3.1326314325924667,
N1899,3,CS_1,4.877285760056717,3.2285484923746357,
N1899,4,CS_66,4.980648324544124,3.315866811990911,
N1899,5,CS_27,5.506419971358915,3.6663812432007714,
N1899,6,CS_64,5.512989909232534,3.670761201783184,
N1899,7,,5.831664691164595,3.8717978624408063,
N1900,1,CS_136,0.3763685947700834,0.2509123965133889,
N1900,2,CS_67,0.3776851290900748,0.2517900860600499,
N1900,3,CS_40,4.100204247314496,2.626353677807889,
N1900,4,CS_64,7.540383892001131,4.941580765088941,
N1900,5,CS_57,7.65794162508133,5.019952587142405,
N1900,6,CS_29,7.705037675704828,5.0513499542247375,
N1900,7,CS_56,7.740193731703144,5.0747873248902815,
N1901,1,CS_136,1.2971280851319553,0.847838386101952,
N1901,2,CS_67,1.2984446194519466,0.848716075648613,
N1901,3,CS_40,3.1794447569526243,2.029427688219326,
N1901,4,CS_64,6.619624401639259,4.344654775500378,
N1901,5,CS_57,6.737182134719458,4.423026597553842,
N1901,6,CS_29,6.784278185342956,4.454423964636175,
N1901,7,CS_56,6.819434241341272,4.477861335301719,
N1902,1,CS_40,1.2532874371356382,0.80020761323246,
N1902,2,CS_136,3.223285404948941,2.077058461088818,
N1902,3,CS_67,3.2246019392689322,2.077936150635479,
N1902,4,CS_64,7.255860034857033,4.782626443590529,
N1902,5,CS_57,7.373417767937232,4.8609982656439925,
N1902,6,CS_29,7.420513818560732,4.892395632726325,
N1902,7,CS_56,7.455669874559046,4.915833003391869,
N1903,1,CS_49,2.4167768731155412,1.5813794562026968,
N1903,2,CS_1,4.027264988297381,2.6366282563659196,
N1903,3,CS_66,4.815370613527162,3.1804419498104437,
N1903,4,CS_29,5.309379504997079,3.5097812107903876,
N1903,5,CS_27,5.341142260341953,3.530956381020304,
N1903,6,CS_64,5.3477121982155715,3.535336339602717,
N1903,7,CS_36,6.124735156358526,4.0134655375862875,
N1904,1,CS_49,1.0786740129273797,0.7043113197725137,
N1904,2,CS_1,2.6891621281092193,1.7595601199357362,
N1904,3,CS_66,3.477267753339001,2.303373813380261,
N1904,4,CS_29,3.971276644808916,2.6327130743602045,
N1904,5,CS_27,4.00303940015379,2.653888244590121,
N1904,6,CS_64,4.009609338027411,2.658268203172534,
N1904,7,CS_36,4.786632296170364,3.1363974011561044,
N1905,1,CS_64,3.0819497568380516,2.0523502747593105,
N1905,2,CS_57,3.199507489918249,2.1307220968127756,
N1905,3,CS_29,3.246603540541748,2.1621194638951082,
N1905,4,CS_56,3.281759596540063,2.1855568345606513,
N1905,5,CS_66,3.5451171714261154,2.361128551151353,
N1905,6,CS_27,3.7694904935309084,2.510710765887882,
N1905,7,CS_35,4.327623240049844,2.8827992635671724,
N1906,1,CS_21,2.0710533591593476,1.3291852175634564,
N1906,2,CS_38,3.078439049956125,2.0458405901363808,
N1906,3,,4.602688993661813,3.0505940253097545,
N1906,4,CS_22,4.646805130900236,3.0800047834687034,
N1906,5,CS_51,5.25056256158973,3.4403781098167237,
N1906,6,CS_48,5.712557893156437,3.735340779702126,
N1906,7,CS_36,6.626885079548909,4.371585169086505,
N1907,1,CS_40,0.10584273915836034,0.07056182610557356,
N1907,2,CS_136,4.370730102926219,2.8067042482157043,
N1907,3,CS_67,4.372046637246211,2.8075819377623654,
N1907,4,CS_64,8.403304732834311,5.512272230717417,
N1907,5,CS_57,8.52086246591451,5.590644052770879,
N1907,6,CS_29,8.56795851653801,5.622041419853213,
N1907,7,CS_56,8.603114572536322,5.645478790518756,
N1908,1,CS_1,3.036011110905563,2.017553990336982,
N1908,2,CS_49,3.6619959515091587,2.416467274114709,
N1908,3,CS_66,4.247545431836098,2.8068335943326677,
N1908,4,CS_27,4.773317078650888,3.157348025542528,
N1908,5,CS_64,4.7798870165245075,3.161727984124941,
N1908,6,CS_29,5.258049402852842,3.4805029083438312,
N1908,7,CS_35,6.339069102360938,4.201182708015895,
N1909,1,CS_21,1.709255706739254,1.119991374228742,
N1909,2,CS_38,3.4527470046123616,2.263374634961858,
N1909,3,,4.97699694831805,3.2681280701352313,
N1909,4,CS_22,5.021113085556473,3.29753882829418,
N1909,5,CS_51,5.6248705162459665,3.657912154642201,
N1909,6,CS_48,6.086865847812674,3.952874824527603,
N1909,7,CS_36,7.001193034205146,4.5891192139119825,
N1910,1,CS_21,0.8483592996427944,0.5655728664285296,
N1910,2,CS_38,3.588449650847764,2.334330635521365,
N1910,3,,5.112699594553452,3.3390840706947382,
N1910,4,CS_22,5.156815731791875,3.368494828853687,
N1910,5,CS_51,5.76057316248137,3.728868155201708,
N1910,6,CS_48,6.222568494048076,4.02383082508711,
N1910,7,CS_36,7.136895680440548,4.660075214471489,
N1911,1,CS_38,4.6871299539566245,3.037401156314578,
N1911,2,,6.2113798976623125,4.042154591487952,
N1911,3,CS_22,6.255496034900736,4.0715653496469,
N1911,4,CS_21,7.285794183403612,4.7118748442354255,
N1911,5,CS_36,8.235575983549408,5.363145735264703,
N1911,6,CS_8,9.041205453147159,5.887302224380759,
N1911,7,CS_51,10.316904859643502,6.737039605363769,
N1912,1,CS_38,2.137114154444518,1.3590404123291109,
N1912,2,,3.6613640981502065,2.3637938475024844,
N1912,3,CS_22,3.705480235388629,2.3932046056614333,
N1912,4,CS_21,4.735778383891506,3.0335141002499584,
N1912,5,CS_36,5.6855601840373025,3.6847849912792348,
N1912,6,CS_8,6.491189653635053,4.208941480395291,
N1912,7,CS_51,7.766889060131394,5.058678861378302,
N1913,1,CS_38,4.539755454710305,2.949755732107712,
N1913,2,,6.064005398415993,3.9545091672810853,
N1913,3,CS_22,6.1081215356544165,3.983919925440034,
N1913,4,CS_21,7.1384196841572924,4.624229420028559,
N1913,5,CS_36,8.08820148430309,5.275500311057836,
N1913,6,CS_8,8.893830953900839,5.799656800173893,
N1913,7,CS_51,10.16953036039718,6.649394181156902,
N1914,1,CS_38,1.4820594130523315,0.9684976680186953,
N1914,2,,3.00630935675802,1.973251103192069,
N1914,3,CS_22,3.0504254939964426,2.0026618613510174,
N1914,4,CS_21,4.080723642499319,2.642971355939543,
N1914,5,CS_36,5.030505442645116,3.2942422469688193,
N1914,6,CS_8,5.8361349122428665,3.8183987360848755,
N1914,7,CS_51,7.1118343187392075,4.668136117067886,
N1915,1,CS_38,1.8613578414283003,1.1991816801457962,
N1915,2,,3.3856077851339887,2.2039351153191697,
N1915,3,CS_22,3.4297239223724114,2.2333458734781186,
N1915,4,CS_21,4.460022070875288,2.8736553680666437,
N1915,5,CS_36,5.409803871021085,3.52492625909592,
N1915,6,CS_8,6.2154333406188345,4.049082748211977,
N1915,7,CS_51,7.491132747115177,4.898820129194987,
N1916,1,CS_38,1.5271693530868906,1.0089825410268614,
N1916,2,,3.051419296792579,2.013735976200235,
N1916,3,CS_22,3.095535434031002,2.0431467343591834,
N1916,4,CS_21,4.125833582533879,2.683456228947709,
N1916,5,CS_36,5.075615382679675,3.3347271199769852,
N1916,6,CS_8,5.881244852277425,3.858883609093042,
N1916,7,CS_51,7.156944258773768,4.708620990076052,
N1917,1,CS_38,1.5929813142563374,1.0380706496512482,
N1917,2,,3.117231257962026,2.042824084824622,
N1917,3,CS_22,3.1613473952004485,2.0722348429835704,
N1917,4,CS_21,4.191645543703325,2.712544337572096,
N1917,5,CS_36,5.141427343849122,3.3638152286013723,
N1917,6,CS_8,5.9470568134468715,3.8879717177174284,
N1917,7,CS_51,7.222756219943214,4.737709098700439,
N1918,1,,1.18184932666382,0.7878995511092132,
N1918,2,CS_22,1.2259654639022428,0.8173103092681618,
N1918,3,CS_38,2.9206675414737937,1.9356985003521108,
N1918,4,CS_36,3.4685488737172054,2.2610666144026537,
N1918,5,CS_8,4.274178343314955,2.7852231035187103,
N1918,6,CS_21,5.519331770920782,3.6101721882729585,
N1918,7,CS_49,6.247105457143018,4.153323777464927,
N1919,1,CS_21,2.04529045103789,1.3234226185832532,
N1919,2,CS_38,3.31516762315234,2.19224696583309,
N1919,3,,4.839417566858029,3.197000401006463,
N1919,4,CS_22,4.883533704096452,3.226411159165412,
N1919,5,CS_51,5.487291134785945,3.5867844855134328,
N1919,6,CS_48,5.949286466352652,3.881747155398835,
N1919,7,CS_36,6.8636136527451255,4.5179915447832135,
N1920,1,CS_8,1.600920516422564,1.0292760789919821,
N1920,2,,1.6951713579639787,1.1038893785744532,
N1920,3,CS_22,1.7392874952024016,1.1333001367334017,
N1920,4,CS_38,3.171486111607663,2.099512408300661,
N1920,5,CS_36,3.2305681092702105,2.0990142992972944,
N1920,6,CS_21,5.77015034105465,3.773986096221509,
N1920,7,CS_49,6.009124692696023,3.9912714623595678,
N1921,1,CS_8,1.2209551914518026,0.8090063253857437,
N1921,2,,2.07513668293474,1.3241591321806916,
N1921,3,CS_22,2.1192528201731626,1.35356989033964,
N1921,4,CS_38,3.551451436578424,2.3197821619068995,
N1921,5,CS_36,3.6105334342409723,2.319284052903533,
N1921,6,CS_21,6.150115666025411,3.994255849827747,
N1921,7,CS_49,6.389090017666785,4.2115412159658066,
N1922,1,CS_8,1.3561122853933119,0.9040748569288746,
N1922,2,,4.419080418491863,2.8818244869699816,
N1922,3,CS_22,4.463196555730286,2.9112352451289305,
N1922,4,CS_38,5.895395172135546,3.87744751669619,
N1922,5,CS_36,5.954477169798095,3.876949407692823,
N1922,6,CS_21,8.494059401582534,5.551921204617037,
N1922,7,CS_49,8.733033753223907,5.769206570755096,
N1923,1,CS_64,1.6315782873488591,1.0785874831922517,
N1923,2,CS_27,2.3191190240417163,1.5369479743208234,
N1923,3,CS_66,2.43827429516767,1.6163848217381258,
N1923,4,CS_29,2.801812304300865,1.858743494493589,
N1923,5,CS_35,3.882832003808961,2.5794232941656534,
N1923,6,CS_49,4.338734301835634,2.883358159516769,
N1923,7,CS_1,4.652673236479621,3.0742408393214222,
N1924,1,CS_36,2.3665788504323784,1.5157865912030957,
N1924,2,,3.432619124982918,2.2549530210514352,
N1924,3,CS_22,3.476735262221341,2.284363779210384,
N1924,4,CS_38,4.908933878626602,3.250576050777643,
N1924,5,CS_49,5.145135433858192,3.408043754265369,
N1924,6,CS_8,5.773645345886901,3.7742344308903326,
N1924,7,CS_68,6.478285756972343,4.241096761026518,
N1925,1,CS_68,0.36665488343028996,0.24443658895352666,
N1925,2,CS_36,5.169474153347928,3.3507161194719335,
N1925,3,CS_49,5.788425971826914,3.8032367725696563,
N1925,4,,6.235514427898468,4.089882549320273,
N1925,5,CS_22,6.279630565136891,4.1192933074792215,
N1925,6,CS_38,7.711829181542152,5.0855055790464805,
N1925,7,CS_8,8.57654064880245,5.609163959159171,
N1926,1,CS_36,1.1761758071484234,0.7841172047656155,
N1926,2,,3.159596552935454,2.0550984005481525,
N1926,3,CS_22,3.2037126901738766,2.084509158707101,
N1926,4,CS_38,4.635911306579138,3.0507214302743604,
N1926,5,CS_49,4.872112861810727,3.2081891337620863,
N1926,6,CS_8,5.500622773839436,3.5743798103870508,
N1926,7,CS_68,6.2052631849248785,4.041242140523235,
N1927,1,CS_36,3.3229248779599816,2.1544758299811764,
N1927,2,CS_49,3.941876696438968,2.606996483078899,
N1927,3,,4.388965152510521,2.893642259829516,
N1927,4,CS_22,4.433081289748944,2.923053017988465,
N1927,5,CS_68,5.0038482524778045,3.2828444074775462,
N1927,6,CS_38,5.865279906154205,3.8892652895557243,
N1927,7,CS_8,6.729991373414504,4.412923669668413,
N1928,1,CS_49,2.4652306109811466,1.641928549573769,
N1928,2,CS_66,4.709999429298476,3.1384410951186545,
N1928,3,CS_27,5.235771076113266,3.488955526328515,
N1928,4,CS_64,5.242341013986885,3.493335484910928,
N1928,5,CS_1,5.3975384781446545,3.57839051772477,
N1928,6,CS_36,5.869081217210954,3.8712761796152417,
N1928,7,CS_29,6.679652994844352,4.451543472149238,
N1929,1,CS_39,0.17293137155168395,0.11528758103445597,
N1929,2,CS_75,0.38842610120994636,0.23635407436454592,
N1929,3,CS_65,0.6538222785934968,0.41328485928691294,
N1929,4,CS_63,2.529510894807342,1.6420609260671137,
N1929,5,CS_27,2.9350511660663665,1.8923454377790414,
N1929,6,CS_66,4.360692071953942,2.8427727083707586,
N1929,7,CS_64,4.459917793816687,2.9089231896125884,
N1930,1,CS_75,0.1285645137926355,0.085709675861757,
N1930,2,CS_65,0.39396069117618604,0.262640460784124,
N1930,3,CS_39,0.43279295896899483,0.2659319795372449,
N1930,4,CS_63,2.2696493073900315,1.4914165275643247,
N1930,5,CS_27,2.6751895786490554,1.7417010392762526,
N1930,6,CS_66,4.100830484536631,2.6921283098679694,
N1930,7,CS_64,4.200056206399376,2.7582787911097997,
N1931,1,CS_63,0.29054975503252134,0.19369983668834756,
N1931,2,CS_75,2.1076640661501456,1.3834263667377342,
N1931,3,CS_65,2.373060243533696,1.5603571516601011,
N1931,4,CS_39,2.4118925113265046,1.5636486704132222,
N1931,5,CS_27,2.6507549808557784,1.7470943181097642,
N1931,6,CS_66,4.076395886743354,2.697521588701481,
N1931,7,CS_64,4.175621608606099,2.7636720699433113,
N1932,1,CS_29,0.9219369486096693,0.5962143469375163,
N1932,2,CS_35,2.0029566481177654,1.3168941466095805,
N1932,3,CS_64,4.269686616013268,2.828047458539915,
N1932,4,CS_57,4.331696830373008,2.869387601446409,
N1932,5,CS_56,4.413948936994822,2.9242223391942845,
N1932,6,CS_66,4.417050611762343,2.926290122372632,
N1932,7,CS_49,5.397300432113841,3.579790002606964,
N1933,1,CS_136,1.942088928431561,1.2434625895503095,
N1933,2,CS_67,1.9434054627515525,1.2443402790969704,
N1933,3,CS_40,2.5344839136530184,1.6338034847709686,
N1933,4,CS_64,5.974663558339653,3.94903057205202,
N1933,5,CS_57,6.092221291419851,4.0274023941054855,
N1933,6,CS_29,6.13931734204335,4.058799761187817,
N1933,7,CS_56,6.174473398041665,4.082237131853361,
N1934,1,CS_136,4.094680126299082,2.6692618864918827,
N1934,2,CS_67,4.095996660619074,2.670139576038544,
N1934,3,CS_40,4.6870751115205405,3.059602781712542,
N1934,4,CS_64,5.6666898353063875,3.7529762583332844,
N1934,5,CS_57,5.784247568386586,3.83134808038675,
N1934,6,CS_29,5.831343619010086,3.862745447469082,
N1934,7,CS_56,5.8664996750084,3.8861828181346256,
N1935,1,CS_68,2.515906884103086,1.6333477619309589,
N1935,2,CS_36,3.0202221526751316,1.961804946494502,
N1935,3,CS_49,3.639173971154118,2.414325599592224,
N1935,4,,4.086262427225671,2.7009713763428413,
N1935,5,CS_22,4.130378564464094,2.7303821345017902,
N1935,6,CS_38,5.562577180869354,3.6965944060690497,
N1935,7,CS_8,6.427288648129653,4.220252786181739,
N1936,1,CS_24,5.071916424141942,3.340286622909267,
N1936,2,CS_32,6.004952166570432,3.962310451194928,
N1936,3,CS_69,6.307229805235672,4.163828876971755,
N1936,4,CS_99,7.664568937457763,5.068721631786482,
N1936,5,CS_102,8.247382220574936,5.424671211971497,
N1936,6,CS_105,10.432838201814803,6.854336091661265,
N1936,7,CS_33,10.498776470129103,6.874129092895596,
N1937,1,CS_24,2.821564553969252,1.8332346206456291,
N1937,2,CS_32,7.232332018018779,4.7737462633453145,
N1937,3,CS_69,7.534609656684018,4.975264689122142,
N1937,4,CS_99,8.89194878890611,5.880157443936868,
N1937,5,CS_102,9.474762072023283,6.236107024121885,
N1937,6,CS_6,10.082125904752763,6.613271155625351,
N1937,7,CS_12,11.049486757580606,7.258189051998051,
N1938,1,CS_12,4.37247326184074,2.8461715803553997,
N1938,2,CS_6,5.05982194882883,3.3043933771933247,
N1938,3,CS_30,6.083057366147809,4.046888020948596,
N1938,4,CS_24,6.1811456943232965,4.112280239732254,
N1938,5,CS_28,8.939198755057616,5.932576678733873,
N1938,6,CS_44,9.554188799012302,6.360975642858257,
N1938,7,CS_32,9.640968929209357,6.418829062989627,
N1939,1,CS_3,4.828111057252226,3.176962229071543,
N1939,2,CS_46,5.073486319533855,3.3571737613304284,
N1939,3,CS_45,5.62764397938748,3.726612201232845,
N1939,4,CS_70,5.792695229345145,3.831974872574837,
N1939,5,CS_54,6.471911000777972,4.262770099765142,
N1939,6,CS_42,6.7202367853674305,4.40824369489154,
N1939,7,CS_52,6.781093099671297,4.451901391810514,
N1940,1,CS_73,5.012740732067991,3.288287329990184,
N1940,2,CS_74,5.521436780992211,3.6792899300951216,
N1940,3,CS_37,5.941888706039288,3.8776966824435934,
N1940,4,CS_54,6.028581837496116,3.9906998520363595,
N1940,5,CS_45,6.325979491980142,4.215651737420409,
N1940,6,CS_52,6.337763936389442,4.179831144081732,
N1940,7,CS_53,6.421185502823627,4.235445521704523,
N1941,1,CS_55,5.031351723954464,3.3511269194864988,
N1941,2,CS_15,5.4845042539203455,3.6532286061304196,
N1941,3,CS_57,5.758310347214259,3.835766001659695,
N1941,4,CS_56,5.840562453836073,3.890600739407571,
N1941,5,CS_43,6.141674176228641,4.091341887669283,
N1941,6,CS_157,6.234110120411108,4.152965850457593,
N1941,7,CS_41,7.003156011380454,4.6153539472549845,
N1942,1,CS_24,4.493245573693378,2.9779290367634643,
N1942,2,CS_6,8.162665703892545,5.363871424686955,
N1942,3,CS_32,8.83393485825524,5.871721893138038,
N1942,4,CS_12,9.130026556720388,6.008789321059656,
N1942,5,CS_69,9.13621249692048,6.073240318914866,
N1942,6,CS_99,10.493551629142571,6.978133073729593,
N1942,7,CS_30,10.84061066102746,7.209505761652852,
N1943,1,CS_12,4.837133067733988,3.1207247125345536,
N1943,2,CS_6,5.524481754722078,3.5789465093724786,
N1943,3,CS_30,6.547717172041057,4.32144115312775,
N1943,4,CS_24,6.645805500216545,4.386833371911408,
N1943,5,CS_28,9.403858560950862,6.207129810913027,
N1943,6,CS_44,10.01884860490555,6.635528775037411,
N1943,7,CS_32,10.105628735102606,6.693382195168781,
N1944,1,CS_12,3.3642957400191764,2.1678127520650956,
N1944,2,CS_30,3.4726087994046333,2.300348496043883,
N1944,3,CS_28,6.32875018831444,4.18603715382916,
N1944,4,CS_44,6.943740232269127,4.614436117953545,
N1944,5,CS_6,7.700354813091834,5.0585081396260625,
N1944,6,CS_24,8.821678558586298,5.866395002164994,
N1944,7,CS_34,10.09797586452725,6.717259872792293,
N1945,1,CS_25,1.6689147708179664,1.1126098472119776,
N1945,2,CS_26,2.873157161854358,1.8568772043189674,
N1945,3,CS_19,8.314475706692365,5.426949231916501,
N1945,4,CS_2,9.133250481816118,5.972799081999002,
N1945,5,CS_14,10.099183517407885,6.616754439060179,
N1945,6,CS_16,10.779288748043218,7.070157926150402,
N1945,7,CS_13,11.225905814931808,7.32841989882839,
N1946,1,CS_26,2.0266503752317764,1.3351284175809561,
N1946,2,CS_25,3.895346837233406,2.5543088204785613,
N1946,3,CS_19,7.467968920069783,4.9052004451784885,
N1946,4,CS_2,8.286743695193536,5.45105029526099,
N1946,5,CS_14,9.252676730785305,6.095005652322168,
N1946,6,CS_16,9.932781961420636,6.5484091394123904,
N1946,7,CS_13,10.379399028309226,6.8066711120903785,
N1947,1,CS_4,2.0932076737685708,1.337526885266461,
N1947,2,CS_58,2.4710217680121835,1.5803427439088846,
N1947,3,CS_16,7.193661200681578,4.704939553452821,
N1947,4,CS_13,7.640278267570167,4.963201526130809,
N1947,5,CS_19,12.237745384270058,8.067662342511808,
N1947,6,CS_24,13.794009172562346,9.105171534706665,
N1947,7,CS_71,15.749645184085278,10.296967063477494,
N1949,1,CS_4,5.127124726124696,3.291735485496532,
N1949,2,CS_58,6.827234832030671,4.377168894412432,
N1949,3,CS_16,11.549874264700064,7.501765703956369,
N1949,4,CS_13,11.996491331588654,7.760027676634357,
N1949,5,CS_19,16.593958448288543,10.864488493015356,
N1949,6,CS_24,18.150222236580834,11.901997685210214,
N1949,7,CS_71,20.10585824810376,13.09379321398104,
N1950,1,CS_55,4.760745411769398,3.1503866365366266,
N1950,2,CS_15,5.213897941735279,3.4524883231805474,
N1950,3,CS_57,5.487704035029193,3.635025718709823,
N1950,4,CS_56,5.569956141651007,3.6898604564576987,
N1950,5,CS_43,5.8710678640435745,3.8906016047194103,
N1950,6,CS_157,5.963503808226042,3.9522255675077216,
N1950,7,CS_41,6.7325496991953875,4.414613664305113,
N1951,1,CS_55,3.907259225177455,2.601303560645107,
N1951,2,CS_15,4.360411755143337,2.9034052472890277,
N1951,3,CS_57,4.634217848437251,3.085942642818303,
N1951,4,CS_56,4.716469955059065,3.140777380566179,
N1951,5,CS_43,5.0175816774516315,3.341518528827891,
N1951,6,CS_157,5.110017621634098,3.403142491616202,
N1951,7,CS_41,5.879063512603445,3.865530588413593,
